[{"Date":"2024-02-14","Adjusted_Close":"184.1500","Volume":"152941980"},{"Date":"2024-02-09","Adjusted_Close":"188.8500","Volume":"252715796"},{"Date":"2024-02-02","Adjusted_Close":"185.6141","Volume":"325909883"},{"Date":"2024-01-26","Adjusted_Close":"192.1758","Volume":"255368848"},{"Date":"2024-01-19","Adjusted_Close":"191.3169","Volume":"259829213"},{"Date":"2024-01-12","Adjusted_Close":"185.6840","Volume":"238385377"},{"Date":"2024-01-05","Adjusted_Close":"180.9500","Volume":"275083628"},{"Date":"2023-12-29","Adjusted_Close":"192.2856","Volume":"153541162"},{"Date":"2023-12-22","Adjusted_Close":"193.3543","Volume":"231859933"},{"Date":"2023-12-15","Adjusted_Close":"197.3192","Volume":"379414755"},{"Date":"2023-12-08","Adjusted_Close":"195.4616","Volume":"251797045"},{"Date":"2023-12-01","Adjusted_Close":"190.9973","Volume":"216481441"},{"Date":"2023-11-24","Adjusted_Close":"189.7289","Volume":"148351454"},{"Date":"2023-11-17","Adjusted_Close":"189.4492","Volume":"262880715"},{"Date":"2023-11-10","Adjusted_Close":"186.1634","Volume":"303653020"},{"Date":"2023-11-03","Adjusted_Close":"176.1989","Volume":"310075876"},{"Date":"2023-10-27","Adjusted_Close":"167.7904","Volume":"286078102"},{"Date":"2023-10-20","Adjusted_Close":"172.4386","Volume":"288377600"},{"Date":"2023-10-13","Adjusted_Close":"178.3933","Volume":"241839090"},{"Date":"2023-10-06","Adjusted_Close":"177.0368","Volume":"260574027"},{"Date":"2023-09-29","Adjusted_Close":"170.7728","Volume":"285838995"},{"Date":"2023-09-22","Adjusted_Close":"174.3437","Volume":"297395196"},{"Date":"2023-09-15","Adjusted_Close":"174.5631","Volume":"403746390"},{"Date":"2023-09-08","Adjusted_Close":"177.7250","Volume":"305126712"},{"Date":"2023-09-01","Adjusted_Close":"188.9762","Volume":"264199503"},{"Date":"2023-08-25","Adjusted_Close":"178.1539","Volume":"247514268"},{"Date":"2023-08-18","Adjusted_Close":"174.0444","Volume":"261498109"},{"Date":"2023-08-11","Adjusted_Close":"177.3360","Volume":"332501087"},{"Date":"2023-08-04","Adjusted_Close":"181.2806","Volume":"302694989"},{"Date":"2023-07-28","Adjusted_Close":"195.0666","Volume":"226011789"},{"Date":"2023-07-21","Adjusted_Close":"191.1918","Volume":"310914135"},{"Date":"2023-07-14","Adjusted_Close":"189.9467","Volume":"250269110"},{"Date":"2023-07-07","Adjusted_Close":"189.9367","Volume":"170349466"},{"Date":"2023-06-30","Adjusted_Close":"193.2139","Volume":"281596832"},{"Date":"2023-06-23","Adjusted_Close":"185.9523","Volume":"203677112"},{"Date":"2023-06-16","Adjusted_Close":"184.1992","Volume":"333836397"},{"Date":"2023-06-09","Adjusted_Close":"180.2546","Volume":"347854340"},{"Date":"2023-06-02","Adjusted_Close":"180.2446","Volume":"286176391"},{"Date":"2023-05-26","Adjusted_Close":"174.7461","Volume":"250354916"},{"Date":"2023-05-19","Adjusted_Close":"174.4772","Volume":"258634688"},{"Date":"2023-05-12","Adjusted_Close":"171.8973","Volume":"250061982"},{"Date":"2023-05-05","Adjusted_Close":"172.6533","Volume":"360723248"},{"Date":"2023-04-28","Adjusted_Close":"168.7838","Volume":"254947569"},{"Date":"2023-04-21","Adjusted_Close":"164.1484","Volume":"249150510"},{"Date":"2023-04-14","Adjusted_Close":"164.3374","Volume":"263326290"},{"Date":"2023-04-06","Adjusted_Close":"163.7903","Volume":"200156349"},{"Date":"2023-03-31","Adjusted_Close":"164.0291","Volume":"267939590"},{"Date":"2023-03-24","Adjusted_Close":"159.4036","Volume":"350159914"},{"Date":"2023-03-17","Adjusted_Close":"154.1814","Volume":"410519933"},{"Date":"2023-03-10","Adjusted_Close":"147.7157","Volume":"313350829"},{"Date":"2023-03-03","Adjusted_Close":"150.2323","Volume":"274036517"},{"Date":"2023-02-24","Adjusted_Close":"145.9351","Volume":"213742390"},{"Date":"2023-02-17","Adjusted_Close":"151.7443","Volume":"316887898"},{"Date":"2023-02-10","Adjusted_Close":"150.2124","Volume":"330758787"},{"Date":"2023-02-03","Adjusted_Close":"153.4503","Volume":"480249683"},{"Date":"2023-01-27","Adjusted_Close":"144.9385","Volume":"338655715"},{"Date":"2023-01-20","Adjusted_Close":"136.9333","Volume":"271823466"},{"Date":"2023-01-13","Adjusted_Close":"133.8444","Volume":"333335284"},{"Date":"2023-01-06","Adjusted_Close":"128.7393","Volume":"369948527"},{"Date":"2022-12-30","Adjusted_Close":"129.0472","Volume":"307184140"},{"Date":"2022-12-23","Adjusted_Close":"130.9641","Volume":"384620427"},{"Date":"2022-12-16","Adjusted_Close":"133.5961","Volume":"505728804"},{"Date":"2022-12-09","Adjusted_Close":"141.1941","Volume":"341500071"},{"Date":"2022-12-02","Adjusted_Close":"146.8057","Volume":"401189067"},{"Date":"2022-11-25","Adjusted_Close":"147.1037","Volume":"204025457"},{"Date":"2022-11-18","Adjusted_Close":"150.2621","Volume":"382679685"},{"Date":"2022-11-11","Adjusted_Close":"148.6829","Volume":"461034592"},{"Date":"2022-11-04","Adjusted_Close":"137.4398","Volume":"510660451"},{"Date":"2022-10-28","Adjusted_Close":"154.4252","Volume":"513092901"},{"Date":"2022-10-21","Adjusted_Close":"146.0267","Volume":"397216487"},{"Date":"2022-10-14","Adjusted_Close":"137.2118","Volume":"424188362"},{"Date":"2022-10-07","Adjusted_Close":"138.9073","Volume":"435940423"},{"Date":"2022-09-30","Adjusted_Close":"137.0333","Volume":"577537048"},{"Date":"2022-09-23","Adjusted_Close":"149.1600","Volume":"473155533"},{"Date":"2022-09-16","Adjusted_Close":"149.4277","Volume":"568337936"},{"Date":"2022-09-09","Adjusted_Close":"156.0414","Volume":"313749966"},{"Date":"2022-09-02","Adjusted_Close":"154.4946","Volume":"389809404"},{"Date":"2022-08-26","Adjusted_Close":"162.2387","Volume":"307194601"},{"Date":"2022-08-19","Adjusted_Close":"170.0720","Volume":"322647151"},{"Date":"2022-08-12","Adjusted_Close":"170.6471","Volume":"318856922"},{"Date":"2022-08-05","Adjusted_Close":"163.9541","Volume":"322415021"},{"Date":"2022-07-29","Adjusted_Close":"160.9142","Volume":"370548915"},{"Date":"2022-07-22","Adjusted_Close":"152.5769","Volume":"360988692"},{"Date":"2022-07-15","Adjusted_Close":"148.6954","Volume":"366480107"},{"Date":"2022-07-08","Adjusted_Close":"145.5961","Volume":"278295402"},{"Date":"2022-07-01","Adjusted_Close":"137.5658","Volume":"373781666"},{"Date":"2022-06-24","Adjusted_Close":"140.2689","Volume":"315960327"},{"Date":"2022-06-17","Adjusted_Close":"130.2681","Volume":"541006195"},{"Date":"2022-06-10","Adjusted_Close":"135.7834","Volume":"354396344"},{"Date":"2022-06-03","Adjusted_Close":"143.9524","Volume":"338923395"},{"Date":"2022-05-27","Adjusted_Close":"148.1706","Volume":"495921758"},{"Date":"2022-05-20","Adjusted_Close":"136.2389","Volume":"548244690"},{"Date":"2022-05-13","Adjusted_Close":"145.6654","Volume":"686227375"},{"Date":"2022-05-06","Adjusted_Close":"155.7356","Volume":"566193362"},{"Date":"2022-04-29","Adjusted_Close":"155.8740","Volume":"540082324"},{"Date":"2022-04-22","Adjusted_Close":"159.9673","Volume":"376576076"},{"Date":"2022-04-14","Adjusted_Close":"163.4279","Volume":"297460188"},{"Date":"2022-04-08","Adjusted_Close":"168.1738","Volume":"390677922"},{"Date":"2022-04-01","Adjusted_Close":"172.3463","Volume":"465395123"},{"Date":"2022-03-25","Adjusted_Close":"172.7517","Volume":"438484780"},{"Date":"2022-03-18","Adjusted_Close":"162.1327","Volume":"501667481"},{"Date":"2022-03-11","Adjusted_Close":"152.9869","Volume":"521334165"},{"Date":"2022-03-04","Adjusted_Close":"161.3318","Volume":"418753837"},{"Date":"2022-02-25","Adjusted_Close":"162.9929","Volume":"413588646"},{"Date":"2022-02-18","Adjusted_Close":"165.4153","Volume":"364011266"},{"Date":"2022-02-11","Adjusted_Close":"166.7402","Volume":"412902045"},{"Date":"2022-02-04","Adjusted_Close":"170.4479","Volume":"458553231"},{"Date":"2022-01-28","Adjusted_Close":"168.1965","Volume":"688670659"},{"Date":"2022-01-21","Adjusted_Close":"160.3757","Volume":"397684401"},{"Date":"2022-01-14","Adjusted_Close":"170.9022","Volume":"422454950"},{"Date":"2022-01-07","Adjusted_Close":"170.0134","Volume":"482162362"},{"Date":"2021-12-31","Adjusted_Close":"175.3458","Volume":"337847299"},{"Date":"2021-12-23","Adjusted_Close":"174.0720","Volume":"359176889"},{"Date":"2021-12-17","Adjusted_Close":"168.9963","Volume":"769789942"},{"Date":"2021-12-10","Adjusted_Close":"177.2023","Volume":"569227705"},{"Date":"2021-12-03","Adjusted_Close":"159.8128","Volume":"669981566"},{"Date":"2021-11-26","Adjusted_Close":"154.8458","Volume":"359933163"},{"Date":"2021-11-19","Adjusted_Close":"158.5390","Volume":"462419283"},{"Date":"2021-11-12","Adjusted_Close":"148.1113","Volume":"281026556"},{"Date":"2021-11-05","Adjusted_Close":"149.3851","Volume":"322688958"},{"Date":"2021-10-29","Adjusted_Close":"147.7088","Volume":"392739936"},{"Date":"2021-10-22","Adjusted_Close":"146.6143","Volume":"340691290"},{"Date":"2021-10-15","Adjusted_Close":"142.8181","Volume":"354098233"},{"Date":"2021-10-08","Adjusted_Close":"140.9052","Volume":"382910000"},{"Date":"2021-10-01","Adjusted_Close":"140.6586","Volume":"441421358"},{"Date":"2021-09-24","Adjusted_Close":"144.8690","Volume":"394033205"},{"Date":"2021-09-17","Adjusted_Close":"144.0210","Volume":"492884912"},{"Date":"2021-09-10","Adjusted_Close":"146.8904","Volume":"354897433"},{"Date":"2021-09-03","Adjusted_Close":"152.1460","Volume":"386760934"},{"Date":"2021-08-27","Adjusted_Close":"146.5256","Volume":"272129118"},{"Date":"2021-08-20","Adjusted_Close":"146.1213","Volume":"429624447"},{"Date":"2021-08-13","Adjusted_Close":"147.0186","Volume":"299050639"},{"Date":"2021-08-06","Adjusted_Close":"144.0999","Volume":"284559337"},{"Date":"2021-07-30","Adjusted_Close":"143.6077","Volume":"420947531"},{"Date":"2021-07-23","Adjusted_Close":"146.2660","Volume":"441563639"},{"Date":"2021-07-16","Adjusted_Close":"144.1295","Volume":"504249326"},{"Date":"2021-07-09","Adjusted_Close":"142.8692","Volume":"418559640"},{"Date":"2021-07-02","Adjusted_Close":"137.7988","Volume":"321360130"},{"Date":"2021-06-25","Adjusted_Close":"131.0545","Volume":"354155878"},{"Date":"2021-06-18","Adjusted_Close":"128.4455","Volume":"456667151"},{"Date":"2021-06-11","Adjusted_Close":"125.3835","Volume":"327048055"},{"Date":"2021-06-04","Adjusted_Close":"123.9460","Volume":"278314493"},{"Date":"2021-05-28","Adjusted_Close":"122.6858","Volume":"357615057"},{"Date":"2021-05-21","Adjusted_Close":"123.4931","Volume":"386352101"},{"Date":"2021-05-14","Adjusted_Close":"125.4819","Volume":"514165627"},{"Date":"2021-05-07","Adjusted_Close":"128.1993","Volume":"453802325"},{"Date":"2021-04-30","Adjusted_Close":"129.2117","Volume":"501621389"},{"Date":"2021-04-23","Adjusted_Close":"132.0228","Volume":"421246935"},{"Date":"2021-04-16","Adjusted_Close":"131.8655","Volume":"444178798"},{"Date":"2021-04-09","Adjusted_Close":"130.7204","Volume":"447820438"},{"Date":"2021-04-01","Adjusted_Close":"120.8964","Volume":"359904082"},{"Date":"2021-03-26","Adjusted_Close":"119.1370","Volume":"488825826"},{"Date":"2021-03-19","Adjusted_Close":"117.9379","Volume":"626770404"},{"Date":"2021-03-12","Adjusted_Close":"118.9601","Volume":"586977280"},{"Date":"2021-03-05","Adjusted_Close":"119.3434","Volume":"663456753"},{"Date":"2021-02-26","Adjusted_Close":"119.1861","Volume":"680391444"},{"Date":"2021-02-19","Adjusted_Close":"127.6489","Volume":"362474097"},{"Date":"2021-02-12","Adjusted_Close":"133.0548","Volume":"344357350"},{"Date":"2021-02-05","Adjusted_Close":"134.4211","Volume":"438264070"},{"Date":"2021-01-29","Adjusted_Close":"129.5090","Volume":"716990967"},{"Date":"2021-01-22","Adjusted_Close":"136.4870","Volume":"430065722"},{"Date":"2021-01-15","Adjusted_Close":"124.7785","Volume":"481518252"},{"Date":"2021-01-08","Adjusted_Close":"129.5973","Volume":"610791157"},{"Date":"2020-12-31","Adjusted_Close":"130.2255","Volume":"439740666"},{"Date":"2020-12-24","Adjusted_Close":"129.5188","Volume":"433757134"},{"Date":"2020-12-18","Adjusted_Close":"124.3026","Volume":"621758148"},{"Date":"2020-12-11","Adjusted_Close":"120.1364","Volume":"452278651"},{"Date":"2020-12-04","Adjusted_Close":"119.9794","Volume":"541563385"},{"Date":"2020-11-27","Adjusted_Close":"114.4245","Volume":"364376131"},{"Date":"2020-11-20","Adjusted_Close":"115.1606","Volume":"389493361"},{"Date":"2020-11-13","Adjusted_Close":"117.0449","Volume":"589872919"},{"Date":"2020-11-06","Adjusted_Close":"116.4855","Volume":"609571825"},{"Date":"2020-10-30","Adjusted_Close":"106.6539","Volume":"684767901"},{"Date":"2020-10-23","Adjusted_Close":"112.7086","Volume":"519569644"},{"Date":"2020-10-16","Adjusted_Close":"116.6080","Volume":"881572555"},{"Date":"2020-10-09","Adjusted_Close":"114.5995","Volume":"548575054"},{"Date":"2020-10-02","Adjusted_Close":"110.7296","Volume":"641240539"},{"Date":"2020-09-25","Adjusted_Close":"110.0045","Volume":"847212649"},{"Date":"2020-09-18","Adjusted_Close":"104.6748","Volume":"944934651"},{"Date":"2020-09-11","Adjusted_Close":"109.7302","Volume":"771441734"},{"Date":"2020-09-04","Adjusted_Close":"118.5086","Volume":"1166301669"},{"Date":"2020-08-28","Adjusted_Close":"122.2782","Volume":"265909531"},{"Date":"2020-08-21","Adjusted_Close":"121.8495","Volume":"208464758"},{"Date":"2020-08-14","Adjusted_Close":"112.5788","Volume":"235474473"},{"Date":"2020-08-07","Adjusted_Close":"108.8607","Volume":"250852555"},{"Date":"2020-07-31","Adjusted_Close":"103.9148","Volume":"211898609"},{"Date":"2020-07-24","Adjusted_Close":"90.5710","Volume":"165885792"},{"Date":"2020-07-17","Adjusted_Close":"94.2015","Volume":"179660754"},{"Date":"2020-07-10","Adjusted_Close":"93.8030","Volume":"141212101"},{"Date":"2020-07-02","Adjusted_Close":"89.0185","Volume":"124222310"},{"Date":"2020-06-26","Adjusted_Close":"86.4563","Volume":"220750873"},{"Date":"2020-06-19","Adjusted_Close":"85.5004","Volume":"194985086"},{"Date":"2020-06-12","Adjusted_Close":"82.8307","Volume":"202956789"},{"Date":"2020-06-05","Adjusted_Close":"81.0459","Volume":"124490802"},{"Date":"2020-05-29","Adjusted_Close":"77.7308","Volume":"131465363"},{"Date":"2020-05-22","Adjusted_Close":"77.9630","Volume":"133274690"},{"Date":"2020-05-15","Adjusted_Close":"75.2297","Volume":"208536826"},{"Date":"2020-05-08","Adjusted_Close":"75.8213","Volume":"168228968"},{"Date":"2020-05-01","Adjusted_Close":"70.4862","Volume":"197513427"},{"Date":"2020-04-24","Adjusted_Close":"68.9988","Volume":"169846750"},{"Date":"2020-04-17","Adjusted_Close":"68.9573","Volume":"207386812"},{"Date":"2020-04-09","Adjusted_Close":"65.3461","Volume":"183929846"},{"Date":"2020-04-03","Adjusted_Close":"58.8649","Volume":"209252759"},{"Date":"2020-03-27","Adjusted_Close":"60.4084","Volume":"346165813"},{"Date":"2020-03-20","Adjusted_Close":"55.8974","Volume":"405065837"},{"Date":"2020-03-13","Adjusted_Close":"67.7796","Volume":"404405247"},{"Date":"2020-03-06","Adjusted_Close":"70.4764","Volume":"323450224"},{"Date":"2020-02-28","Adjusted_Close":"66.6555","Volume":"349768234"},{"Date":"2020-02-21","Adjusted_Close":"76.3334","Volume":"119254440"},{"Date":"2020-02-14","Adjusted_Close":"79.2351","Volume":"123065907"},{"Date":"2020-02-07","Adjusted_Close":"78.0354","Volume":"163134650"},{"Date":"2020-01-31","Adjusted_Close":"75.2891","Volume":"216776323"},{"Date":"2020-01-24","Adjusted_Close":"77.4297","Volume":"115445527"},{"Date":"2020-01-17","Adjusted_Close":"77.5319","Volume":"162824452"},{"Date":"2020-01-10","Adjusted_Close":"75.4885","Volume":"168452059"},{"Date":"2020-01-03","Adjusted_Close":"72.3506","Volume":"131852981"},{"Date":"2019-12-27","Adjusted_Close":"70.4946","Volume":"96724537"},{"Date":"2019-12-20","Adjusted_Close":"67.9745","Volume":"183341280"},{"Date":"2019-12-13","Adjusted_Close":"66.9309","Volume":"142408267"},{"Date":"2019-12-06","Adjusted_Close":"65.8509","Volume":"115090042"},{"Date":"2019-11-29","Adjusted_Close":"65.0092","Volume":"75404884"},{"Date":"2019-11-22","Adjusted_Close":"63.6786","Volume":"114060454"},{"Date":"2019-11-15","Adjusted_Close":"64.6468","Volume":"115661500"},{"Date":"2019-11-08","Adjusted_Close":"63.2797","Volume":"106014081"},{"Date":"2019-11-01","Adjusted_Close":"62.0447","Volume":"163067611"},{"Date":"2019-10-25","Adjusted_Close":"59.8037","Volume":"100713664"},{"Date":"2019-10-18","Adjusted_Close":"57.3371","Volume":"108261581"},{"Date":"2019-10-11","Adjusted_Close":"57.2886","Volume":"150154587"},{"Date":"2019-10-04","Adjusted_Close":"55.0573","Volume":"163381242"},{"Date":"2019-09-27","Adjusted_Close":"53.0710","Volume":"117784618"},{"Date":"2019-09-20","Adjusted_Close":"52.8066","Volume":"145352672"},{"Date":"2019-09-13","Adjusted_Close":"53.0540","Volume":"175366943"},{"Date":"2019-09-06","Adjusted_Close":"51.7225","Volume":"82585672"},{"Date":"2019-08-30","Adjusted_Close":"50.6263","Volume":"110091319"},{"Date":"2019-08-23","Adjusted_Close":"49.1468","Volume":"142066853"},{"Date":"2019-08-16","Adjusted_Close":"50.0830","Volume":"163266105"},{"Date":"2019-08-09","Adjusted_Close":"48.7466","Volume":"173211425"},{"Date":"2019-08-02","Adjusted_Close":"49.2927","Volume":"219770512"},{"Date":"2019-07-26","Adjusted_Close":"50.1914","Volume":"87153118"},{"Date":"2019-07-19","Adjusted_Close":"48.9472","Volume":"87433154"},{"Date":"2019-07-12","Adjusted_Close":"49.1187","Volume":"101600835"},{"Date":"2019-07-05","Adjusted_Close":"49.3434","Volume":"72879519"},{"Date":"2019-06-28","Adjusted_Close":"47.8189","Volume":"117368626"},{"Date":"2019-06-21","Adjusted_Close":"48.0266","Volume":"131658960"},{"Date":"2019-06-14","Adjusted_Close":"46.5673","Volume":"111843021"},{"Date":"2019-06-07","Adjusted_Close":"45.9416","Volume":"154348161"},{"Date":"2019-05-31","Adjusted_Close":"42.2981","Volume":"104691321"},{"Date":"2019-05-24","Adjusted_Close":"43.2404","Volume":"156970116"},{"Date":"2019-05-17","Adjusted_Close":"45.6637","Volume":"186415472"},{"Date":"2019-05-10","Adjusted_Close":"47.6401","Volume":"173663634"},{"Date":"2019-05-03","Adjusted_Close":"50.9613","Volume":"186455669"},{"Date":"2019-04-26","Adjusted_Close":"49.1683","Volume":"97495453"},{"Date":"2019-04-18","Adjusted_Close":"49.0624","Volume":"96335577"},{"Date":"2019-04-12","Adjusted_Close":"47.8615","Volume":"132006698"},{"Date":"2019-04-05","Adjusted_Close":"47.4114","Volume":"111540445"},{"Date":"2019-03-29","Adjusted_Close":"45.7147","Volume":"167838582"},{"Date":"2019-03-22","Adjusted_Close":"45.9795","Volume":"182343335"},{"Date":"2019-03-15","Adjusted_Close":"44.7930","Volume":"158133562"},{"Date":"2019-03-08","Adjusted_Close":"41.6138","Volume":"116779738"},{"Date":"2019-03-01","Adjusted_Close":"42.1095","Volume":"120880541"},{"Date":"2019-02-22","Adjusted_Close":"41.6282","Volume":"81250012"},{"Date":"2019-02-15","Adjusted_Close":"41.0145","Volume":"112229742"},{"Date":"2019-02-08","Adjusted_Close":"41.0121","Volume":"151398457"},{"Date":"2019-02-01","Adjusted_Close":"39.9050","Volume":"202296864"},{"Date":"2019-01-25","Adjusted_Close":"37.8057","Volume":"112513982"},{"Date":"2019-01-18","Adjusted_Close":"37.5804","Volume":"155291399"},{"Date":"2019-01-11","Adjusted_Close":"36.4949","Volume":"203706070"},{"Date":"2019-01-04","Adjusted_Close":"35.5291","Volume":"221962468"},{"Date":"2018-12-28","Adjusted_Close":"37.4391","Volume":"191160265"},{"Date":"2018-12-21","Adjusted_Close":"36.1210","Volume":"287694081"},{"Date":"2018-12-14","Adjusted_Close":"39.6557","Volume":"217536870"},{"Date":"2018-12-07","Adjusted_Close":"40.3771","Volume":"167522325"},{"Date":"2018-11-30","Adjusted_Close":"42.7950","Volume":"213749977"},{"Date":"2018-11-23","Adjusted_Close":"41.2877","Volume":"164494301"},{"Date":"2018-11-16","Adjusted_Close":"46.3777","Volume":"242226465"},{"Date":"2018-11-09","Adjusted_Close":"48.9993","Volume":"191199370"},{"Date":"2018-11-02","Adjusted_Close":"49.5472","Volume":"270606277"},{"Date":"2018-10-26","Adjusted_Close":"51.6534","Volume":"185599234"},{"Date":"2018-10-19","Adjusted_Close":"52.3722","Volume":"148520408"},{"Date":"2018-10-12","Adjusted_Close":"53.0409","Volume":"192007749"},{"Date":"2018-10-05","Adjusted_Close":"53.5615","Volume":"142666234"},{"Date":"2018-09-28","Adjusted_Close":"53.9077","Volume":"129343034"},{"Date":"2018-09-21","Adjusted_Close":"51.9782","Volume":"218746220"},{"Date":"2018-09-14","Adjusted_Close":"53.4540","Volume":"198249908"},{"Date":"2018-09-07","Adjusted_Close":"52.8474","Volume":"132632878"},{"Date":"2018-08-31","Adjusted_Close":"54.3591","Volume":"162690645"},{"Date":"2018-08-24","Adjusted_Close":"51.6200","Volume":"112825161"},{"Date":"2018-08-17","Adjusted_Close":"51.9591","Volume":"139373818"},{"Date":"2018-08-10","Adjusted_Close":"49.5591","Volume":"121642089"},{"Date":"2018-08-03","Adjusted_Close":"49.4948","Volume":"224189697"},{"Date":"2018-07-27","Adjusted_Close":"45.4470","Volume":"94613682"},{"Date":"2018-07-20","Adjusted_Close":"45.5565","Volume":"87963808"},{"Date":"2018-07-13","Adjusted_Close":"45.5303","Volume":"85088176"},{"Date":"2018-07-06","Adjusted_Close":"44.7307","Volume":"65775642"},{"Date":"2018-06-29","Adjusted_Close":"44.0502","Volume":"121620526"},{"Date":"2018-06-22","Adjusted_Close":"44.0049","Volume":"125604366"},{"Date":"2018-06-15","Adjusted_Close":"44.9378","Volume":"140187228"},{"Date":"2018-06-08","Adjusted_Close":"45.6184","Volume":"116769735"},{"Date":"2018-06-01","Adjusted_Close":"45.2709","Volume":"92129925"},{"Date":"2018-05-25","Adjusted_Close":"44.8759","Volume":"94394844"},{"Date":"2018-05-18","Adjusted_Close":"44.3357","Volume":"99248752"},{"Date":"2018-05-11","Adjusted_Close":"44.8783","Volume":"148266951"},{"Date":"2018-05-04","Adjusted_Close":"43.5769","Volume":"252805668"},{"Date":"2018-04-27","Adjusted_Close":"38.4779","Volume":"162208431"},{"Date":"2018-04-20","Adjusted_Close":"39.2839","Volume":"169238340"},{"Date":"2018-04-13","Adjusted_Close":"41.4197","Volume":"128077139"},{"Date":"2018-04-06","Adjusted_Close":"39.9145","Volume":"164408813"},{"Date":"2018-03-29","Adjusted_Close":"39.7722","Volume":"155302506"},{"Date":"2018-03-23","Adjusted_Close":"39.0990","Volume":"168666122"},{"Date":"2018-03-16","Adjusted_Close":"42.1996","Volume":"151720299"},{"Date":"2018-03-09","Adjusted_Close":"42.6642","Volume":"138442235"},{"Date":"2018-03-02","Adjusted_Close":"41.7706","Volume":"196432091"},{"Date":"2018-02-23","Adjusted_Close":"41.6022","Volume":"133197874"},{"Date":"2018-02-16","Adjusted_Close":"40.8745","Volume":"222582467"},{"Date":"2018-02-09","Adjusted_Close":"37.0770","Volume":"299885932"},{"Date":"2018-02-02","Adjusted_Close":"37.8939","Volume":"248091289"},{"Date":"2018-01-26","Adjusted_Close":"40.4933","Volume":"185072080"},{"Date":"2018-01-19","Adjusted_Close":"42.1342","Volume":"122974060"},{"Date":"2018-01-12","Adjusted_Close":"41.8107","Volume":"107548622"},{"Date":"2018-01-05","Adjusted_Close":"41.3173","Volume":"99095223"},{"Date":"2017-12-29","Adjusted_Close":"39.9550","Volume":"96281679"},{"Date":"2017-12-22","Adjusted_Close":"41.3197","Volume":"115320238"},{"Date":"2017-12-15","Adjusted_Close":"41.0741","Volume":"132453689"},{"Date":"2017-12-08","Adjusted_Close":"39.9881","Volume":"134914322"},{"Date":"2017-12-01","Adjusted_Close":"40.3847","Volume":"166555527"},{"Date":"2017-11-24","Adjusted_Close":"41.3102","Volume":"79873651"},{"Date":"2017-11-17","Adjusted_Close":"40.1722","Volume":"114281964"},{"Date":"2017-11-10","Adjusted_Close":"41.2394","Volume":"135758833"},{"Date":"2017-11-03","Adjusted_Close":"40.5807","Volume":"203892677"},{"Date":"2017-10-27","Adjusted_Close":"38.3576","Volume":"119574587"},{"Date":"2017-10-20","Adjusted_Close":"36.7579","Volume":"124593299"},{"Date":"2017-10-13","Adjusted_Close":"36.9320","Volume":"80597481"},{"Date":"2017-10-06","Adjusted_Close":"36.5344","Volume":"91971974"},{"Date":"2017-09-29","Adjusted_Close":"36.2568","Volume":"152105993"},{"Date":"2017-09-22","Adjusted_Close":"35.7322","Volume":"182738115"},{"Date":"2017-09-15","Adjusted_Close":"37.6118","Volume":"217839085"},{"Date":"2017-09-08","Adjusted_Close":"37.3178","Volume":"100402255"},{"Date":"2017-09-01","Adjusted_Close":"38.5928","Volume":"124482489"},{"Date":"2017-08-25","Adjusted_Close":"37.6071","Volume":"110686493"},{"Date":"2017-08-18","Adjusted_Close":"37.0519","Volume":"130951564"},{"Date":"2017-08-11","Adjusted_Close":"37.0472","Volume":"148310594"},{"Date":"2017-08-04","Adjusted_Close":"36.6422","Volume":"159721244"},{"Date":"2017-07-28","Adjusted_Close":"35.0279","Volume":"103916337"},{"Date":"2017-07-21","Adjusted_Close":"35.2083","Volume":"103297255"},{"Date":"2017-07-14","Adjusted_Close":"34.9201","Volume":"107844162"},{"Date":"2017-07-07","Adjusted_Close":"33.7814","Volume":"76896820"},{"Date":"2017-06-30","Adjusted_Close":"33.7439","Volume":"125310202"},{"Date":"2017-06-23","Adjusted_Close":"34.2734","Volume":"121757322"},{"Date":"2017-06-16","Adjusted_Close":"33.3339","Volume":"217066551"},{"Date":"2017-06-09","Adjusted_Close":"34.9060","Volume":"157386327"},{"Date":"2017-06-02","Adjusted_Close":"36.4219","Volume":"86663811"},{"Date":"2017-05-26","Adjusted_Close":"35.9908","Volume":"101565411"},{"Date":"2017-05-19","Adjusted_Close":"35.8620","Volume":"154981942"},{"Date":"2017-05-12","Adjusted_Close":"36.5742","Volume":"167770544"},{"Date":"2017-05-05","Adjusted_Close":"34.7591","Volume":"167777285"},{"Date":"2017-04-28","Adjusted_Close":"33.5200","Volume":"89143525"},{"Date":"2017-04-21","Adjusted_Close":"33.1980","Volume":"89248503"},{"Date":"2017-04-13","Adjusted_Close":"32.9133","Volume":"87485653"},{"Date":"2017-04-07","Adjusted_Close":"33.4477","Volume":"105402499"},{"Date":"2017-03-31","Adjusted_Close":"33.5224","Volume":"127008757"},{"Date":"2017-03-24","Adjusted_Close":"32.8177","Volume":"129673979"},{"Date":"2017-03-17","Adjusted_Close":"32.6660","Volume":"121539506"},{"Date":"2017-03-10","Adjusted_Close":"32.4676","Volume":"99672282"},{"Date":"2017-03-03","Adjusted_Close":"32.6170","Volume":"127936976"},{"Date":"2017-02-24","Adjusted_Close":"31.8889","Volume":"87908859"},{"Date":"2017-02-17","Adjusted_Close":"31.6696","Volume":"136667496"},{"Date":"2017-02-10","Adjusted_Close":"30.8296","Volume":"136449154"},{"Date":"2017-02-03","Adjusted_Close":"29.9911","Volume":"249781248"},{"Date":"2017-01-27","Adjusted_Close":"28.3345","Volume":"124748449"},{"Date":"2017-01-20","Adjusted_Close":"27.8814","Volume":"116347987"},{"Date":"2017-01-13","Adjusted_Close":"27.6583","Volume":"138810760"},{"Date":"2017-01-06","Adjusted_Close":"27.3958","Volume":"103845468"},{"Date":"2016-12-30","Adjusted_Close":"26.9102","Volume":"84828531"},{"Date":"2016-12-23","Adjusted_Close":"27.0728","Volume":"113322891"},{"Date":"2016-12-16","Adjusted_Close":"26.9450","Volume":"195015700"},{"Date":"2016-12-09","Adjusted_Close":"26.4757","Volume":"151989664"},{"Date":"2016-12-02","Adjusted_Close":"25.5347","Volume":"155499850"},{"Date":"2016-11-25","Adjusted_Close":"25.9738","Volume":"94132421"},{"Date":"2016-11-18","Adjusted_Close":"25.5719","Volume":"198341456"},{"Date":"2016-11-11","Adjusted_Close":"25.1932","Volume":"207268979"},{"Date":"2016-11-04","Adjusted_Close":"25.2884","Volume":"156346518"},{"Date":"2016-10-28","Adjusted_Close":"26.2859","Volume":"210225569"},{"Date":"2016-10-21","Adjusted_Close":"26.9516","Volume":"115531434"},{"Date":"2016-10-14","Adjusted_Close":"27.1896","Volume":"208708383"},{"Date":"2016-10-07","Adjusted_Close":"26.3644","Volume":"126029440"},{"Date":"2016-09-30","Adjusted_Close":"26.1310","Volume":"156384035"},{"Date":"2016-09-23","Adjusted_Close":"26.0524","Volume":"201095635"},{"Date":"2016-09-16","Adjusted_Close":"26.5632","Volume":"390309366"},{"Date":"2016-09-09","Adjusted_Close":"23.8380","Volume":"168803729"},{"Date":"2016-09-02","Adjusted_Close":"24.9013","Volume":"133000624"},{"Date":"2016-08-26","Adjusted_Close":"24.7187","Volume":"123605519"},{"Date":"2016-08-19","Adjusted_Close":"25.2781","Volume":"132371408"},{"Date":"2016-08-12","Adjusted_Close":"25.0053","Volume":"124505869"},{"Date":"2016-08-05","Adjusted_Close":"24.8435","Volume":"170149120"},{"Date":"2016-07-29","Adjusted_Close":"23.9587","Volume":"256571090"},{"Date":"2016-07-22","Adjusted_Close":"22.6827","Volume":"147565456"},{"Date":"2016-07-15","Adjusted_Close":"22.7103","Volume":"142910566"},{"Date":"2016-07-08","Adjusted_Close":"22.2275","Volume":"112705961"},{"Date":"2016-07-01","Adjusted_Close":"22.0458","Volume":"185461004"},{"Date":"2016-06-24","Adjusted_Close":"21.4734","Volume":"206728924"},{"Date":"2016-06-17","Adjusted_Close":"21.9171","Volume":"191732699"},{"Date":"2016-06-10","Adjusted_Close":"22.7218","Volume":"124864375"},{"Date":"2016-06-03","Adjusted_Close":"22.5125","Volume":"140176985"},{"Date":"2016-05-27","Adjusted_Close":"23.0712","Volume":"204473324"},{"Date":"2016-05-20","Adjusted_Close":"21.8918","Volume":"212707154"},{"Date":"2016-05-13","Adjusted_Close":"20.8112","Volume":"216049836"},{"Date":"2016-05-06","Adjusted_Close":"21.3170","Volume":"225607242"},{"Date":"2016-04-29","Adjusted_Close":"21.4206","Volume":"349424063"},{"Date":"2016-04-22","Adjusted_Close":"24.1490","Volume":"189053016"},{"Date":"2016-04-15","Adjusted_Close":"25.1019","Volume":"162310051"},{"Date":"2016-04-08","Adjusted_Close":"24.8300","Volume":"145722543"},{"Date":"2016-04-01","Adjusted_Close":"25.1339","Volume":"147965003"},{"Date":"2016-03-24","Adjusted_Close":"24.1467","Volume":"119783503"},{"Date":"2016-03-18","Adjusted_Close":"24.2038","Volume":"182073165"},{"Date":"2016-03-11","Adjusted_Close":"23.3675","Volume":"155221501"},{"Date":"2016-03-04","Adjusted_Close":"23.5389","Volume":"201803826"},{"Date":"2016-02-26","Adjusted_Close":"22.1450","Volume":"159052926"},{"Date":"2016-02-19","Adjusted_Close":"21.9462","Volume":"168316315"},{"Date":"2016-02-12","Adjusted_Close":"21.4777","Volume":"231122263"},{"Date":"2016-02-05","Adjusted_Close":"21.4846","Volume":"217154766"},{"Date":"2016-01-29","Adjusted_Close":"22.1241","Volume":"380336530"},{"Date":"2016-01-22","Adjusted_Close":"23.0515","Volume":"243384093"},{"Date":"2016-01-15","Adjusted_Close":"22.0764","Volume":"304337253"},{"Date":"2016-01-08","Adjusted_Close":"22.0378","Volume":"343790211"},{"Date":"2015-12-31","Adjusted_Close":"23.9242","Volume":"123761546"},{"Date":"2015-12-24","Adjusted_Close":"24.5538","Volume":"126634011"},{"Date":"2015-12-18","Adjusted_Close":"24.0993","Volume":"315791335"},{"Date":"2015-12-11","Adjusted_Close":"25.7244","Volume":"188853944"},{"Date":"2015-12-04","Adjusted_Close":"27.0540","Volume":"206765745"},{"Date":"2015-11-27","Adjusted_Close":"26.7767","Volume":"109720453"},{"Date":"2015-11-20","Adjusted_Close":"27.1154","Volume":"189947415"},{"Date":"2015-11-13","Adjusted_Close":"25.5334","Volume":"216555289"},{"Date":"2015-11-06","Adjusted_Close":"27.5154","Volume":"195203256"},{"Date":"2015-10-30","Adjusted_Close":"27.0445","Volume":"322362121"},{"Date":"2015-10-23","Adjusted_Close":"26.9495","Volume":"222074893"},{"Date":"2015-10-16","Adjusted_Close":"25.1299","Volume":"184884970"},{"Date":"2015-10-09","Adjusted_Close":"25.3743","Volume":"262432987"},{"Date":"2015-10-02","Adjusted_Close":"24.9805","Volume":"311138027"},{"Date":"2015-09-25","Adjusted_Close":"25.9605","Volume":"242696241"},{"Date":"2015-09-18","Adjusted_Close":"25.6753","Volume":"277276007"},{"Date":"2015-09-11","Adjusted_Close":"25.8473","Volume":"252662734"},{"Date":"2015-09-04","Adjusted_Close":"24.7293","Volume":"298194194"},{"Date":"2015-08-28","Adjusted_Close":"25.6391","Volume":"500362965"},{"Date":"2015-08-21","Adjusted_Close":"23.9350","Volume":"320509056"},{"Date":"2015-08-14","Adjusted_Close":"26.2434","Volume":"345185326"},{"Date":"2015-08-07","Adjusted_Close":"26.1438","Volume":"384072497"},{"Date":"2015-07-31","Adjusted_Close":"27.3284","Volume":"191598511"},{"Date":"2015-07-24","Adjusted_Close":"28.0494","Volume":"344269021"},{"Date":"2015-07-17","Adjusted_Close":"29.2029","Volume":"189245034"},{"Date":"2015-07-10","Adjusted_Close":"27.7745","Volume":"275718368"},{"Date":"2015-07-02","Adjusted_Close":"28.4865","Volume":"150981872"},{"Date":"2015-06-26","Adjusted_Close":"28.5563","Volume":"195594004"},{"Date":"2015-06-19","Adjusted_Close":"28.5225","Volume":"198525255"},{"Date":"2015-06-12","Adjusted_Close":"28.6509","Volume":"220114589"},{"Date":"2015-06-05","Adjusted_Close":"28.9844","Volume":"170840884"},{"Date":"2015-05-29","Adjusted_Close":"29.3516","Volume":"198148567"},{"Date":"2015-05-22","Adjusted_Close":"29.8608","Volume":"217297426"},{"Date":"2015-05-15","Adjusted_Close":"29.0114","Volume":"208301514"},{"Date":"2015-05-08","Adjusted_Close":"28.7523","Volume":"271891981"},{"Date":"2015-05-01","Adjusted_Close":"28.9319","Volume":"420972321"},{"Date":"2015-04-24","Adjusted_Close":"29.2303","Volume":"207440679"},{"Date":"2015-04-17","Adjusted_Close":"27.9895","Volume":"171186168"},{"Date":"2015-04-10","Adjusted_Close":"28.5168","Volume":"182207413"},{"Date":"2015-04-02","Adjusted_Close":"28.1174","Volume":"162031791"},{"Date":"2015-03-27","Adjusted_Close":"27.6530","Volume":"209326175"},{"Date":"2015-03-20","Adjusted_Close":"28.2475","Volume":"266672975"},{"Date":"2015-03-13","Adjusted_Close":"27.7293","Volume":"326514045"},{"Date":"2015-03-06","Adjusted_Close":"28.4046","Volume":"246938492"},{"Date":"2015-02-27","Adjusted_Close":"28.8219","Volume":"368216362"},{"Date":"2015-02-20","Adjusted_Close":"29.0541","Volume":"194354942"},{"Date":"2015-02-13","Adjusted_Close":"28.5123","Volume":"303206785"},{"Date":"2015-02-06","Adjusted_Close":"26.6837","Volume":"270757404"},{"Date":"2015-01-30","Adjusted_Close":"26.1840","Volume":"465842684"},{"Date":"2015-01-23","Adjusted_Close":"25.2498","Volume":"198737041"},{"Date":"2015-01-16","Adjusted_Close":"23.6876","Volume":"304226647"},{"Date":"2015-01-09","Adjusted_Close":"25.0330","Volume":"282868187"},{"Date":"2015-01-02","Adjusted_Close":"24.4341","Volume":"152088374"},{"Date":"2014-12-26","Adjusted_Close":"25.4755","Volume":"119396530"},{"Date":"2014-12-19","Adjusted_Close":"24.9816","Volume":"328856576"},{"Date":"2014-12-12","Adjusted_Close":"24.5235","Volume":"259937920"},{"Date":"2014-12-05","Adjusted_Close":"25.7012","Volume":"266701088"},{"Date":"2014-11-28","Adjusted_Close":"26.5796","Volume":"181937552"},{"Date":"2014-11-21","Adjusted_Close":"26.0298","Volume":"233414685"},{"Date":"2014-11-14","Adjusted_Close":"25.5180","Volume":"205166680"},{"Date":"2014-11-07","Adjusted_Close":"24.3625","Volume":"199952812"},{"Date":"2014-10-31","Adjusted_Close":"24.0329","Volume":"220230607"},{"Date":"2014-10-24","Adjusted_Close":"23.4143","Volume":"358532919"},{"Date":"2014-10-17","Adjusted_Close":"21.7342","Volume":"358539741"},{"Date":"2014-10-10","Adjusted_Close":"22.4151","Volume":"280258156"},{"Date":"2014-10-03","Adjusted_Close":"22.1681","Volume":"247749150"},{"Date":"2014-09-26","Adjusted_Close":"22.4196","Volume":"337730724"},{"Date":"2014-09-19","Adjusted_Close":"22.4663","Volume":"296789500"},{"Date":"2014-09-12","Adjusted_Close":"22.6221","Volume":"461559500"},{"Date":"2014-09-05","Adjusted_Close":"22.0235","Volume":"322672500"},{"Date":"2014-08-29","Adjusted_Close":"22.8090","Volume":"233048700"},{"Date":"2014-08-22","Adjusted_Close":"22.5464","Volume":"246983800"},{"Date":"2014-08-15","Adjusted_Close":"21.8032","Volume":"179363000"},{"Date":"2014-08-08","Adjusted_Close":"21.0822","Volume":"223025000"},{"Date":"2014-08-01","Adjusted_Close":"21.2856","Volume":"236825000"},{"Date":"2014-07-25","Adjusted_Close":"21.6268","Volume":"276392000"},{"Date":"2014-07-18","Adjusted_Close":"20.9092","Volume":"249075900"},{"Date":"2014-07-11","Adjusted_Close":"21.0841","Volume":"231830000"},{"Date":"2014-07-03","Adjusted_Close":"20.8206","Volume":"139168800"},{"Date":"2014-06-27","Adjusted_Close":"20.3667","Volume":"216257000"},{"Date":"2014-06-20","Adjusted_Close":"20.1298","Volume":"235227000"},{"Date":"2014-06-13","Adjusted_Close":"20.2117","Volume":"293146997"},{"Date":"2014-06-06","Adjusted_Close":"20.4208","Volume":"58974500"},{"Date":"2014-05-30","Adjusted_Close":"20.0232","Volume":"57315800"},{"Date":"2014-05-23","Adjusted_Close":"19.4263","Volume":"42229300"},{"Date":"2014-05-16","Adjusted_Close":"18.9005","Volume":"37373300"},{"Date":"2014-05-09","Adjusted_Close":"18.5220","Volume":"52371100"},{"Date":"2014-05-02","Adjusted_Close":"18.6403","Volume":"67823800"},{"Date":"2014-04-25","Adjusted_Close":"17.9910","Volume":"68937100"},{"Date":"2014-04-17","Adjusted_Close":"16.5126","Volume":"34688000"},{"Date":"2014-04-11","Adjusted_Close":"16.3449","Volume":"44688500"},{"Date":"2014-04-04","Adjusted_Close":"16.7290","Volume":"35265900"},{"Date":"2014-03-28","Adjusted_Close":"16.8876","Volume":"48584200"},{"Date":"2014-03-21","Adjusted_Close":"16.7620","Volume":"43442600"},{"Date":"2014-03-14","Adjusted_Close":"16.5047","Volume":"41145600"},{"Date":"2014-03-07","Adjusted_Close":"16.6856","Volume":"39435800"},{"Date":"2014-02-28","Adjusted_Close":"16.5535","Volume":"52533200"},{"Date":"2014-02-21","Adjusted_Close":"16.5224","Volume":"41380800"},{"Date":"2014-02-14","Adjusted_Close":"17.1118","Volume":"54151400"},{"Date":"2014-02-07","Adjusted_Close":"16.3471","Volume":"61947700"},{"Date":"2014-01-31","Adjusted_Close":"15.6538","Volume":"116661100"},{"Date":"2014-01-24","Adjusted_Close":"17.0757","Volume":"55039500"},{"Date":"2014-01-17","Adjusted_Close":"16.9068","Volume":"62811100"},{"Date":"2014-01-10","Adjusted_Close":"16.6651","Volume":"56159800"},{"Date":"2014-01-03","Adjusted_Close":"16.9165","Volume":"39423800"},{"Date":"2013-12-27","Adjusted_Close":"17.5141","Volume":"39241200"},{"Date":"2013-12-20","Adjusted_Close":"17.1679","Volume":"65538600"},{"Date":"2013-12-13","Adjusted_Close":"17.3371","Volume":"55485500"},{"Date":"2013-12-06","Adjusted_Close":"17.5119","Volume":"74759100"},{"Date":"2013-11-29","Adjusted_Close":"17.3884","Volume":"46866800"},{"Date":"2013-11-22","Adjusted_Close":"16.2542","Volume":"40484000"},{"Date":"2013-11-15","Adjusted_Close":"16.4165","Volume":"43903200"},{"Date":"2013-11-08","Adjusted_Close":"16.2780","Volume":"45541200"},{"Date":"2013-11-01","Adjusted_Close":"16.1667","Volume":"74678500"},{"Date":"2013-10-25","Adjusted_Close":"16.3510","Volume":"70301800"},{"Date":"2013-10-18","Adjusted_Close":"15.8204","Volume":"49186000"},{"Date":"2013-10-11","Adjusted_Close":"15.3206","Volume":"51831300"},{"Date":"2013-10-04","Adjusted_Close":"15.0165","Volume":"53030200"},{"Date":"2013-09-27","Adjusted_Close":"15.0078","Volume":"68166800"},{"Date":"2013-09-20","Adjusted_Close":"14.5309","Volume":"89421200"},{"Date":"2013-09-13","Adjusted_Close":"14.4528","Volume":"95909500"},{"Date":"2013-09-06","Adjusted_Close":"15.4887","Volume":"45459100"},{"Date":"2013-08-30","Adjusted_Close":"15.1466","Volume":"56239900"},{"Date":"2013-08-23","Adjusted_Close":"15.5757","Volume":"59715200"},{"Date":"2013-08-16","Adjusted_Close":"15.6165","Volume":"101976700"},{"Date":"2013-08-09","Adjusted_Close":"14.1280","Volume":"52686200"},{"Date":"2013-08-02","Adjusted_Close":"14.2850","Volume":"48624000"},{"Date":"2013-07-26","Adjusted_Close":"13.6194","Volume":"57099100"},{"Date":"2013-07-19","Adjusted_Close":"13.1240","Volume":"40894500"},{"Date":"2013-07-12","Adjusted_Close":"13.1722","Volume":"54928000"},{"Date":"2013-07-05","Adjusted_Close":"12.8915","Volume":"49138300"},{"Date":"2013-06-28","Adjusted_Close":"12.2463","Volume":"74228400"},{"Date":"2013-06-21","Adjusted_Close":"12.7704","Volume":"57278900"},{"Date":"2013-06-14","Adjusted_Close":"13.2815","Volume":"55685400"},{"Date":"2013-06-07","Adjusted_Close":"13.6448","Volume":"63469300"},{"Date":"2013-05-31","Adjusted_Close":"13.8895","Volume":"51948000"},{"Date":"2013-05-24","Adjusted_Close":"13.7479","Volume":"70708100"},{"Date":"2013-05-17","Adjusted_Close":"13.3807","Volume":"90599600"},{"Date":"2013-05-10","Adjusted_Close":"13.9894","Volume":"78083300"},{"Date":"2013-05-03","Adjusted_Close":"13.8049","Volume":"93639400"},{"Date":"2013-04-26","Adjusted_Close":"12.7994","Volume":"114740900"},{"Date":"2013-04-19","Adjusted_Close":"11.9810","Volume":"101568600"},{"Date":"2013-04-12","Adjusted_Close":"13.1858","Volume":"55369600"},{"Date":"2013-04-05","Adjusted_Close":"12.9833","Volume":"72307500"},{"Date":"2013-03-28","Adjusted_Close":"13.5803","Volume":"56053800"},{"Date":"2013-03-22","Adjusted_Close":"14.1709","Volume":"79285500"},{"Date":"2013-03-15","Adjusted_Close":"13.6110","Volume":"81911900"},{"Date":"2013-03-08","Adjusted_Close":"13.2447","Volume":"90764100"},{"Date":"2013-03-01","Adjusted_Close":"13.2063","Volume":"83442600"},{"Date":"2013-02-22","Adjusted_Close":"13.8303","Volume":"60354400"},{"Date":"2013-02-15","Adjusted_Close":"14.1172","Volume":"83884700"},{"Date":"2013-02-08","Adjusted_Close":"14.5719","Volume":"106496800"},{"Date":"2013-02-01","Adjusted_Close":"13.8382","Volume":"94023200"},{"Date":"2013-01-25","Adjusted_Close":"13.4191","Volume":"142569100"},{"Date":"2013-01-18","Adjusted_Close":"15.2531","Volume":"115299500"},{"Date":"2013-01-11","Adjusted_Close":"15.8724","Volume":"82218600"},{"Date":"2013-01-04","Adjusted_Close":"16.0768","Volume":"77403900"},{"Date":"2012-12-28","Adjusted_Close":"15.5456","Volume":"45985300"},{"Date":"2012-12-21","Adjusted_Close":"15.8428","Volume":"103950700"},{"Date":"2012-12-14","Adjusted_Close":"15.5519","Volume":"119457600"},{"Date":"2012-12-07","Adjusted_Close":"16.2674","Volume":"140365700"},{"Date":"2012-11-30","Adjusted_Close":"17.8547","Volume":"92528300"},{"Date":"2012-11-23","Adjusted_Close":"17.4343","Volume":"75425000"},{"Date":"2012-11-16","Adjusted_Close":"16.0975","Volume":"127954500"},{"Date":"2012-11-09","Adjusted_Close":"16.6887","Volume":"131562900"},{"Date":"2012-11-02","Adjusted_Close":"17.5128","Volume":"52524100"},{"Date":"2012-10-26","Adjusted_Close":"18.3387","Volume":"124541500"},{"Date":"2012-10-19","Adjusted_Close":"18.5160","Volume":"92572200"},{"Date":"2012-10-12","Adjusted_Close":"19.1194","Volume":"106894400"},{"Date":"2012-10-05","Adjusted_Close":"19.8140","Volume":"91450000"},{"Date":"2012-09-28","Adjusted_Close":"20.2547","Volume":"102295000"},{"Date":"2012-09-21","Adjusted_Close":"21.2563","Volume":"71663100"},{"Date":"2012-09-14","Adjusted_Close":"20.9887","Volume":"103680300"},{"Date":"2012-09-07","Adjusted_Close":"20.6595","Volume":"50897500"},{"Date":"2012-08-31","Adjusted_Close":"20.1980","Volume":"54937600"},{"Date":"2012-08-24","Adjusted_Close":"20.1368","Volume":"101746300"},{"Date":"2012-08-17","Adjusted_Close":"19.6779","Volume":"56201400"},{"Date":"2012-08-10","Adjusted_Close":"18.8761","Volume":"44779900"},{"Date":"2012-08-03","Adjusted_Close":"18.6144","Volume":"67966100"},{"Date":"2012-07-27","Adjusted_Close":"17.6911","Volume":"97892500"},{"Date":"2012-07-20","Adjusted_Close":"18.2698","Volume":"60068500"},{"Date":"2012-07-13","Adjusted_Close":"18.2900","Volume":"75005500"},{"Date":"2012-07-06","Adjusted_Close":"18.3175","Volume":"55182800"},{"Date":"2012-06-29","Adjusted_Close":"17.6560","Volume":"53151900"},{"Date":"2012-06-22","Adjusted_Close":"17.5986","Volume":"63270800"},{"Date":"2012-06-15","Adjusted_Close":"17.3576","Volume":"71466200"},{"Date":"2012-06-08","Adjusted_Close":"17.5448","Volume":"74069600"},{"Date":"2012-06-01","Adjusted_Close":"16.9604","Volume":"68664300"},{"Date":"2012-05-25","Adjusted_Close":"16.9997","Volume":"97700400"},{"Date":"2012-05-18","Adjusted_Close":"16.0350","Volume":"101406100"},{"Date":"2012-05-11","Adjusted_Close":"17.1333","Volume":"77529300"},{"Date":"2012-05-04","Adjusted_Close":"17.0892","Volume":"88038400"},{"Date":"2012-04-27","Adjusted_Close":"18.2305","Volume":"138973100"},{"Date":"2012-04-20","Adjusted_Close":"17.3229","Volume":"174876800"},{"Date":"2012-04-13","Adjusted_Close":"18.2979","Volume":"130637800"},{"Date":"2012-04-05","Adjusted_Close":"19.1580","Volume":"94542500"},{"Date":"2012-03-30","Adjusted_Close":"18.1262","Volume":"114200300"},{"Date":"2012-03-23","Adjusted_Close":"18.0204","Volume":"122010700"},{"Date":"2012-03-16","Adjusted_Close":"17.7035","Volume":"160792400"},{"Date":"2012-03-09","Adjusted_Close":"16.4821","Volume":"119759300"},{"Date":"2012-03-02","Adjusted_Close":"16.4824","Volume":"114820100"},{"Date":"2012-02-24","Adjusted_Close":"15.7940","Volume":"73999900"},{"Date":"2012-02-17","Adjusted_Close":"15.1806","Volume":"141574700"},{"Date":"2012-02-10","Adjusted_Close":"14.9175","Volume":"88894400"},{"Date":"2012-02-03","Adjusted_Close":"13.8975","Volume":"54088100"},{"Date":"2012-01-27","Adjusted_Close":"13.5226","Volume":"86989600"},{"Date":"2012-01-20","Adjusted_Close":"12.7069","Volume":"42692900"},{"Date":"2012-01-13","Adjusted_Close":"12.6921","Volume":"46639800"},{"Date":"2012-01-06","Adjusted_Close":"12.7704","Volume":"41135900"},{"Date":"2011-12-30","Adjusted_Close":"12.2443","Volume":"31763500"},{"Date":"2011-12-23","Adjusted_Close":"12.1939","Volume":"46694700"},{"Date":"2011-12-16","Adjusted_Close":"11.5194","Volume":"61591500"},{"Date":"2011-12-09","Adjusted_Close":"11.9003","Volume":"57818000"},{"Date":"2011-12-02","Adjusted_Close":"11.7818","Volume":"67658700"},{"Date":"2011-11-25","Adjusted_Close":"10.9918","Volume":"55001200"},{"Date":"2011-11-18","Adjusted_Close":"11.3355","Volume":"73741600"},{"Date":"2011-11-11","Adjusted_Close":"11.6282","Volume":"93855000"},{"Date":"2011-11-04","Adjusted_Close":"12.1004","Volume":"71009200"},{"Date":"2011-10-28","Adjusted_Close":"12.2428","Volume":"78799200"},{"Date":"2011-10-21","Adjusted_Close":"11.8776","Volume":"137222200"},{"Date":"2011-10-14","Adjusted_Close":"12.7583","Volume":"95358600"},{"Date":"2011-10-07","Adjusted_Close":"11.1801","Volume":"144188800"},{"Date":"2011-09-30","Adjusted_Close":"11.5284","Volume":"109776400"},{"Date":"2011-09-23","Adjusted_Close":"12.2232","Volume":"132869600"},{"Date":"2011-09-16","Adjusted_Close":"12.1083","Volume":"91408900"},{"Date":"2011-09-09","Adjusted_Close":"11.4123","Volume":"65758800"},{"Date":"2011-09-02","Adjusted_Close":"11.3086","Volume":"76015800"},{"Date":"2011-08-26","Adjusted_Close":"11.5968","Volume":"118972900"},{"Date":"2011-08-19","Adjusted_Close":"10.7638","Volume":"108167100"},{"Date":"2011-08-12","Adjusted_Close":"11.3975","Volume":"156286400"},{"Date":"2011-08-05","Adjusted_Close":"11.2956","Volume":"145031500"},{"Date":"2011-07-29","Adjusted_Close":"11.8054","Volume":"105440400"},{"Date":"2011-07-22","Adjusted_Close":"11.8906","Volume":"120585800"},{"Date":"2011-07-15","Adjusted_Close":"11.0326","Volume":"78604400"},{"Date":"2011-07-08","Adjusted_Close":"10.8751","Volume":"60320600"},{"Date":"2011-07-01","Adjusted_Close":"10.3778","Volume":"62318800"},{"Date":"2011-06-24","Adjusted_Close":"9.8665","Volume":"90149200"},{"Date":"2011-06-17","Adjusted_Close":"9.6824","Volume":"78173200"},{"Date":"2011-06-10","Adjusted_Close":"9.8529","Volume":"72660500"},{"Date":"2011-06-03","Adjusted_Close":"10.3832","Volume":"58016800"},{"Date":"2011-05-27","Adjusted_Close":"10.2009","Volume":"50925400"},{"Date":"2011-05-20","Adjusted_Close":"10.1347","Volume":"65572300"},{"Date":"2011-05-13","Adjusted_Close":"10.2943","Volume":"52534100"},{"Date":"2011-05-06","Adjusted_Close":"10.4806","Volume":"62907700"},{"Date":"2011-04-29","Adjusted_Close":"10.5855","Volume":"83173700"},{"Date":"2011-04-21","Adjusted_Close":"10.6026","Volume":"88705500"},{"Date":"2011-04-15","Adjusted_Close":"9.9001","Volume":"68793300"},{"Date":"2011-04-08","Adjusted_Close":"10.1299","Volume":"74869200"},{"Date":"2011-04-01","Adjusted_Close":"10.4171","Volume":"60155100"},{"Date":"2011-03-25","Adjusted_Close":"10.6281","Volume":"70069400"},{"Date":"2011-03-18","Adjusted_Close":"9.9971","Volume":"133274500"},{"Date":"2011-03-11","Adjusted_Close":"10.6417","Volume":"83370200"},{"Date":"2011-03-04","Adjusted_Close":"10.8839","Volume":"86280600"},{"Date":"2011-02-25","Adjusted_Close":"10.5259","Volume":"86583200"},{"Date":"2011-02-18","Adjusted_Close":"10.5985","Volume":"86513900"},{"Date":"2011-02-11","Adjusted_Close":"10.7886","Volume":"94461800"},{"Date":"2011-02-04","Adjusted_Close":"10.4757","Volume":"63516900"},{"Date":"2011-01-28","Adjusted_Close":"10.1613","Volume":"89482500"},{"Date":"2011-01-21","Adjusted_Close":"9.8777","Volume":"161992900"},{"Date":"2011-01-14","Adjusted_Close":"10.5356","Volume":"64317100"},{"Date":"2011-01-07","Adjusted_Close":"10.1619","Volume":"57932100"},{"Date":"2010-12-31","Adjusted_Close":"9.7519","Volume":"33567200"},{"Date":"2010-12-23","Adjusted_Close":"9.7834","Volume":"40394400"},{"Date":"2010-12-17","Adjusted_Close":"9.6930","Volume":"68467700"},{"Date":"2010-12-10","Adjusted_Close":"9.6915","Volume":"61376200"},{"Date":"2010-12-03","Adjusted_Close":"9.5972","Volume":"79083000"},{"Date":"2010-11-26","Adjusted_Close":"9.5234","Volume":"55851200"},{"Date":"2010-11-19","Adjusted_Close":"9.2734","Volume":"86430000"},{"Date":"2010-11-12","Adjusted_Close":"9.3127","Volume":"78809300"},{"Date":"2010-11-05","Adjusted_Close":"9.5878","Volume":"84639600"},{"Date":"2010-10-29","Adjusted_Close":"9.0995","Volume":"77355600"},{"Date":"2010-10-22","Adjusted_Close":"9.2957","Volume":"141844900"},{"Date":"2010-10-15","Adjusted_Close":"9.5155","Volume":"106210000"},{"Date":"2010-10-08","Adjusted_Close":"8.8906","Volume":"95533600"},{"Date":"2010-10-01","Adjusted_Close":"8.5414","Volume":"111037700"},{"Date":"2010-09-24","Adjusted_Close":"8.8377","Volume":"119558800"},{"Date":"2010-09-17","Adjusted_Close":"8.3253","Volume":"89745700"},{"Date":"2010-09-10","Adjusted_Close":"7.9637","Volume":"60543800"},{"Date":"2010-09-03","Adjusted_Close":"7.8234","Volume":"87047500"},{"Date":"2010-08-27","Adjusted_Close":"7.3049","Volume":"93870400"},{"Date":"2010-08-20","Adjusted_Close":"7.5474","Volume":"67560800"},{"Date":"2010-08-13","Adjusted_Close":"7.5310","Volume":"80889000"},{"Date":"2010-08-06","Adjusted_Close":"7.8633","Volume":"71431400"},{"Date":"2010-07-30","Adjusted_Close":"7.7774","Volume":"93475900"},{"Date":"2010-07-23","Adjusted_Close":"7.8588","Volume":"159421700"},{"Date":"2010-07-16","Adjusted_Close":"7.5552","Volume":"158234800"},{"Date":"2010-07-09","Adjusted_Close":"7.8491","Volume":"87187800"},{"Date":"2010-07-02","Adjusted_Close":"7.4657","Volume":"149088700"},{"Date":"2010-06-25","Adjusted_Close":"8.0631","Volume":"125943900"},{"Date":"2010-06-18","Adjusted_Close":"8.2861","Volume":"129613900"},{"Date":"2010-06-11","Adjusted_Close":"7.6644","Volume":"145159200"},{"Date":"2010-06-04","Adjusted_Close":"7.7386","Volume":"106194000"},{"Date":"2010-05-28","Adjusted_Close":"7.7662","Volume":"147671300"},{"Date":"2010-05-21","Adjusted_Close":"7.3261","Volume":"181358800"},{"Date":"2010-05-14","Adjusted_Close":"7.6737","Volume":"137381000"},{"Date":"2010-05-07","Adjusted_Close":"7.1307","Volume":"179398000"},{"Date":"2010-04-30","Adjusted_Close":"7.8935","Volume":"108861400"},{"Date":"2010-04-23","Adjusted_Close":"8.1880","Volume":"138500800"},{"Date":"2010-04-16","Adjusted_Close":"7.4796","Volume":"77523000"},{"Date":"2010-04-09","Adjusted_Close":"7.3100","Volume":"95257100"},{"Date":"2010-04-01","Adjusted_Close":"7.1341","Volume":"75066400"},{"Date":"2010-03-26","Adjusted_Close":"6.9808","Volume":"101421100"},{"Date":"2010-03-19","Adjusted_Close":"6.7193","Volume":"81890100"},{"Date":"2010-03-12","Adjusted_Close":"6.8508","Volume":"98871100"},{"Date":"2010-03-05","Adjusted_Close":"6.6195","Volume":"98369800"},{"Date":"2010-02-26","Adjusted_Close":"6.1863","Volume":"92814700"},{"Date":"2010-02-19","Adjusted_Close":"6.0971","Volume":"64943900"},{"Date":"2010-02-12","Adjusted_Close":"6.0581","Volume":"95976200"},{"Date":"2010-02-05","Adjusted_Close":"5.9093","Volume":"131125200"},{"Date":"2010-01-29","Adjusted_Close":"5.8066","Volume":"252672600"},{"Date":"2010-01-22","Adjusted_Close":"5.9786","Volume":"101145800"},{"Date":"2010-01-15","Adjusted_Close":"6.2259","Volume":"96055100"},{"Date":"2010-01-08","Adjusted_Close":"6.4088","Volume":"91876300"},{"Date":"2009-12-31","Adjusted_Close":"6.3711","Volume":"66223800"},{"Date":"2009-12-24","Adjusted_Close":"6.3199","Volume":"64565600"},{"Date":"2009-12-18","Adjusted_Close":"5.9084","Volume":"80923000"},{"Date":"2009-12-11","Adjusted_Close":"5.8855","Volume":"107478000"},{"Date":"2009-12-04","Adjusted_Close":"5.8446","Volume":"102910200"},{"Date":"2009-11-27","Adjusted_Close":"6.0644","Volume":"49108800"},{"Date":"2009-11-20","Adjusted_Close":"6.0442","Volume":"78751200"},{"Date":"2009-11-13","Adjusted_Close":"6.1811","Volume":"74317600"},{"Date":"2009-11-06","Adjusted_Close":"5.8755","Volume":"84605500"},{"Date":"2009-10-30","Adjusted_Close":"5.6989","Volume":"119538300"},{"Date":"2009-10-23","Adjusted_Close":"6.1657","Volume":"160327700"},{"Date":"2009-10-16","Adjusted_Close":"5.6853","Volume":"64876400"},{"Date":"2009-10-09","Adjusted_Close":"5.7585","Volume":"79477500"},{"Date":"2009-10-02","Adjusted_Close":"5.5901","Volume":"82158400"},{"Date":"2009-09-25","Adjusted_Close":"5.5136","Volume":"85148300"},{"Date":"2009-09-18","Adjusted_Close":"5.5937","Volume":"104095000"},{"Date":"2009-09-11","Adjusted_Close":"5.2049","Volume":"70222500"},{"Date":"2009-09-04","Adjusted_Close":"5.1490","Volume":"64757100"},{"Date":"2009-08-28","Adjusted_Close":"5.1411","Volume":"69220200"},{"Date":"2009-08-21","Adjusted_Close":"5.1160","Volume":"75961100"},{"Date":"2009-08-14","Adjusted_Close":"5.0423","Volume":"65946600"},{"Date":"2009-08-07","Adjusted_Close":"5.0039","Volume":"69364500"},{"Date":"2009-07-31","Adjusted_Close":"4.9398","Volume":"73970200"},{"Date":"2009-07-24","Adjusted_Close":"4.8369","Volume":"123204900"},{"Date":"2009-07-17","Adjusted_Close":"4.5879","Volume":"82573600"},{"Date":"2009-07-10","Adjusted_Close":"4.1879","Volume":"83018400"},{"Date":"2009-07-02","Adjusted_Close":"4.2332","Volume":"63803500"},{"Date":"2009-06-26","Adjusted_Close":"4.3064","Volume":"101993000"},{"Date":"2009-06-19","Adjusted_Close":"4.2169","Volume":"99125200"},{"Date":"2009-06-12","Adjusted_Close":"4.1410","Volume":"120898200"},{"Date":"2009-06-05","Adjusted_Close":"4.3738","Volume":"94902600"},{"Date":"2009-05-29","Adjusted_Close":"4.1059","Volume":"79551300"},{"Date":"2009-05-22","Adjusted_Close":"3.7035","Volume":"68778300"},{"Date":"2009-05-15","Adjusted_Close":"3.7011","Volume":"86625200"},{"Date":"2009-05-08","Adjusted_Close":"3.9058","Volume":"88603300"},{"Date":"2009-05-01","Adjusted_Close":"3.8468","Volume":"81809400"},{"Date":"2009-04-24","Adjusted_Close":"3.7459","Volume":"120065700"},{"Date":"2009-04-17","Adjusted_Close":"3.7314","Volume":"83845800"},{"Date":"2009-04-09","Adjusted_Close":"3.6150","Volume":"77894000"},{"Date":"2009-04-03","Adjusted_Close":"3.5067","Volume":"111102000"},{"Date":"2009-03-27","Adjusted_Close":"3.2304","Volume":"109384000"},{"Date":"2009-03-20","Adjusted_Close":"3.0714","Volume":"127703400"},{"Date":"2009-03-13","Adjusted_Close":"2.9002","Volume":"134234100"},{"Date":"2009-03-06","Adjusted_Close":"2.5789","Volume":"141240000"},{"Date":"2009-02-27","Adjusted_Close":"2.7001","Volume":"134416700"},{"Date":"2009-02-20","Adjusted_Close":"2.7572","Volume":"108433500"},{"Date":"2009-02-13","Adjusted_Close":"2.9979","Volume":"130900400"},{"Date":"2009-02-06","Adjusted_Close":"3.0148","Volume":"121515500"},{"Date":"2009-01-30","Adjusted_Close":"2.7249","Volume":"121996100"},{"Date":"2009-01-23","Adjusted_Close":"2.6714","Volume":"149374400"},{"Date":"2009-01-16","Adjusted_Close":"2.4891","Volume":"189894200"},{"Date":"2009-01-09","Adjusted_Close":"2.7385","Volume":"158725500"},{"Date":"2009-01-02","Adjusted_Close":"2.7436","Volume":"107398500"},{"Date":"2008-12-26","Adjusted_Close":"2.5943","Volume":"73551100"},{"Date":"2008-12-19","Adjusted_Close":"2.7210","Volume":"176373600"},{"Date":"2008-12-12","Adjusted_Close":"2.9710","Volume":"193159900"},{"Date":"2008-12-05","Adjusted_Close":"2.8419","Volume":"198083400"},{"Date":"2008-11-28","Adjusted_Close":"2.8017","Volume":"138398600"},{"Date":"2008-11-21","Adjusted_Close":"2.4966","Volume":"243936000"},{"Date":"2008-11-14","Adjusted_Close":"2.7282","Volume":"242381800"},{"Date":"2008-11-07","Adjusted_Close":"2.9701","Volume":"218835800"},{"Date":"2008-10-31","Adjusted_Close":"3.2528","Volume":"288990300"},{"Date":"2008-10-24","Adjusted_Close":"2.9139","Volume":"330611700"},{"Date":"2008-10-17","Adjusted_Close":"2.9447","Volume":"315964100"},{"Date":"2008-10-10","Adjusted_Close":"2.9266","Volume":"358236200"},{"Date":"2008-10-03","Adjusted_Close":"2.9347","Volume":"337463800"},{"Date":"2008-09-26","Adjusted_Close":"3.8771","Volume":"189878200"},{"Date":"2008-09-19","Adjusted_Close":"4.2601","Volume":"229573400"},{"Date":"2008-09-12","Adjusted_Close":"4.5029","Volume":"179582500"},{"Date":"2008-09-05","Adjusted_Close":"4.8427","Volume":"108781000"},{"Date":"2008-08-29","Adjusted_Close":"5.1254","Volume":"87086800"},{"Date":"2008-08-22","Adjusted_Close":"5.3449","Volume":"94804500"},{"Date":"2008-08-15","Adjusted_Close":"5.3131","Volume":"142481500"},{"Date":"2008-08-08","Adjusted_Close":"5.1260","Volume":"123524200"},{"Date":"2008-08-01","Adjusted_Close":"4.7363","Volume":"120432300"},{"Date":"2008-07-25","Adjusted_Close":"4.9014","Volume":"206253100"},{"Date":"2008-07-18","Adjusted_Close":"4.9930","Volume":"153565300"},{"Date":"2008-07-11","Adjusted_Close":"5.2176","Volume":"156257800"},{"Date":"2008-07-03","Adjusted_Close":"5.1432","Volume":"112727100"},{"Date":"2008-06-27","Adjusted_Close":"5.1423","Volume":"136572800"},{"Date":"2008-06-20","Adjusted_Close":"5.2989","Volume":"158684700"},{"Date":"2008-06-13","Adjusted_Close":"5.2113","Volume":"237327700"},{"Date":"2008-06-06","Adjusted_Close":"5.6124","Volume":"138543300"},{"Date":"2008-05-30","Adjusted_Close":"5.7065","Volume":"99687700"},{"Date":"2008-05-23","Adjusted_Close":"5.4773","Volume":"185249300"},{"Date":"2008-05-16","Adjusted_Close":"5.6723","Volume":"149914300"},{"Date":"2008-05-09","Adjusted_Close":"5.5462","Volume":"160811400"},{"Date":"2008-05-02","Adjusted_Close":"5.4704","Volume":"169995500"},{"Date":"2008-04-25","Adjusted_Close":"5.1314","Volume":"238266300"},{"Date":"2008-04-18","Adjusted_Close":"4.8687","Volume":"145354700"},{"Date":"2008-04-11","Adjusted_Close":"4.4485","Volume":"186137800"},{"Date":"2008-04-04","Adjusted_Close":"4.6281","Volume":"169699500"},{"Date":"2008-03-28","Adjusted_Close":"4.3236","Volume":"179137000"},{"Date":"2008-03-20","Adjusted_Close":"4.0291","Volume":"149894400"},{"Date":"2008-03-14","Adjusted_Close":"3.8278","Volume":"201496600"},{"Date":"2008-03-07","Adjusted_Close":"3.6960","Volume":"260872300"},{"Date":"2008-02-29","Adjusted_Close":"3.7797","Volume":"253947700"},{"Date":"2008-02-22","Adjusted_Close":"3.6116","Volume":"158588500"},{"Date":"2008-02-15","Adjusted_Close":"3.7679","Volume":"187548000"},{"Date":"2008-02-08","Adjusted_Close":"3.7936","Volume":"251887600"},{"Date":"2008-02-01","Adjusted_Close":"4.0437","Volume":"220510600"},{"Date":"2008-01-25","Adjusted_Close":"3.9306","Volume":"334583200"},{"Date":"2008-01-18","Adjusted_Close":"4.8784","Volume":"326420600"},{"Date":"2008-01-11","Adjusted_Close":"5.2209","Volume":"290184000"},{"Date":"2008-01-04","Adjusted_Close":"5.4434","Volume":"139871800"},{"Date":"2007-12-28","Adjusted_Close":"6.0415","Volume":"95682500"},{"Date":"2007-12-21","Adjusted_Close":"5.8625","Volume":"172956900"},{"Date":"2007-12-14","Adjusted_Close":"5.7561","Volume":"164210500"},{"Date":"2007-12-07","Adjusted_Close":"5.8743","Volume":"164055300"},{"Date":"2007-11-30","Adjusted_Close":"5.5091","Volume":"214729500"},{"Date":"2007-11-23","Adjusted_Close":"5.1862","Volume":"156487100"},{"Date":"2007-11-16","Adjusted_Close":"5.0305","Volume":"279592300"},{"Date":"2007-11-09","Adjusted_Close":"4.9996","Volume":"220356800"},{"Date":"2007-11-02","Adjusted_Close":"5.6799","Volume":"147158200"},{"Date":"2007-10-26","Adjusted_Close":"5.5840","Volume":"229058000"},{"Date":"2007-10-19","Adjusted_Close":"5.1523","Volume":"192458200"},{"Date":"2007-10-12","Adjusted_Close":"5.0566","Volume":"187141900"},{"Date":"2007-10-05","Adjusted_Close":"4.8811","Volume":"140074500"},{"Date":"2007-09-28","Adjusted_Close":"4.6399","Volume":"160474300"},{"Date":"2007-09-21","Adjusted_Close":"4.3581","Volume":"168395100"},{"Date":"2007-09-14","Adjusted_Close":"4.1966","Volume":"169499200"},{"Date":"2007-09-07","Adjusted_Close":"3.9838","Volume":"249175100"},{"Date":"2007-08-31","Adjusted_Close":"4.1867","Volume":"191647700"},{"Date":"2007-08-24","Adjusted_Close":"4.0905","Volume":"176671500"},{"Date":"2007-08-17","Adjusted_Close":"3.6902","Volume":"198090100"},{"Date":"2007-08-10","Adjusted_Close":"3.7791","Volume":"186405300"},{"Date":"2007-08-03","Adjusted_Close":"3.9862","Volume":"219691800"},{"Date":"2007-07-27","Adjusted_Close":"4.3490","Volume":"274131900"},{"Date":"2007-07-20","Adjusted_Close":"4.3460","Volume":"153699800"},{"Date":"2007-07-13","Adjusted_Close":"4.1640","Volume":"167314800"},{"Date":"2007-07-06","Adjusted_Close":"3.9998","Volume":"160181800"},{"Date":"2007-06-29","Adjusted_Close":"3.6896","Volume":"187896100"},{"Date":"2007-06-22","Adjusted_Close":"3.7187","Volume":"151788000"},{"Date":"2007-06-15","Adjusted_Close":"3.6431","Volume":"243095100"},{"Date":"2007-06-08","Adjusted_Close":"3.7637","Volume":"217016500"},{"Date":"2007-06-01","Adjusted_Close":"3.5796","Volume":"153802400"},{"Date":"2007-05-25","Adjusted_Close":"3.4351","Volume":"130142800"},{"Date":"2007-05-18","Adjusted_Close":"3.3262","Volume":"146066600"},{"Date":"2007-05-11","Adjusted_Close":"3.2875","Volume":"150509500"},{"Date":"2007-05-04","Adjusted_Close":"3.0478","Volume":"93294400"},{"Date":"2007-04-27","Adjusted_Close":"3.0209","Volume":"194995300"},{"Date":"2007-04-20","Adjusted_Close":"2.7503","Volume":"99060400"},{"Date":"2007-04-13","Adjusted_Close":"2.7282","Volume":"96123000"},{"Date":"2007-04-05","Adjusted_Close":"2.8625","Volume":"68508100"},{"Date":"2007-03-30","Adjusted_Close":"2.8089","Volume":"145202100"},{"Date":"2007-03-23","Adjusted_Close":"2.8274","Volume":"103612500"},{"Date":"2007-03-16","Adjusted_Close":"2.7086","Volume":"125896000"},{"Date":"2007-03-09","Adjusted_Close":"2.6596","Volume":"112543500"},{"Date":"2007-03-02","Adjusted_Close":"2.5822","Volume":"177023800"},{"Date":"2007-02-23","Adjusted_Close":"2.6928","Volume":"111754800"},{"Date":"2007-02-16","Adjusted_Close":"2.5647","Volume":"92020300"},{"Date":"2007-02-09","Adjusted_Close":"2.5175","Volume":"144630100"},{"Date":"2007-02-02","Adjusted_Close":"2.5622","Volume":"129342000"},{"Date":"2007-01-26","Adjusted_Close":"2.5813","Volume":"195789700"},{"Date":"2007-01-19","Adjusted_Close":"2.6756","Volume":"236407700"},{"Date":"2007-01-12","Adjusted_Close":"2.8606","Volume":"351865300"},{"Date":"2007-01-05","Adjusted_Close":"2.5713","Volume":"104297200"},{"Date":"2006-12-29","Adjusted_Close":"2.5650","Volume":"165098200"},{"Date":"2006-12-22","Adjusted_Close":"2.4851","Volume":"132770600"},{"Date":"2006-12-15","Adjusted_Close":"2.6520","Volume":"141275800"},{"Date":"2006-12-08","Adjusted_Close":"2.6684","Volume":"135702300"},{"Date":"2006-12-01","Adjusted_Close":"2.7609","Volume":"176202100"},{"Date":"2006-11-24","Adjusted_Close":"2.7702","Volume":"85145700"},{"Date":"2006-11-17","Adjusted_Close":"2.5955","Volume":"101975600"},{"Date":"2006-11-10","Adjusted_Close":"2.5130","Volume":"105298000"},{"Date":"2006-11-03","Adjusted_Close":"2.3669","Volume":"89641300"},{"Date":"2006-10-27","Adjusted_Close":"2.4310","Volume":"100309200"},{"Date":"2006-10-20","Adjusted_Close":"2.4171","Volume":"152711300"},{"Date":"2006-10-13","Adjusted_Close":"2.2681","Volume":"100668500"},{"Date":"2006-10-06","Adjusted_Close":"2.2439","Volume":"124402600"},{"Date":"2006-09-29","Adjusted_Close":"2.3273","Volume":"139347700"},{"Date":"2006-09-22","Adjusted_Close":"2.2070","Volume":"132048400"},{"Date":"2006-09-15","Adjusted_Close":"2.2403","Volume":"198697600"},{"Date":"2006-09-08","Adjusted_Close":"2.1925","Volume":"148230000"},{"Date":"2006-09-01","Adjusted_Close":"2.0673","Volume":"119601000"},{"Date":"2006-08-25","Adjusted_Close":"2.0785","Volume":"101378700"},{"Date":"2006-08-18","Adjusted_Close":"2.0531","Volume":"124205700"},{"Date":"2006-08-11","Adjusted_Close":"1.9243","Volume":"166946600"},{"Date":"2006-08-04","Adjusted_Close":"2.0649","Volume":"173188800"},{"Date":"2006-07-28","Adjusted_Close":"1.9830","Volume":"129889500"},{"Date":"2006-07-21","Adjusted_Close":"1.8357","Volume":"224277600"},{"Date":"2006-07-14","Adjusted_Close":"1.5319","Volume":"161594300"},{"Date":"2006-07-07","Adjusted_Close":"1.6749","Volume":"76627900"},{"Date":"2006-06-30","Adjusted_Close":"1.7314","Volume":"124319500"},{"Date":"2006-06-23","Adjusted_Close":"1.7786","Volume":"138095800"},{"Date":"2006-06-16","Adjusted_Close":"1.7402","Volume":"168037500"},{"Date":"2006-06-09","Adjusted_Close":"1.7995","Volume":"151987500"},{"Date":"2006-06-02","Adjusted_Close":"1.8642","Volume":"124024100"},{"Date":"2006-05-26","Adjusted_Close":"1.9213","Volume":"115205100"},{"Date":"2006-05-19","Adjusted_Close":"1.9503","Volume":"138015000"},{"Date":"2006-05-12","Adjusted_Close":"2.0468","Volume":"108602500"},{"Date":"2006-05-05","Adjusted_Close":"2.1734","Volume":"129763100"},{"Date":"2006-04-28","Adjusted_Close":"2.1281","Volume":"126891500"},{"Date":"2006-04-21","Adjusted_Close":"2.0268","Volume":"180670900"},{"Date":"2006-04-13","Adjusted_Close":"2.0096","Volume":"118478700"},{"Date":"2006-04-07","Adjusted_Close":"2.1100","Volume":"292504700"},{"Date":"2006-03-31","Adjusted_Close":"1.8962","Volume":"251115600"},{"Date":"2006-03-24","Adjusted_Close":"1.8128","Volume":"207018200"},{"Date":"2006-03-17","Adjusted_Close":"1.9549","Volume":"141317300"},{"Date":"2006-03-10","Adjusted_Close":"1.9104","Volume":"152901500"},{"Date":"2006-03-03","Adjusted_Close":"2.0474","Volume":"149463600"},{"Date":"2006-02-24","Adjusted_Close":"2.1604","Volume":"112482400"},{"Date":"2006-02-17","Adjusted_Close":"2.1251","Volume":"168870800"},{"Date":"2006-02-10","Adjusted_Close":"2.0350","Volume":"246569800"},{"Date":"2006-02-03","Adjusted_Close":"2.1721","Volume":"151163400"},{"Date":"2006-01-27","Adjusted_Close":"2.1777","Volume":"200465100"},{"Date":"2006-01-20","Adjusted_Close":"2.3004","Volume":"173816700"},{"Date":"2006-01-13","Adjusted_Close":"2.5876","Volume":"232350700"},{"Date":"2006-01-06","Adjusted_Close":"2.3068","Volume":"92168500"},{"Date":"2005-12-30","Adjusted_Close":"2.1734","Volume":"75106900"},{"Date":"2005-12-23","Adjusted_Close":"2.2176","Volume":"74450300"},{"Date":"2005-12-16","Adjusted_Close":"2.1499","Volume":"132209300"},{"Date":"2005-12-09","Adjusted_Close":"2.2472","Volume":"123787400"},{"Date":"2005-12-02","Adjusted_Close":"2.1958","Volume":"150510100"},{"Date":"2005-11-25","Adjusted_Close":"2.0964","Volume":"69030700"},{"Date":"2005-11-18","Adjusted_Close":"1.9518","Volume":"103302000"},{"Date":"2005-11-11","Adjusted_Close":"1.8605","Volume":"98440000"},{"Date":"2005-11-04","Adjusted_Close":"1.8487","Volume":"153928900"},{"Date":"2005-10-28","Adjusted_Close":"1.6468","Volume":"103135800"},{"Date":"2005-10-21","Adjusted_Close":"1.6828","Volume":"156771200"},{"Date":"2005-10-14","Adjusted_Close":"1.6326","Volume":"261857300"},{"Date":"2005-10-07","Adjusted_Close":"1.5510","Volume":"110471500"},{"Date":"2005-09-30","Adjusted_Close":"1.6208","Volume":"113653200"},{"Date":"2005-09-23","Adjusted_Close":"1.6084","Volume":"109303300"},{"Date":"2005-09-16","Adjusted_Close":"1.5482","Volume":"86652400"},{"Date":"2005-09-09","Adjusted_Close":"1.5513","Volume":"110713400"},{"Date":"2005-09-02","Adjusted_Close":"1.3974","Volume":"62741400"},{"Date":"2005-08-26","Adjusted_Close":"1.3829","Volume":"64025700"},{"Date":"2005-08-19","Adjusted_Close":"1.3856","Volume":"105114400"},{"Date":"2005-08-12","Adjusted_Close":"1.3937","Volume":"75221000"},{"Date":"2005-08-05","Adjusted_Close":"1.2997","Volume":"49310100"},{"Date":"2005-07-29","Adjusted_Close":"1.2894","Volume":"59298600"},{"Date":"2005-07-22","Adjusted_Close":"1.3303","Volume":"86290200"},{"Date":"2005-07-15","Adjusted_Close":"1.2562","Volume":"151585900"},{"Date":"2005-07-08","Adjusted_Close":"1.1564","Volume":"54405500"},{"Date":"2005-07-01","Adjusted_Close":"1.1035","Volume":"73829300"},{"Date":"2005-06-24","Adjusted_Close":"1.1416","Volume":"78719000"},{"Date":"2005-06-17","Adjusted_Close":"1.1582","Volume":"88955800"},{"Date":"2005-06-10","Adjusted_Close":"1.0826","Volume":"108229500"},{"Date":"2005-06-03","Adjusted_Close":"1.1561","Volume":"78173600"},{"Date":"2005-05-27","Adjusted_Close":"1.2262","Volume":"102627500"},{"Date":"2005-05-20","Adjusted_Close":"1.1352","Volume":"105184800"},{"Date":"2005-05-13","Adjusted_Close":"1.0512","Volume":"161103400"},{"Date":"2005-05-06","Adjusted_Close":"1.1259","Volume":"75873200"},{"Date":"2005-04-29","Adjusted_Close":"1.0902","Volume":"122056900"},{"Date":"2005-04-22","Adjusted_Close":"1.0733","Volume":"176881200"},{"Date":"2005-04-15","Adjusted_Close":"1.0687","Volume":"273426800"},{"Date":"2005-04-08","Adjusted_Close":"1.3224","Volume":"96714900"},{"Date":"2005-04-01","Adjusted_Close":"1.2362","Volume":"86040900"},{"Date":"2005-03-24","Adjusted_Close":"1.2849","Volume":"73395400"},{"Date":"2005-03-18","Adjusted_Close":"1.2988","Volume":"126924200"},{"Date":"2005-03-11","Adjusted_Close":"1.2175","Volume":"150160300"},{"Date":"2005-03-04","Adjusted_Close":"1.2943","Volume":"122158100"},{"Date":"2005-02-25","Adjusted_Close":"1.3452","Volume":"89268100"},{"Date":"2005-02-18","Adjusted_Close":"1.3123","Volume":"141154500"},{"Date":"2005-02-11","Adjusted_Close":"1.2276","Volume":"87500100"},{"Date":"2005-02-04","Adjusted_Close":"1.1918","Volume":"83477900"},{"Date":"2005-01-28","Adjusted_Close":"1.1183","Volume":"68717800"},{"Date":"2005-01-21","Adjusted_Close":"1.0656","Volume":"64010900"},{"Date":"2005-01-14","Adjusted_Close":"1.0612","Volume":"199858900"},{"Date":"2005-01-07","Adjusted_Close":"1.0468","Volume":"96468600"},{"Date":"2004-12-31","Adjusted_Close":"0.9735","Volume":"40084600"},{"Date":"2004-12-23","Adjusted_Close":"0.9676","Volume":"54362500"},{"Date":"2004-12-17","Adjusted_Close":"0.9824","Volume":"55691700"},{"Date":"2004-12-10","Adjusted_Close":"0.9848","Volume":"80607100"},{"Date":"2004-12-03","Adjusted_Close":"0.9475","Volume":"103005000"},{"Date":"2004-11-26","Adjusted_Close":"0.9758","Volume":"96796300"},{"Date":"2004-11-19","Adjusted_Close":"0.8340","Volume":"40952300"},{"Date":"2004-11-12","Adjusted_Close":"0.8390","Volume":"41327900"},{"Date":"2004-11-05","Adjusted_Close":"0.8272","Volume":"83390800"},{"Date":"2004-10-29","Adjusted_Close":"0.7921","Volume":"68839000"},{"Date":"2004-10-22","Adjusted_Close":"0.7167","Volume":"68132600"},{"Date":"2004-10-15","Adjusted_Close":"0.6878","Volume":"102618300"},{"Date":"2004-10-08","Adjusted_Close":"0.5904","Volume":"39498700"},{"Date":"2004-10-01","Adjusted_Close":"0.5846","Volume":"34189800"},{"Date":"2004-09-24","Adjusted_Close":"0.5637","Volume":"32147000"},{"Date":"2004-09-17","Adjusted_Close":"0.5614","Volume":"31673100"},{"Date":"2004-09-10","Adjusted_Close":"0.5422","Volume":"25622100"},{"Date":"2004-09-03","Adjusted_Close":"0.5326","Volume":"32325400"},{"Date":"2004-08-27","Adjusted_Close":"0.5193","Volume":"44269400"},{"Date":"2004-08-20","Adjusted_Close":"0.4656","Volume":"32661600"},{"Date":"2004-08-13","Adjusted_Close":"0.4662","Volume":"27116500"},{"Date":"2004-08-06","Adjusted_Close":"0.4502","Volume":"28392900"},{"Date":"2004-07-30","Adjusted_Close":"0.4889","Volume":"28020900"},{"Date":"2004-07-23","Adjusted_Close":"0.4641","Volume":"31533300"},{"Date":"2004-07-16","Adjusted_Close":"0.4868","Volume":"69994700"},{"Date":"2004-07-09","Adjusted_Close":"0.4539","Volume":"21236000"},{"Date":"2004-07-02","Adjusted_Close":"0.4698","Volume":"48880700"},{"Date":"2004-06-25","Adjusted_Close":"0.5094","Volume":"30670300"},{"Date":"2004-06-18","Adjusted_Close":"0.4975","Volume":"45639900"},{"Date":"2004-06-10","Adjusted_Close":"0.4647","Volume":"23540700"},{"Date":"2004-06-04","Adjusted_Close":"0.4351","Volume":"20551600"},{"Date":"2004-05-28","Adjusted_Close":"0.4242","Volume":"22490000"},{"Date":"2004-05-21","Adjusted_Close":"0.4098","Volume":"22469500"},{"Date":"2004-05-14","Adjusted_Close":"0.4091","Volume":"23004000"},{"Date":"2004-05-07","Adjusted_Close":"0.4032","Volume":"26755700"},{"Date":"2004-04-30","Adjusted_Close":"0.3897","Volume":"29883100"},{"Date":"2004-04-23","Adjusted_Close":"0.4187","Volume":"36663600"},{"Date":"2004-04-16","Adjusted_Close":"0.4411","Volume":"61983000"},{"Date":"2004-04-08","Adjusted_Close":"0.4162","Volume":"20351800"},{"Date":"2004-04-02","Adjusted_Close":"0.4157","Volume":"30249800"},{"Date":"2004-03-26","Adjusted_Close":"0.4087","Volume":"39626800"},{"Date":"2004-03-19","Adjusted_Close":"0.3909","Volume":"39790000"},{"Date":"2004-03-12","Adjusted_Close":"0.4166","Volume":"54879900"},{"Date":"2004-03-05","Adjusted_Close":"0.4042","Volume":"53648600"},{"Date":"2004-02-27","Adjusted_Close":"0.3616","Volume":"24940300"},{"Date":"2004-02-20","Adjusted_Close":"0.3386","Volume":"16308500"},{"Date":"2004-02-13","Adjusted_Close":"0.3477","Volume":"23073500"},{"Date":"2004-02-06","Adjusted_Close":"0.3433","Volume":"23571100"},{"Date":"2004-01-30","Adjusted_Close":"0.3410","Volume":"22352500"},{"Date":"2004-01-23","Adjusted_Close":"0.3410","Volume":"17406800"},{"Date":"2004-01-16","Adjusted_Close":"0.3434","Volume":"56743500"},{"Date":"2004-01-09","Adjusted_Close":"0.3477","Volume":"42482200"},{"Date":"2004-01-02","Adjusted_Close":"0.3217","Volume":"13525100"},{"Date":"2003-12-26","Adjusted_Close":"0.3141","Volume":"17263100"},{"Date":"2003-12-19","Adjusted_Close":"0.2978","Volume":"32528600"},{"Date":"2003-12-12","Adjusted_Close":"0.3158","Volume":"16616600"},{"Date":"2003-12-05","Adjusted_Close":"0.3152","Volume":"20040100"},{"Date":"2003-11-28","Adjusted_Close":"0.3161","Volume":"17351900"},{"Date":"2003-11-21","Adjusted_Close":"0.3066","Volume":"23597500"},{"Date":"2003-11-14","Adjusted_Close":"0.3244","Volume":"21413800"},{"Date":"2003-11-07","Adjusted_Close":"0.3401","Volume":"26460100"},{"Date":"2003-10-31","Adjusted_Close":"0.3460","Volume":"20705700"},{"Date":"2003-10-24","Adjusted_Close":"0.3416","Volume":"17897500"},{"Date":"2003-10-17","Adjusted_Close":"0.3439","Volume":"44658600"},{"Date":"2003-10-10","Adjusted_Close":"0.3580","Volume":"29245700"},{"Date":"2003-10-03","Adjusted_Close":"0.3279","Volume":"24837500"},{"Date":"2003-09-26","Adjusted_Close":"0.3128","Volume":"27414100"},{"Date":"2003-09-19","Adjusted_Close":"0.3413","Volume":"22216300"},{"Date":"2003-09-12","Adjusted_Close":"0.3492","Volume":"17253200"},{"Date":"2003-09-05","Adjusted_Close":"0.3401","Volume":"16979900"},{"Date":"2003-08-29","Adjusted_Close":"0.3418","Volume":"19843300"},{"Date":"2003-08-22","Adjusted_Close":"0.3156","Volume":"19736900"},{"Date":"2003-08-15","Adjusted_Close":"0.2979","Volume":"16150200"},{"Date":"2003-08-08","Adjusted_Close":"0.2969","Volume":"18518900"},{"Date":"2003-08-01","Adjusted_Close":"0.3134","Volume":"17716800"},{"Date":"2003-07-25","Adjusted_Close":"0.3256","Volume":"17342700"},{"Date":"2003-07-18","Adjusted_Close":"0.3153","Volume":"30286300"},{"Date":"2003-07-11","Adjusted_Close":"0.3001","Volume":"19008000"},{"Date":"2003-07-03","Adjusted_Close":"0.2892","Volume":"15468100"},{"Date":"2003-06-27","Adjusted_Close":"0.2831","Volume":"29983100"},{"Date":"2003-06-20","Adjusted_Close":"0.2902","Volume":"28733000"},{"Date":"2003-06-13","Adjusted_Close":"0.2633","Volume":"19741900"},{"Date":"2003-06-06","Adjusted_Close":"0.2592","Volume":"26741700"},{"Date":"2003-05-30","Adjusted_Close":"0.2713","Volume":"24041500"},{"Date":"2003-05-23","Adjusted_Close":"0.2769","Volume":"27719600"},{"Date":"2003-05-16","Adjusted_Close":"0.2842","Volume":"33005000"},{"Date":"2003-05-09","Adjusted_Close":"0.2766","Volume":"96441100"},{"Date":"2003-05-02","Adjusted_Close":"0.2184","Volume":"39592000"},{"Date":"2003-04-25","Adjusted_Close":"0.2018","Volume":"21303500"},{"Date":"2003-04-17","Adjusted_Close":"0.1983","Volume":"43560000"},{"Date":"2003-04-11","Adjusted_Close":"0.1995","Volume":"35220200"},{"Date":"2003-04-04","Adjusted_Close":"0.2178","Volume":"15609000"},{"Date":"2003-03-28","Adjusted_Close":"0.2202","Volume":"13836400"},{"Date":"2003-03-21","Adjusted_Close":"0.2267","Volume":"22006000"},{"Date":"2003-03-14","Adjusted_Close":"0.2234","Volume":"17979800"},{"Date":"2003-03-07","Adjusted_Close":"0.2196","Volume":"13530400"},{"Date":"2003-02-28","Adjusted_Close":"0.2269","Volume":"16704100"},{"Date":"2003-02-21","Adjusted_Close":"0.2267","Volume":"16304700"},{"Date":"2003-02-14","Adjusted_Close":"0.2218","Volume":"18091900"},{"Date":"2003-02-07","Adjusted_Close":"0.2139","Volume":"22369000"},{"Date":"2003-01-31","Adjusted_Close":"0.2171","Volume":"32124800"},{"Date":"2003-01-24","Adjusted_Close":"0.2086","Volume":"17898600"},{"Date":"2003-01-17","Adjusted_Close":"0.2131","Volume":"27906500"},{"Date":"2003-01-10","Adjusted_Close":"0.2225","Volume":"24158500"},{"Date":"2003-01-03","Adjusted_Close":"0.2252","Volume":"12225900"},{"Date":"2002-12-27","Adjusted_Close":"0.2125","Volume":"5904000"},{"Date":"2002-12-20","Adjusted_Close":"0.2137","Volume":"23046500"},{"Date":"2002-12-13","Adjusted_Close":"0.2236","Volume":"19862800"},{"Date":"2002-12-06","Adjusted_Close":"0.2260","Volume":"25734400"},{"Date":"2002-11-29","Adjusted_Close":"0.2343","Volume":"15534300"},{"Date":"2002-11-22","Adjusted_Close":"0.2420","Volume":"21975200"},{"Date":"2002-11-15","Adjusted_Close":"0.2411","Volume":"16271700"},{"Date":"2002-11-08","Adjusted_Close":"0.2394","Volume":"23752600"},{"Date":"2002-11-01","Adjusted_Close":"0.2473","Volume":"24371800"},{"Date":"2002-10-25","Adjusted_Close":"0.2331","Volume":"19991500"},{"Date":"2002-10-18","Adjusted_Close":"0.2168","Volume":"29734700"},{"Date":"2002-10-11","Adjusted_Close":"0.2193","Volume":"29844300"},{"Date":"2002-10-04","Adjusted_Close":"0.2121","Volume":"21753400"},{"Date":"2002-09-27","Adjusted_Close":"0.2225","Volume":"21140200"},{"Date":"2002-09-20","Adjusted_Close":"0.2248","Volume":"28607400"},{"Date":"2002-09-13","Adjusted_Close":"0.2142","Volume":"20766200"},{"Date":"2002-09-06","Adjusted_Close":"0.2174","Volume":"19738700"},{"Date":"2002-08-30","Adjusted_Close":"0.2230","Volume":"18890400"},{"Date":"2002-08-23","Adjusted_Close":"0.2378","Volume":"18342300"},{"Date":"2002-08-16","Adjusted_Close":"0.2390","Volume":"25286100"},{"Date":"2002-08-09","Adjusted_Close":"0.2267","Volume":"22189600"},{"Date":"2002-08-02","Adjusted_Close":"0.2184","Volume":"24080600"},{"Date":"2002-07-26","Adjusted_Close":"0.2168","Volume":"34365000"},{"Date":"2002-07-19","Adjusted_Close":"0.2261","Volume":"51837800"},{"Date":"2002-07-12","Adjusted_Close":"0.2645","Volume":"26107200"},{"Date":"2002-07-05","Adjusted_Close":"0.2833","Volume":"15867100"},{"Date":"2002-06-28","Adjusted_Close":"0.2679","Volume":"32385800"},{"Date":"2002-06-21","Adjusted_Close":"0.2547","Volume":"57665200"},{"Date":"2002-06-14","Adjusted_Close":"0.3038","Volume":"34513800"},{"Date":"2002-06-07","Adjusted_Close":"0.3235","Volume":"30935500"},{"Date":"2002-05-31","Adjusted_Close":"0.3522","Volume":"16667500"},{"Date":"2002-05-24","Adjusted_Close":"0.3651","Volume":"24595600"},{"Date":"2002-05-17","Adjusted_Close":"0.3781","Volume":"28419400"},{"Date":"2002-05-10","Adjusted_Close":"0.3525","Volume":"24805500"},{"Date":"2002-05-03","Adjusted_Close":"0.3554","Volume":"22108600"},{"Date":"2002-04-26","Adjusted_Close":"0.3478","Volume":"20402300"},{"Date":"2002-04-19","Adjusted_Close":"0.3776","Volume":"37273500"},{"Date":"2002-04-12","Adjusted_Close":"0.3788","Volume":"25098600"},{"Date":"2002-04-05","Adjusted_Close":"0.3740","Volume":"22039600"},{"Date":"2002-03-28","Adjusted_Close":"0.3578","Volume":"13514800"},{"Date":"2002-03-22","Adjusted_Close":"0.3642","Volume":"29638700"},{"Date":"2002-03-15","Adjusted_Close":"0.3772","Volume":"20996500"},{"Date":"2002-03-08","Adjusted_Close":"0.3728","Volume":"24592700"},{"Date":"2002-03-01","Adjusted_Close":"0.3545","Volume":"45054800"},{"Date":"2002-02-22","Adjusted_Close":"0.3437","Volume":"27302300"},{"Date":"2002-02-15","Adjusted_Close":"0.3613","Volume":"26002000"},{"Date":"2002-02-08","Adjusted_Close":"0.3632","Volume":"40714300"},{"Date":"2002-02-01","Adjusted_Close":"0.3690","Volume":"31519600"},{"Date":"2002-01-25","Adjusted_Close":"0.3515","Volume":"23223400"},{"Date":"2002-01-18","Adjusted_Close":"0.3351","Volume":"40582100"},{"Date":"2002-01-11","Adjusted_Close":"0.3182","Volume":"36142800"},{"Date":"2002-01-04","Adjusted_Close":"0.3581","Volume":"30165400"},{"Date":"2001-12-28","Adjusted_Close":"0.3391","Volume":"12279700"},{"Date":"2001-12-21","Adjusted_Close":"0.3174","Volume":"21001900"},{"Date":"2001-12-14","Adjusted_Close":"0.3082","Volume":"17065600"},{"Date":"2001-12-07","Adjusted_Close":"0.3407","Volume":"29868100"},{"Date":"2001-11-30","Adjusted_Close":"0.3220","Volume":"26545200"},{"Date":"2001-11-23","Adjusted_Close":"0.2999","Volume":"15549300"},{"Date":"2001-11-16","Adjusted_Close":"0.2868","Volume":"19482400"},{"Date":"2001-11-09","Adjusted_Close":"0.2828","Volume":"25200700"},{"Date":"2001-11-02","Adjusted_Close":"0.2807","Volume":"23212400"},{"Date":"2001-10-26","Adjusted_Close":"0.2822","Volume":"35451100"},{"Date":"2001-10-19","Adjusted_Close":"0.2766","Volume":"28332200"},{"Date":"2001-10-12","Adjusted_Close":"0.2722","Volume":"23424000"},{"Date":"2001-10-05","Adjusted_Close":"0.2440","Volume":"33409700"},{"Date":"2001-09-28","Adjusted_Close":"0.2345","Volume":"33037300"},{"Date":"2001-09-21","Adjusted_Close":"0.2378","Volume":"38216400"},{"Date":"2001-09-10","Adjusted_Close":"0.2626","Volume":"5515100"},{"Date":"2001-09-07","Adjusted_Close":"0.2612","Volume":"22008400"},{"Date":"2001-08-31","Adjusted_Close":"0.2804","Volume":"20945500"},{"Date":"2001-08-24","Adjusted_Close":"0.2807","Volume":"19989100"},{"Date":"2001-08-17","Adjusted_Close":"0.2732","Volume":"20763300"},{"Date":"2001-08-10","Adjusted_Close":"0.2875","Volume":"16642800"},{"Date":"2001-08-03","Adjusted_Close":"0.2948","Volume":"21797600"},{"Date":"2001-07-27","Adjusted_Close":"0.2866","Volume":"31015900"},{"Date":"2001-07-20","Adjusted_Close":"0.3020","Volume":"60164900"},{"Date":"2001-07-13","Adjusted_Close":"0.3756","Volume":"40585500"},{"Date":"2001-07-06","Adjusted_Close":"0.3330","Volume":"14246500"},{"Date":"2001-06-29","Adjusted_Close":"0.3515","Volume":"34826100"},{"Date":"2001-06-22","Adjusted_Close":"0.3365","Volume":"30821000"},{"Date":"2001-06-15","Adjusted_Close":"0.3090","Volume":"33236700"},{"Date":"2001-06-08","Adjusted_Close":"0.3223","Volume":"29369600"},{"Date":"2001-06-01","Adjusted_Close":"0.3158","Volume":"39143500"},{"Date":"2001-05-25","Adjusted_Close":"0.3441","Volume":"28311700"},{"Date":"2001-05-18","Adjusted_Close":"0.3557","Volume":"24281200"},{"Date":"2001-05-11","Adjusted_Close":"0.3454","Volume":"25158900"},{"Date":"2001-05-04","Adjusted_Close":"0.3892","Volume":"33449100"},{"Date":"2001-04-27","Adjusted_Close":"0.3961","Volume":"44681300"},{"Date":"2001-04-20","Adjusted_Close":"0.3785","Volume":"82827500"},{"Date":"2001-04-12","Adjusted_Close":"0.3389","Volume":"24231900"},{"Date":"2001-04-06","Adjusted_Close":"0.3112","Volume":"38691700"},{"Date":"2001-03-30","Adjusted_Close":"0.3336","Volume":"51363400"},{"Date":"2001-03-23","Adjusted_Close":"0.3477","Volume":"51692500"},{"Date":"2001-03-16","Adjusted_Close":"0.2966","Volume":"41281400"},{"Date":"2001-03-09","Adjusted_Close":"0.3061","Volume":"35348400"},{"Date":"2001-03-02","Adjusted_Close":"0.2910","Volume":"32140200"},{"Date":"2001-02-23","Adjusted_Close":"0.2843","Volume":"25553200"},{"Date":"2001-02-16","Adjusted_Close":"0.2872","Volume":"24922100"},{"Date":"2001-02-09","Adjusted_Close":"0.2890","Volume":"41730800"},{"Date":"2001-02-02","Adjusted_Close":"0.3117","Volume":"54923100"},{"Date":"2001-01-26","Adjusted_Close":"0.2957","Volume":"55151400"},{"Date":"2001-01-19","Adjusted_Close":"0.2948","Volume":"56261900"},{"Date":"2001-01-12","Adjusted_Close":"0.2599","Volume":"49473600"},{"Date":"2001-01-05","Adjusted_Close":"0.2475","Volume":"43234600"},{"Date":"2000-12-29","Adjusted_Close":"0.2249","Volume":"26389200"},{"Date":"2000-12-22","Adjusted_Close":"0.2267","Volume":"34822200"},{"Date":"2000-12-15","Adjusted_Close":"0.2125","Volume":"32873600"},{"Date":"2000-12-08","Adjusted_Close":"0.2277","Volume":"57223300"},{"Date":"2000-12-01","Adjusted_Close":"0.2579","Volume":"39560200"},{"Date":"2000-11-24","Adjusted_Close":"0.2919","Volume":"20562200"},{"Date":"2000-11-17","Adjusted_Close":"0.2797","Volume":"32298700"},{"Date":"2000-11-10","Adjusted_Close":"0.2881","Volume":"36011000"},{"Date":"2000-11-03","Adjusted_Close":"0.3363","Volume":"57267000"},{"Date":"2000-10-27","Adjusted_Close":"0.2806","Volume":"62251200"},{"Date":"2000-10-20","Adjusted_Close":"0.2948","Volume":"81324100"},{"Date":"2000-10-13","Adjusted_Close":"0.3335","Volume":"87962600"},{"Date":"2000-10-06","Adjusted_Close":"0.3354","Volume":"132403500"},{"Date":"2000-09-29","Adjusted_Close":"0.3892","Volume":"170178100"},{"Date":"2000-09-22","Adjusted_Close":"0.7889","Volume":"38582600"},{"Date":"2000-09-15","Adjusted_Close":"0.8349","Volume":"26829100"},{"Date":"2000-09-08","Adjusted_Close":"0.8901","Volume":"19054100"},{"Date":"2000-09-01","Adjusted_Close":"0.9590","Volume":"28355300"},{"Date":"2000-08-25","Adjusted_Close":"0.8588","Volume":"23095700"},{"Date":"2000-08-18","Adjusted_Close":"0.7558","Volume":"15635900"},{"Date":"2000-08-11","Adjusted_Close":"0.7209","Volume":"22025600"},{"Date":"2000-08-04","Adjusted_Close":"0.7162","Volume":"18892100"},{"Date":"2000-07-28","Adjusted_Close":"0.7303","Volume":"24413000"},{"Date":"2000-07-21","Adjusted_Close":"0.8096","Volume":"30323000"},{"Date":"2000-07-14","Adjusted_Close":"0.8721","Volume":"28876100"},{"Date":"2000-07-07","Adjusted_Close":"0.8229","Volume":"16235600"},{"Date":"2000-06-30","Adjusted_Close":"0.7918","Volume":"21464500"},{"Date":"2000-06-23","Adjusted_Close":"0.7814","Volume":"24381700"},{"Date":"2000-06-16","Adjusted_Close":"0.6892","Volume":"13137300"},{"Date":"2000-06-09","Adjusted_Close":"0.7237","Volume":"14973700"},{"Date":"2000-06-02","Adjusted_Close":"0.6996","Volume":"25386200"},{"Date":"2000-05-26","Adjusted_Close":"0.6528","Volume":"22673700"},{"Date":"2000-05-19","Adjusted_Close":"0.7105","Volume":"23499300"},{"Date":"2000-05-12","Adjusted_Close":"0.8134","Volume":"16551700"},{"Date":"2000-05-05","Adjusted_Close":"0.8550","Volume":"14607300"},{"Date":"2000-04-28","Adjusted_Close":"0.9377","Volume":"15878200"},{"Date":"2000-04-20","Adjusted_Close":"0.8984","Volume":"18238900"},{"Date":"2000-04-14","Adjusted_Close":"0.8455","Volume":"25827400"},{"Date":"2000-04-07","Adjusted_Close":"0.9958","Volume":"17398400"},{"Date":"2000-03-31","Adjusted_Close":"1.0265","Volume":"13759100"},{"Date":"2000-03-24","Adjusted_Close":"1.0483","Volume":"20591900"},{"Date":"2000-03-17","Adjusted_Close":"0.9448","Volume":"16600800"},{"Date":"2000-03-10","Adjusted_Close":"0.9504","Volume":"11429700"},{"Date":"2000-03-03","Adjusted_Close":"0.9675","Volume":"21508200"},{"Date":"2000-02-25","Adjusted_Close":"0.8342","Volume":"13580100"},{"Date":"2000-02-18","Adjusted_Close":"0.8409","Volume":"15664900"},{"Date":"2000-02-11","Adjusted_Close":"0.8220","Volume":"14859900"},{"Date":"2000-02-04","Adjusted_Close":"0.8163","Volume":"21289500"},{"Date":"2000-01-28","Adjusted_Close":"0.7681","Volume":"18470300"},{"Date":"2000-01-21","Adjusted_Close":"0.8413","Volume":"30213200"},{"Date":"2000-01-14","Adjusted_Close":"0.7591","Volume":"29872700"},{"Date":"2000-01-07","Adjusted_Close":"0.7520","Volume":"27278600"},{"Date":"1999-12-31","Adjusted_Close":"0.7771","Volume":"9566300"},{"Date":"1999-12-23","Adjusted_Close":"0.7823","Volume":"10251700"},{"Date":"1999-12-17","Adjusted_Close":"0.7558","Volume":"22746800"},{"Date":"1999-12-10","Adjusted_Close":"0.7785","Volume":"25152800"},{"Date":"1999-12-03","Adjusted_Close":"0.8692","Volume":"28046300"},{"Date":"1999-11-26","Adjusted_Close":"0.7185","Volume":"9757600"},{"Date":"1999-11-19","Adjusted_Close":"0.6987","Volume":"13711000"},{"Date":"1999-11-12","Adjusted_Close":"0.6849","Volume":"25776200"}]