[{"Date":"2024-02-14","Adjusted_Close":"170.9800","Volume":"150211106"},{"Date":"2024-02-09","Adjusted_Close":"174.4500","Volume":"244063315"},{"Date":"2024-02-02","Adjusted_Close":"171.8100","Volume":"334522918"},{"Date":"2024-01-26","Adjusted_Close":"159.1200","Volume":"223996177"},{"Date":"2024-01-19","Adjusted_Close":"155.3400","Volume":"165839872"},{"Date":"2024-01-12","Adjusted_Close":"154.6200","Volume":"224548296"},{"Date":"2024-01-05","Adjusted_Close":"145.2400","Volume":"197575069"},{"Date":"2023-12-29","Adjusted_Close":"151.9400","Volume":"123190092"},{"Date":"2023-12-22","Adjusted_Close":"153.4200","Volume":"221546016"},{"Date":"2023-12-15","Adjusted_Close":"149.9700","Volume":"317107938"},{"Date":"2023-12-08","Adjusted_Close":"147.4200","Volume":"228856484"},{"Date":"2023-12-01","Adjusted_Close":"147.0300","Volume":"242850872"},{"Date":"2023-11-24","Adjusted_Close":"146.7400","Volume":"181283139"},{"Date":"2023-11-17","Adjusted_Close":"145.1800","Volume":"255562790"},{"Date":"2023-11-10","Adjusted_Close":"143.5600","Volume":"228630916"},{"Date":"2023-11-03","Adjusted_Close":"138.6000","Volume":"281900829"},{"Date":"2023-10-27","Adjusted_Close":"127.7400","Volume":"395043681"},{"Date":"2023-10-20","Adjusted_Close":"125.1700","Volume":"252244712"},{"Date":"2023-10-13","Adjusted_Close":"129.7900","Volume":"223047465"},{"Date":"2023-10-06","Adjusted_Close":"127.9600","Volume":"230295946"},{"Date":"2023-09-29","Adjusted_Close":"127.1200","Volume":"302586179"},{"Date":"2023-09-22","Adjusted_Close":"129.1200","Volume":"280817356"},{"Date":"2023-09-15","Adjusted_Close":"140.3900","Volume":"326841086"},{"Date":"2023-09-08","Adjusted_Close":"138.2300","Volume":"169287086"},{"Date":"2023-09-01","Adjusted_Close":"138.1200","Volume":"208664368"},{"Date":"2023-08-25","Adjusted_Close":"133.2600","Volume":"204972331"},{"Date":"2023-08-18","Adjusted_Close":"133.2200","Volume":"228457906"},{"Date":"2023-08-11","Adjusted_Close":"138.4100","Volume":"274775193"},{"Date":"2023-08-04","Adjusted_Close":"139.5700","Volume":"379520261"},{"Date":"2023-07-28","Adjusted_Close":"132.2100","Volume":"237746327"},{"Date":"2023-07-21","Adjusted_Close":"130.0000","Volume":"351078241"},{"Date":"2023-07-14","Adjusted_Close":"134.6800","Volume":"281521569"},{"Date":"2023-07-07","Adjusted_Close":"129.7800","Volume":"146850293"},{"Date":"2023-06-30","Adjusted_Close":"130.3600","Volume":"254051480"},{"Date":"2023-06-23","Adjusted_Close":"129.3300","Volume":"271350140"},{"Date":"2023-06-16","Adjusted_Close":"125.4900","Volume":"299166199"},{"Date":"2023-06-09","Adjusted_Close":"123.4300","Volume":"302863903"},{"Date":"2023-06-02","Adjusted_Close":"124.2500","Volume":"251723626"},{"Date":"2023-05-26","Adjusted_Close":"120.1100","Volume":"365081893"},{"Date":"2023-05-19","Adjusted_Close":"116.2500","Volume":"318369624"},{"Date":"2023-05-12","Adjusted_Close":"110.2600","Volume":"296925396"},{"Date":"2023-05-05","Adjusted_Close":"105.6550","Volume":"315546638"},{"Date":"2023-04-28","Adjusted_Close":"105.4500","Volume":"487100756"},{"Date":"2023-04-21","Adjusted_Close":"106.9600","Volume":"282451994"},{"Date":"2023-04-14","Adjusted_Close":"102.5100","Volume":"273789699"},{"Date":"2023-04-06","Adjusted_Close":"102.0600","Volume":"178781642"},{"Date":"2023-03-31","Adjusted_Close":"103.2900","Volume":"245608340"},{"Date":"2023-03-24","Adjusted_Close":"98.1300","Volume":"292165662"},{"Date":"2023-03-17","Adjusted_Close":"98.9500","Volume":"375900695"},{"Date":"2023-03-10","Adjusted_Close":"90.7300","Volume":"272158346"},{"Date":"2023-03-03","Adjusted_Close":"94.9000","Volume":"255063564"},{"Date":"2023-02-24","Adjusted_Close":"93.5000","Volume":"221635260"},{"Date":"2023-02-17","Adjusted_Close":"97.2000","Volume":"273466819"},{"Date":"2023-02-10","Adjusted_Close":"97.6100","Volume":"394687426"},{"Date":"2023-02-03","Adjusted_Close":"103.3900","Volume":"520198305"},{"Date":"2023-01-27","Adjusted_Close":"102.2400","Volume":"393991296"},{"Date":"2023-01-20","Adjusted_Close":"97.2500","Volume":"288809573"},{"Date":"2023-01-13","Adjusted_Close":"98.1200","Volume":"406953053"},{"Date":"2023-01-06","Adjusted_Close":"86.0800","Volume":"296825349"},{"Date":"2022-12-30","Adjusted_Close":"84.0000","Volume":"232909699"},{"Date":"2022-12-23","Adjusted_Close":"85.2500","Volume":"356011886"},{"Date":"2022-12-16","Adjusted_Close":"87.8600","Volume":"463456747"},{"Date":"2022-12-09","Adjusted_Close":"89.0900","Volume":"355830427"},{"Date":"2022-12-02","Adjusted_Close":"94.1300","Volume":"384419765"},{"Date":"2022-11-25","Adjusted_Close":"93.4100","Volume":"241025525"},{"Date":"2022-11-18","Adjusted_Close":"94.1400","Volume":"453874267"},{"Date":"2022-11-11","Adjusted_Close":"100.7900","Volume":"542000753"},{"Date":"2022-11-04","Adjusted_Close":"90.9800","Volume":"654167864"},{"Date":"2022-10-28","Adjusted_Close":"103.4100","Volume":"522207349"},{"Date":"2022-10-21","Adjusted_Close":"119.3200","Volume":"280043144"},{"Date":"2022-10-14","Adjusted_Close":"106.9000","Volume":"299106015"},{"Date":"2022-10-07","Adjusted_Close":"114.5600","Volume":"258903688"},{"Date":"2022-09-30","Adjusted_Close":"113.0000","Volume":"297031011"},{"Date":"2022-09-23","Adjusted_Close":"113.7800","Volume":"273562717"},{"Date":"2022-09-16","Adjusted_Close":"123.5300","Volume":"340392641"},{"Date":"2022-09-09","Adjusted_Close":"133.2700","Volume":"184935249"},{"Date":"2022-09-02","Adjusted_Close":"127.5100","Volume":"264885351"},{"Date":"2022-08-26","Adjusted_Close":"130.7500","Volume":"216159531"},{"Date":"2022-08-19","Adjusted_Close":"138.2300","Volume":"231518800"},{"Date":"2022-08-12","Adjusted_Close":"143.5500","Volume":"240022829"},{"Date":"2022-08-05","Adjusted_Close":"140.8000","Volume":"331869002"},{"Date":"2022-07-29","Adjusted_Close":"134.9500","Volume":"410016770"},{"Date":"2022-07-22","Adjusted_Close":"122.4200","Volume":"303077473"},{"Date":"2022-07-15","Adjusted_Close":"113.5500","Volume":"304655044"},{"Date":"2022-07-08","Adjusted_Close":"115.5400","Volume":"247235315"},{"Date":"2022-07-01","Adjusted_Close":"109.5600","Volume":"374381181"},{"Date":"2022-06-24","Adjusted_Close":"116.4600","Volume":"265154294"},{"Date":"2022-06-17","Adjusted_Close":"106.2200","Volume":"435976011"},{"Date":"2022-06-10","Adjusted_Close":"109.6500","Volume":"438796518"},{"Date":"2022-06-03","Adjusted_Close":"122.3500","Volume":"23516357"},{"Date":"2022-05-27","Adjusted_Close":"115.1465","Volume":"24525745"},{"Date":"2022-05-20","Adjusted_Close":"107.5910","Volume":"22351792"},{"Date":"2022-05-13","Adjusted_Close":"113.0550","Volume":"28448577"},{"Date":"2022-05-06","Adjusted_Close":"114.7725","Volume":"30337433"},{"Date":"2022-04-29","Adjusted_Close":"124.2815","Volume":"29941011"},{"Date":"2022-04-22","Adjusted_Close":"144.3500","Volume":"14882992"},{"Date":"2022-04-14","Adjusted_Close":"151.7065","Volume":"10613940"},{"Date":"2022-04-08","Adjusted_Close":"154.4605","Volume":"14779661"},{"Date":"2022-04-01","Adjusted_Close":"163.5600","Volume":"14961498"},{"Date":"2022-03-25","Adjusted_Close":"164.7735","Volume":"14416524"},{"Date":"2022-03-18","Adjusted_Close":"161.2505","Volume":"20441777"},{"Date":"2022-03-11","Adjusted_Close":"145.5245","Volume":"23260828"},{"Date":"2022-03-04","Adjusted_Close":"145.6410","Volume":"13803602"},{"Date":"2022-02-25","Adjusted_Close":"153.7885","Volume":"14617617"},{"Date":"2022-02-18","Adjusted_Close":"152.6015","Volume":"16027112"},{"Date":"2022-02-11","Adjusted_Close":"153.2935","Volume":"19640945"},{"Date":"2022-02-04","Adjusted_Close":"157.6395","Volume":"35192213"},{"Date":"2022-01-28","Adjusted_Close":"143.9780","Volume":"24718944"},{"Date":"2022-01-21","Adjusted_Close":"142.6430","Volume":"17724960"},{"Date":"2022-01-14","Adjusted_Close":"162.1380","Volume":"14914534"},{"Date":"2022-01-07","Adjusted_Close":"162.5540","Volume":"14873035"},{"Date":"2021-12-31","Adjusted_Close":"166.7170","Volume":"11726577"},{"Date":"2021-12-23","Adjusted_Close":"171.0685","Volume":"10257609"},{"Date":"2021-12-17","Adjusted_Close":"170.0175","Volume":"17028527"},{"Date":"2021-12-10","Adjusted_Close":"172.2120","Volume":"14363798"},{"Date":"2021-12-03","Adjusted_Close":"169.4895","Volume":"18295497"},{"Date":"2021-11-26","Adjusted_Close":"175.2280","Volume":"13859411"},{"Date":"2021-11-19","Adjusted_Close":"183.8285","Volume":"18356801"},{"Date":"2021-11-12","Adjusted_Close":"176.2575","Volume":"16259635"},{"Date":"2021-11-05","Adjusted_Close":"175.9495","Volume":"19891481"},{"Date":"2021-10-29","Adjusted_Close":"168.6215","Volume":"19821332"},{"Date":"2021-10-22","Adjusted_Close":"166.7775","Volume":"12720409"},{"Date":"2021-10-15","Adjusted_Close":"170.4510","Volume":"13570821"},{"Date":"2021-10-08","Adjusted_Close":"164.4310","Volume":"14732534"},{"Date":"2021-10-01","Adjusted_Close":"164.1630","Volume":"16310187"},{"Date":"2021-09-24","Adjusted_Close":"171.2760","Volume":"14357066"},{"Date":"2021-09-17","Adjusted_Close":"173.1260","Volume":"14663610"},{"Date":"2021-09-10","Adjusted_Close":"173.4575","Volume":"10911058"},{"Date":"2021-09-03","Adjusted_Close":"173.9025","Volume":"16682486"},{"Date":"2021-08-27","Adjusted_Close":"167.4815","Volume":"12001408"},{"Date":"2021-08-20","Adjusted_Close":"159.9975","Volume":"16662017"},{"Date":"2021-08-13","Adjusted_Close":"164.6985","Volume":"11866397"},{"Date":"2021-08-06","Adjusted_Close":"167.2470","Volume":"14766350"},{"Date":"2021-07-30","Adjusted_Close":"166.3795","Volume":"24334540"},{"Date":"2021-07-23","Adjusted_Close":"182.8320","Volume":"15060908"},{"Date":"2021-07-16","Adjusted_Close":"178.6815","Volume":"16943118"},{"Date":"2021-07-09","Adjusted_Close":"185.9670","Volume":"21001690"},{"Date":"2021-07-02","Adjusted_Close":"175.5490","Volume":"11958974"},{"Date":"2021-06-25","Adjusted_Close":"170.0730","Volume":"17208549"},{"Date":"2021-06-18","Adjusted_Close":"174.3450","Volume":"19532312"},{"Date":"2021-06-11","Adjusted_Close":"167.3415","Volume":"14381848"},{"Date":"2021-06-04","Adjusted_Close":"160.3110","Volume":"9092611"},{"Date":"2021-05-28","Adjusted_Close":"161.1535","Volume":"12960574"},{"Date":"2021-05-21","Adjusted_Close":"160.1540","Volume":"15970098"},{"Date":"2021-05-14","Adjusted_Close":"161.1450","Volume":"22076693"},{"Date":"2021-05-07","Adjusted_Close":"164.5805","Volume":"24184259"},{"Date":"2021-04-30","Adjusted_Close":"173.3710","Volume":"28031459"},{"Date":"2021-04-23","Adjusted_Close":"167.0440","Volume":"13336845"},{"Date":"2021-04-16","Adjusted_Close":"169.9720","Volume":"16162468"},{"Date":"2021-04-09","Adjusted_Close":"168.6100","Volume":"16372481"},{"Date":"2021-04-01","Adjusted_Close":"158.0500","Volume":"11117785"},{"Date":"2021-03-26","Adjusted_Close":"152.6015","Volume":"16554816"},{"Date":"2021-03-19","Adjusted_Close":"153.7480","Volume":"16858321"},{"Date":"2021-03-12","Adjusted_Close":"154.4745","Volume":"16425808"},{"Date":"2021-03-05","Adjusted_Close":"150.0230","Volume":"20188579"},{"Date":"2021-02-26","Adjusted_Close":"154.6465","Volume":"19795218"},{"Date":"2021-02-19","Adjusted_Close":"162.4950","Volume":"13175313"},{"Date":"2021-02-12","Adjusted_Close":"163.8855","Volume":"13198676"},{"Date":"2021-02-05","Adjusted_Close":"167.6075","Volume":"24724178"},{"Date":"2021-01-29","Adjusted_Close":"160.3100","Volume":"18807935"},{"Date":"2021-01-22","Adjusted_Close":"164.6115","Volume":"16381942"},{"Date":"2021-01-15","Adjusted_Close":"155.2125","Volume":"17723802"},{"Date":"2021-01-08","Adjusted_Close":"159.1350","Volume":"18514101"},{"Date":"2020-12-31","Adjusted_Close":"162.8465","Volume":"16660177"},{"Date":"2020-12-24","Adjusted_Close":"158.6345","Volume":"9764331"},{"Date":"2020-12-18","Adjusted_Close":"160.0825","Volume":"21377156"},{"Date":"2020-12-11","Adjusted_Close":"155.8210","Volume":"16233336"},{"Date":"2020-12-04","Adjusted_Close":"158.1290","Volume":"17492424"},{"Date":"2020-11-27","Adjusted_Close":"159.7670","Volume":"14463046"},{"Date":"2020-11-20","Adjusted_Close":"154.9700","Volume":"16560655"},{"Date":"2020-11-13","Adjusted_Close":"156.4405","Volume":"26282080"},{"Date":"2020-11-06","Adjusted_Close":"165.5685","Volume":"29430886"},{"Date":"2020-10-30","Adjusted_Close":"151.8075","Volume":"30773138"},{"Date":"2020-10-23","Adjusted_Close":"160.2200","Volume":"22004732"},{"Date":"2020-10-16","Adjusted_Close":"163.6355","Volume":"31635612"},{"Date":"2020-10-09","Adjusted_Close":"164.3325","Volume":"21253613"},{"Date":"2020-10-02","Adjusted_Close":"156.2500","Volume":"23208684"},{"Date":"2020-09-25","Adjusted_Close":"154.7565","Volume":"28864000"},{"Date":"2020-09-18","Adjusted_Close":"147.7455","Volume":"28423950"},{"Date":"2020-09-11","Adjusted_Close":"155.8110","Volume":"21707603"},{"Date":"2020-09-04","Adjusted_Close":"164.7310","Volume":"28536635"},{"Date":"2020-08-28","Adjusted_Close":"170.0900","Volume":"22329616"},{"Date":"2020-08-21","Adjusted_Close":"164.2360","Volume":"19115341"},{"Date":"2020-08-14","Adjusted_Close":"157.4010","Volume":"16313326"},{"Date":"2020-08-07","Adjusted_Close":"158.3730","Volume":"21575711"},{"Date":"2020-07-31","Adjusted_Close":"158.2340","Volume":"24482837"},{"Date":"2020-07-24","Adjusted_Close":"150.4455","Volume":"28958005"},{"Date":"2020-07-17","Adjusted_Close":"148.0985","Volume":"31854446"},{"Date":"2020-07-10","Adjusted_Close":"160.0000","Volume":"29050860"},{"Date":"2020-07-02","Adjusted_Close":"144.5150","Volume":"20951198"},{"Date":"2020-06-26","Adjusted_Close":"134.6435","Volume":"21436533"},{"Date":"2020-06-19","Adjusted_Close":"133.7505","Volume":"18693037"},{"Date":"2020-06-12","Adjusted_Close":"127.2510","Volume":"25328869"},{"Date":"2020-06-05","Adjusted_Close":"124.1500","Volume":"14394114"},{"Date":"2020-05-29","Adjusted_Close":"122.1185","Volume":"15347563"},{"Date":"2020-05-22","Adjusted_Close":"121.8440","Volume":"20666695"},{"Date":"2020-05-15","Adjusted_Close":"120.4890","Volume":"19000145"},{"Date":"2020-05-08","Adjusted_Close":"118.9805","Volume":"17833875"},{"Date":"2020-05-01","Adjusted_Close":"114.3020","Volume":"34813900"},{"Date":"2020-04-24","Adjusted_Close":"120.5110","Volume":"26364017"},{"Date":"2020-04-17","Adjusted_Close":"118.7500","Volume":"41638680"},{"Date":"2020-04-09","Adjusted_Close":"102.1380","Volume":"19520094"},{"Date":"2020-04-03","Adjusted_Close":"95.3295","Volume":"23317443"},{"Date":"2020-03-27","Adjusted_Close":"95.0050","Volume":"33057657"},{"Date":"2020-03-20","Adjusted_Close":"92.3045","Volume":"49648484"},{"Date":"2020-03-13","Adjusted_Close":"89.2500","Volume":"40749312"},{"Date":"2020-03-06","Adjusted_Close":"95.0545","Volume":"29090851"},{"Date":"2020-02-28","Adjusted_Close":"94.1875","Volume":"35644283"},{"Date":"2020-02-21","Adjusted_Close":"104.7985","Volume":"13294317"},{"Date":"2020-02-14","Adjusted_Close":"106.7435","Volume":"19774470"},{"Date":"2020-02-07","Adjusted_Close":"103.9640","Volume":"23842907"},{"Date":"2020-01-31","Adjusted_Close":"100.4360","Volume":"30332660"},{"Date":"2020-01-24","Adjusted_Close":"93.0820","Volume":"13110822"},{"Date":"2020-01-17","Adjusted_Close":"93.2360","Volume":"15753709"},{"Date":"2020-01-10","Adjusted_Close":"94.1580","Volume":"17743595"},{"Date":"2020-01-03","Adjusted_Close":"93.7485","Volume":"13990200"},{"Date":"2019-12-27","Adjusted_Close":"93.4900","Volume":"15232192"},{"Date":"2019-12-20","Adjusted_Close":"89.3250","Volume":"18040959"},{"Date":"2019-12-13","Adjusted_Close":"88.0470","Volume":"12971309"},{"Date":"2019-12-06","Adjusted_Close":"87.5800","Volume":"16089863"},{"Date":"2019-11-29","Adjusted_Close":"90.0400","Volume":"11639181"},{"Date":"2019-11-22","Adjusted_Close":"87.2860","Volume":"13052220"},{"Date":"2019-11-15","Adjusted_Close":"86.9745","Volume":"13114185"},{"Date":"2019-11-08","Adjusted_Close":"89.2940","Volume":"11464532"},{"Date":"2019-11-01","Adjusted_Close":"89.5720","Volume":"13932587"},{"Date":"2019-10-25","Adjusted_Close":"88.0665","Volume":"21385988"},{"Date":"2019-10-18","Adjusted_Close":"87.8755","Volume":"13765365"},{"Date":"2019-10-11","Adjusted_Close":"86.5960","Volume":"12904838"},{"Date":"2019-10-04","Adjusted_Close":"86.9825","Volume":"15383352"},{"Date":"2019-09-27","Adjusted_Close":"86.2725","Volume":"18828122"},{"Date":"2019-09-20","Adjusted_Close":"89.7080","Volume":"15878717"},{"Date":"2019-09-13","Adjusted_Close":"91.9670","Volume":"12840983"},{"Date":"2019-09-06","Adjusted_Close":"91.6755","Volume":"11695209"},{"Date":"2019-08-30","Adjusted_Close":"88.8145","Volume":"14605849"},{"Date":"2019-08-23","Adjusted_Close":"87.4810","Volume":"14728655"},{"Date":"2019-08-16","Adjusted_Close":"89.6285","Volume":"18738356"},{"Date":"2019-08-09","Adjusted_Close":"90.3790","Volume":"22236366"},{"Date":"2019-08-02","Adjusted_Close":"91.1620","Volume":"21544341"},{"Date":"2019-07-26","Adjusted_Close":"97.1525","Volume":"17306428"},{"Date":"2019-07-19","Adjusted_Close":"98.2260","Volume":"14848214"},{"Date":"2019-07-12","Adjusted_Close":"100.5500","Volume":"18988034"},{"Date":"2019-07-05","Adjusted_Close":"97.1455","Volume":"10173299"},{"Date":"2019-06-28","Adjusted_Close":"94.6815","Volume":"12916305"},{"Date":"2019-06-21","Adjusted_Close":"95.5650","Volume":"16576146"},{"Date":"2019-06-14","Adjusted_Close":"93.4835","Volume":"17739009"},{"Date":"2019-06-07","Adjusted_Close":"90.2015","Volume":"27515129"},{"Date":"2019-05-31","Adjusted_Close":"88.7535","Volume":"15244659"},{"Date":"2019-05-24","Adjusted_Close":"91.1640","Volume":"18533859"},{"Date":"2019-05-17","Adjusted_Close":"93.4500","Volume":"24549599"},{"Date":"2019-05-10","Adjusted_Close":"94.4990","Volume":"26424800"},{"Date":"2019-05-03","Adjusted_Close":"98.1230","Volume":"20988705"},{"Date":"2019-04-26","Adjusted_Close":"97.5315","Volume":"26221693"},{"Date":"2019-04-18","Adjusted_Close":"93.0845","Volume":"12412440"},{"Date":"2019-04-12","Adjusted_Close":"92.1530","Volume":"16200437"},{"Date":"2019-04-05","Adjusted_Close":"91.8640","Volume":"18931800"},{"Date":"2019-03-29","Adjusted_Close":"89.0375","Volume":"20658235"},{"Date":"2019-03-22","Adjusted_Close":"88.2385","Volume":"30189632"},{"Date":"2019-03-15","Adjusted_Close":"85.6180","Volume":"21540379"},{"Date":"2019-03-08","Adjusted_Close":"81.0400","Volume":"23468912"},{"Date":"2019-03-01","Adjusted_Close":"83.5865","Volume":"16999869"},{"Date":"2019-02-22","Adjusted_Close":"81.5780","Volume":"13598828"},{"Date":"2019-02-15","Adjusted_Close":"80.3975","Volume":"20200670"},{"Date":"2019-02-08","Adjusted_Close":"79.4110","Volume":"23606221"},{"Date":"2019-02-01","Adjusted_Close":"81.3115","Volume":"37670866"},{"Date":"2019-01-25","Adjusted_Close":"83.5285","Volume":"20691630"},{"Date":"2019-01-18","Adjusted_Close":"84.8100","Volume":"28600640"},{"Date":"2019-01-11","Adjusted_Close":"82.0280","Volume":"34417357"},{"Date":"2019-01-04","Adjusted_Close":"78.7695","Volume":"31095757"},{"Date":"2018-12-28","Adjusted_Close":"73.9010","Volume":"36182781"},{"Date":"2018-12-21","Adjusted_Close":"68.8725","Volume":"47777079"},{"Date":"2018-12-14","Adjusted_Close":"79.5955","Volume":"31975796"},{"Date":"2018-12-07","Adjusted_Close":"81.4565","Volume":"31922141"},{"Date":"2018-11-30","Adjusted_Close":"84.5085","Volume":"32874685"},{"Date":"2018-11-23","Adjusted_Close":"75.1030","Volume":"27093246"},{"Date":"2018-11-16","Adjusted_Close":"79.6705","Volume":"33719824"},{"Date":"2018-11-09","Adjusted_Close":"85.6215","Volume":"30511366"},{"Date":"2018-11-02","Adjusted_Close":"83.2765","Volume":"50807461"},{"Date":"2018-10-26","Adjusted_Close":"82.1405","Volume":"43401836"},{"Date":"2018-10-19","Adjusted_Close":"88.2015","Volume":"29373498"},{"Date":"2018-10-12","Adjusted_Close":"89.4305","Volume":"46535379"},{"Date":"2018-10-05","Adjusted_Close":"94.4825","Volume":"28201465"},{"Date":"2018-09-28","Adjusted_Close":"100.1500","Volume":"21480120"},{"Date":"2018-09-21","Adjusted_Close":"95.7505","Volume":"25386552"},{"Date":"2018-09-14","Adjusted_Close":"98.5095","Volume":"21256029"},{"Date":"2018-09-07","Adjusted_Close":"97.6035","Volume":"26322992"},{"Date":"2018-08-31","Adjusted_Close":"100.6355","Volume":"24683160"},{"Date":"2018-08-24","Adjusted_Close":"95.2695","Volume":"15411966"},{"Date":"2018-08-17","Adjusted_Close":"94.1110","Volume":"25279670"},{"Date":"2018-08-10","Adjusted_Close":"94.3150","Volume":"19232616"},{"Date":"2018-08-03","Adjusted_Close":"91.1645","Volume":"24269298"},{"Date":"2018-07-27","Adjusted_Close":"90.8635","Volume":"31608848"},{"Date":"2018-07-20","Adjusted_Close":"90.6850","Volume":"24579497"},{"Date":"2018-07-13","Adjusted_Close":"90.6515","Volume":"18144097"},{"Date":"2018-07-06","Adjusted_Close":"85.5315","Volume":"10996344"},{"Date":"2018-06-29","Adjusted_Close":"84.9900","Volume":"25843190"},{"Date":"2018-06-22","Adjusted_Close":"85.7835","Volume":"20746722"},{"Date":"2018-06-15","Adjusted_Close":"85.7985","Volume":"15874289"},{"Date":"2018-06-08","Adjusted_Close":"84.1995","Volume":"20163924"},{"Date":"2018-06-01","Adjusted_Close":"82.0770","Volume":"13233549"},{"Date":"2018-05-25","Adjusted_Close":"80.5075","Volume":"14531141"},{"Date":"2018-05-18","Adjusted_Close":"78.7185","Volume":"14947710"},{"Date":"2018-05-11","Adjusted_Close":"80.1455","Volume":"15588456"},{"Date":"2018-05-04","Adjusted_Close":"79.0475","Volume":"22091913"},{"Date":"2018-04-27","Adjusted_Close":"78.6310","Volume":"40401755"},{"Date":"2018-04-20","Adjusted_Close":"76.3745","Volume":"25215886"},{"Date":"2018-04-13","Adjusted_Close":"71.5395","Volume":"18891177"},{"Date":"2018-04-06","Adjusted_Close":"70.2615","Volume":"39972840"},{"Date":"2018-03-29","Adjusted_Close":"72.3670","Volume":"38627335"},{"Date":"2018-03-23","Adjusted_Close":"74.7780","Volume":"29572662"},{"Date":"2018-03-16","Adjusted_Close":"78.5840","Volume":"24879145"},{"Date":"2018-03-09","Adjusted_Close":"78.9445","Volume":"21899362"},{"Date":"2018-03-02","Adjusted_Close":"75.0125","Volume":"27466805"},{"Date":"2018-02-23","Adjusted_Close":"75.0000","Volume":"21664631"},{"Date":"2018-02-16","Adjusted_Close":"72.4345","Volume":"28431302"},{"Date":"2018-02-09","Adjusted_Close":"66.9800","Volume":"50493569"},{"Date":"2018-02-02","Adjusted_Close":"71.4975","Volume":"36314815"},{"Date":"2018-01-26","Adjusted_Close":"70.1025","Volume":"24962943"},{"Date":"2018-01-19","Adjusted_Close":"64.7290","Volume":"20613997"},{"Date":"2018-01-12","Adjusted_Close":"65.2600","Volume":"18919717"},{"Date":"2018-01-05","Adjusted_Close":"61.4570","Volume":"12063077"},{"Date":"2017-12-29","Adjusted_Close":"58.4735","Volume":"8172996"},{"Date":"2017-12-22","Adjusted_Close":"58.4180","Volume":"11237867"},{"Date":"2017-12-15","Adjusted_Close":"58.9570","Volume":"14620560"},{"Date":"2017-12-08","Adjusted_Close":"58.1000","Volume":"18028380"},{"Date":"2017-12-01","Adjusted_Close":"58.1175","Volume":"28944811"},{"Date":"2017-11-24","Adjusted_Close":"59.3000","Volume":"11626802"},{"Date":"2017-11-17","Adjusted_Close":"56.4940","Volume":"14361098"},{"Date":"2017-11-10","Adjusted_Close":"56.2675","Volume":"14296475"},{"Date":"2017-11-03","Adjusted_Close":"55.5800","Volume":"21012700"},{"Date":"2017-10-27","Adjusted_Close":"55.0475","Volume":"29132355"},{"Date":"2017-10-20","Adjusted_Close":"49.1455","Volume":"12110199"},{"Date":"2017-10-13","Adjusted_Close":"50.1470","Volume":"14757261"},{"Date":"2017-10-06","Adjusted_Close":"49.4790","Volume":"14359378"},{"Date":"2017-09-29","Adjusted_Close":"48.0675","Volume":"16565198"},{"Date":"2017-09-22","Adjusted_Close":"47.7550","Volume":"13573544"},{"Date":"2017-09-15","Adjusted_Close":"49.3395","Volume":"15380473"},{"Date":"2017-09-08","Adjusted_Close":"48.2950","Volume":"10096102"},{"Date":"2017-09-01","Adjusted_Close":"48.9125","Volume":"13947854"},{"Date":"2017-08-25","Adjusted_Close":"47.2630","Volume":"16696480"},{"Date":"2017-08-18","Adjusted_Close":"47.9235","Volume":"15261919"},{"Date":"2017-08-11","Adjusted_Close":"48.3995","Volume":"17950022"},{"Date":"2017-08-04","Adjusted_Close":"49.3790","Volume":"21592973"},{"Date":"2017-07-28","Adjusted_Close":"51.0020","Volume":"26003463"},{"Date":"2017-07-21","Adjusted_Close":"51.2835","Volume":"16173453"},{"Date":"2017-07-14","Adjusted_Close":"50.0905","Volume":"14833246"},{"Date":"2017-07-07","Adjusted_Close":"48.9380","Volume":"12307935"},{"Date":"2017-06-30","Adjusted_Close":"48.4000","Volume":"18347096"},{"Date":"2017-06-23","Adjusted_Close":"50.1870","Volume":"16768161"},{"Date":"2017-06-16","Adjusted_Close":"49.3855","Volume":"34388306"},{"Date":"2017-06-09","Adjusted_Close":"48.9155","Volume":"19126886"},{"Date":"2017-06-02","Adjusted_Close":"50.3365","Volume":"13257547"},{"Date":"2017-05-26","Adjusted_Close":"49.7890","Volume":"15548790"},{"Date":"2017-05-19","Adjusted_Close":"47.9920","Volume":"20092230"},{"Date":"2017-05-12","Adjusted_Close":"48.0675","Volume":"14425756"},{"Date":"2017-05-05","Adjusted_Close":"46.7075","Volume":"17998398"},{"Date":"2017-04-28","Adjusted_Close":"46.2495","Volume":"20582964"},{"Date":"2017-04-21","Adjusted_Close":"44.9265","Volume":"13959088"},{"Date":"2017-04-13","Adjusted_Close":"44.2335","Volume":"11827767"},{"Date":"2017-04-07","Adjusted_Close":"44.7440","Volume":"25966786"},{"Date":"2017-03-31","Adjusted_Close":"44.3270","Volume":"17003520"},{"Date":"2017-03-24","Adjusted_Close":"42.2805","Volume":"13415481"},{"Date":"2017-03-17","Adjusted_Close":"42.6155","Volume":"11829133"},{"Date":"2017-03-10","Adjusted_Close":"42.6230","Volume":"11630862"},{"Date":"2017-03-03","Adjusted_Close":"42.4940","Volume":"12351092"},{"Date":"2017-02-24","Adjusted_Close":"42.2620","Volume":"13274660"},{"Date":"2017-02-17","Adjusted_Close":"42.2535","Volume":"15760855"},{"Date":"2017-02-10","Adjusted_Close":"41.3730","Volume":"15135934"},{"Date":"2017-02-03","Adjusted_Close":"40.5100","Volume":"28953978"},{"Date":"2017-01-27","Adjusted_Close":"41.7885","Volume":"16377315"},{"Date":"2017-01-20","Adjusted_Close":"40.4165","Volume":"11941710"},{"Date":"2017-01-13","Adjusted_Close":"40.8570","Volume":"17663136"},{"Date":"2017-01-06","Adjusted_Close":"39.7995","Volume":"17847894"},{"Date":"2016-12-30","Adjusted_Close":"37.4935","Volume":"13237498"},{"Date":"2016-12-23","Adjusted_Close":"38.0295","Volume":"12386665"},{"Date":"2016-12-16","Adjusted_Close":"37.8885","Volume":"22354215"},{"Date":"2016-12-09","Adjusted_Close":"38.4330","Volume":"17454906"},{"Date":"2016-12-02","Adjusted_Close":"37.0170","Volume":"20564418"},{"Date":"2016-11-25","Adjusted_Close":"39.0185","Volume":"15303225"},{"Date":"2016-11-18","Adjusted_Close":"38.0080","Volume":"25789440"},{"Date":"2016-11-11","Adjusted_Close":"36.9505","Volume":"37329653"},{"Date":"2016-11-04","Adjusted_Close":"37.7525","Volume":"24739857"},{"Date":"2016-10-28","Adjusted_Close":"38.8160","Volume":"29554817"},{"Date":"2016-10-21","Adjusted_Close":"40.9495","Volume":"13909671"},{"Date":"2016-10-14","Adjusted_Close":"41.1480","Volume":"13886940"},{"Date":"2016-10-07","Adjusted_Close":"41.9715","Volume":"14299058"},{"Date":"2016-09-30","Adjusted_Close":"41.8655","Volume":"20245889"},{"Date":"2016-09-23","Adjusted_Close":"40.2875","Volume":"13385450"},{"Date":"2016-09-16","Adjusted_Close":"38.9260","Volume":"17316466"},{"Date":"2016-09-09","Adjusted_Close":"38.0070","Volume":"12432265"},{"Date":"2016-09-02","Adjusted_Close":"38.6220","Volume":"9515570"},{"Date":"2016-08-26","Adjusted_Close":"38.4500","Volume":"9347311"},{"Date":"2016-08-19","Adjusted_Close":"37.8655","Volume":"9416269"},{"Date":"2016-08-12","Adjusted_Close":"38.6280","Volume":"9049701"},{"Date":"2016-08-05","Adjusted_Close":"38.2990","Volume":"16645609"},{"Date":"2016-07-29","Adjusted_Close":"37.9405","Volume":"22516746"},{"Date":"2016-07-22","Adjusted_Close":"37.2430","Volume":"11980540"},{"Date":"2016-07-15","Adjusted_Close":"36.7720","Volume":"18473051"},{"Date":"2016-07-08","Adjusted_Close":"37.2905","Volume":"12744680"},{"Date":"2016-07-01","Adjusted_Close":"36.2840","Volume":"18466611"},{"Date":"2016-06-24","Adjusted_Close":"34.9480","Volume":"18532635"},{"Date":"2016-06-17","Adjusted_Close":"35.3195","Volume":"17564319"},{"Date":"2016-06-10","Adjusted_Close":"35.8955","Volume":"13256671"},{"Date":"2016-06-03","Adjusted_Close":"36.2770","Volume":"13275319"},{"Date":"2016-05-27","Adjusted_Close":"35.6120","Volume":"13601340"},{"Date":"2016-05-20","Adjusted_Close":"35.1400","Volume":"20779197"},{"Date":"2016-05-13","Adjusted_Close":"35.4960","Volume":"27237496"},{"Date":"2016-05-06","Adjusted_Close":"33.6975","Volume":"25386789"},{"Date":"2016-04-29","Adjusted_Close":"32.9795","Volume":"27456468"},{"Date":"2016-04-22","Adjusted_Close":"31.0250","Volume":"18706380"},{"Date":"2016-04-15","Adjusted_Close":"31.2945","Volume":"15973495"},{"Date":"2016-04-08","Adjusted_Close":"29.7300","Volume":"13410591"},{"Date":"2016-04-01","Adjusted_Close":"29.9250","Volume":"17003747"},{"Date":"2016-03-24","Adjusted_Close":"29.1475","Volume":"18325555"},{"Date":"2016-03-18","Adjusted_Close":"27.6040","Volume":"24093632"},{"Date":"2016-03-11","Adjusted_Close":"28.4805","Volume":"21680675"},{"Date":"2016-03-04","Adjusted_Close":"28.7570","Volume":"19923855"},{"Date":"2016-02-26","Adjusted_Close":"27.7615","Volume":"25251513"},{"Date":"2016-02-19","Adjusted_Close":"26.7450","Volume":"19652227"},{"Date":"2016-02-12","Adjusted_Close":"25.3540","Volume":"36471785"},{"Date":"2016-02-05","Adjusted_Close":"25.1065","Volume":"38623876"},{"Date":"2016-01-29","Adjusted_Close":"29.3500","Volume":"42007308"},{"Date":"2016-01-22","Adjusted_Close":"29.8190","Volume":"22845932"},{"Date":"2016-01-15","Adjusted_Close":"28.5090","Volume":"32293391"},{"Date":"2016-01-08","Adjusted_Close":"30.3525","Volume":"33054149"},{"Date":"2015-12-31","Adjusted_Close":"33.7945","Volume":"16787114"},{"Date":"2015-12-24","Adjusted_Close":"33.1395","Volume":"9734587"},{"Date":"2015-12-18","Adjusted_Close":"33.2070","Volume":"23602107"},{"Date":"2015-12-11","Adjusted_Close":"32.0075","Volume":"21472786"},{"Date":"2015-12-04","Adjusted_Close":"33.6320","Volume":"24317382"},{"Date":"2015-11-27","Adjusted_Close":"33.6630","Volume":"13593164"},{"Date":"2015-11-20","Adjusted_Close":"33.4225","Volume":"24823918"},{"Date":"2015-11-13","Adjusted_Close":"32.1175","Volume":"23471369"},{"Date":"2015-11-06","Adjusted_Close":"32.9685","Volume":"19719880"},{"Date":"2015-10-30","Adjusted_Close":"31.2950","Volume":"19753440"},{"Date":"2015-10-23","Adjusted_Close":"29.9515","Volume":"30555323"},{"Date":"2015-10-16","Adjusted_Close":"28.5380","Volume":"18549033"},{"Date":"2015-10-09","Adjusted_Close":"26.9900","Volume":"19964769"},{"Date":"2015-10-02","Adjusted_Close":"26.6270","Volume":"22097014"},{"Date":"2015-09-25","Adjusted_Close":"26.2125","Volume":"16894594"},{"Date":"2015-09-18","Adjusted_Close":"27.0130","Volume":"18578523"},{"Date":"2015-09-11","Adjusted_Close":"26.4720","Volume":"13985154"},{"Date":"2015-09-04","Adjusted_Close":"24.9500","Volume":"16416127"},{"Date":"2015-08-28","Adjusted_Close":"25.9005","Volume":"30996783"},{"Date":"2015-08-21","Adjusted_Close":"24.7235","Volume":"18091518"},{"Date":"2015-08-14","Adjusted_Close":"26.5760","Volume":"14197247"},{"Date":"2015-08-07","Adjusted_Close":"26.1310","Volume":"16605355"},{"Date":"2015-07-31","Adjusted_Close":"26.8075","Volume":"23285349"},{"Date":"2015-07-24","Adjusted_Close":"26.4710","Volume":"42333032"},{"Date":"2015-07-17","Adjusted_Close":"24.1505","Volume":"20708173"},{"Date":"2015-07-10","Adjusted_Close":"22.1755","Volume":"12412915"},{"Date":"2015-07-02","Adjusted_Close":"21.8855","Volume":"8680539"},{"Date":"2015-06-26","Adjusted_Close":"21.9050","Volume":"12551385"},{"Date":"2015-06-19","Adjusted_Close":"21.7460","Volume":"14407772"},{"Date":"2015-06-12","Adjusted_Close":"21.4960","Volume":"11610365"},{"Date":"2015-06-05","Adjusted_Close":"21.3475","Volume":"11069639"},{"Date":"2015-05-29","Adjusted_Close":"21.4615","Volume":"9403769"},{"Date":"2015-05-22","Adjusted_Close":"21.3815","Volume":"13193658"},{"Date":"2015-05-15","Adjusted_Close":"21.3000","Volume":"12466670"},{"Date":"2015-05-08","Adjusted_Close":"21.6845","Volume":"13354278"},{"Date":"2015-05-01","Adjusted_Close":"21.1435","Volume":"20406821"},{"Date":"2015-04-24","Adjusted_Close":"22.2550","Volume":"38291285"},{"Date":"2015-04-17","Adjusted_Close":"18.7780","Volume":"12331339"},{"Date":"2015-04-10","Adjusted_Close":"19.1325","Volume":"12607892"},{"Date":"2015-04-02","Adjusted_Close":"18.6125","Volume":"8660429"},{"Date":"2015-03-27","Adjusted_Close":"18.5280","Volume":"13436790"},{"Date":"2015-03-20","Adjusted_Close":"18.9245","Volume":"12724379"},{"Date":"2015-03-13","Adjusted_Close":"18.5290","Volume":"13349118"},{"Date":"2015-03-06","Adjusted_Close":"19.0045","Volume":"11665404"},{"Date":"2015-02-27","Adjusted_Close":"19.0080","Volume":"12492750"},{"Date":"2015-02-20","Adjusted_Close":"19.1830","Volume":"12535593"},{"Date":"2015-02-13","Adjusted_Close":"19.0915","Volume":"14064504"},{"Date":"2015-02-06","Adjusted_Close":"18.7140","Volume":"31754393"},{"Date":"2015-01-30","Adjusted_Close":"17.7265","Volume":"41666381"},{"Date":"2015-01-23","Adjusted_Close":"15.6195","Volume":"22999216"},{"Date":"2015-01-16","Adjusted_Close":"14.5370","Volume":"20993872"},{"Date":"2015-01-09","Adjusted_Close":"14.8465","Volume":"14592959"},{"Date":"2015-01-02","Adjusted_Close":"15.4260","Volume":"9947936"},{"Date":"2014-12-26","Adjusted_Close":"15.4545","Volume":"11134094"},{"Date":"2014-12-19","Adjusted_Close":"14.9950","Volume":"31223530"},{"Date":"2014-12-12","Adjusted_Close":"15.3660","Volume":"17369817"},{"Date":"2014-12-05","Adjusted_Close":"15.6315","Volume":"19986878"},{"Date":"2014-11-28","Adjusted_Close":"16.9320","Volume":"10356922"},{"Date":"2014-11-21","Adjusted_Close":"16.6315","Volume":"19521016"},{"Date":"2014-11-14","Adjusted_Close":"16.3910","Volume":"21363584"},{"Date":"2014-11-07","Adjusted_Close":"14.9930","Volume":"17751499"},{"Date":"2014-10-31","Adjusted_Close":"15.2730","Volume":"25017449"},{"Date":"2014-10-24","Adjusted_Close":"14.3530","Volume":"38776994"},{"Date":"2014-10-17","Adjusted_Close":"15.1820","Volume":"22244997"},{"Date":"2014-10-10","Adjusted_Close":"15.5695","Volume":"15392630"},{"Date":"2014-10-03","Adjusted_Close":"16.1370","Volume":"14258126"},{"Date":"2014-09-26","Adjusted_Close":"16.1605","Volume":"14662450"},{"Date":"2014-09-19","Adjusted_Close":"16.5660","Volume":"20859400"},{"Date":"2014-09-12","Adjusted_Close":"16.5595","Volume":"17536200"},{"Date":"2014-09-05","Adjusted_Close":"17.3190","Volume":"10378900"},{"Date":"2014-08-29","Adjusted_Close":"16.9520","Volume":"12749700"},{"Date":"2014-08-22","Adjusted_Close":"16.5795","Volume":"10192000"},{"Date":"2014-08-15","Adjusted_Close":"16.6815","Volume":"16640600"},{"Date":"2014-08-08","Adjusted_Close":"15.8400","Volume":"14991400"},{"Date":"2014-08-01","Adjusted_Close":"15.3530","Volume":"25418300"},{"Date":"2014-07-25","Adjusted_Close":"16.2005","Volume":"32701100"},{"Date":"2014-07-18","Adjusted_Close":"17.9330","Volume":"20327800"},{"Date":"2014-07-11","Adjusted_Close":"17.3100","Volume":"20532400"},{"Date":"2014-07-03","Adjusted_Close":"16.8746","Volume":"10470500"},{"Date":"2014-06-27","Adjusted_Close":"16.2285","Volume":"12674900"},{"Date":"2014-06-20","Adjusted_Close":"16.2100","Volume":"23076400"},{"Date":"2014-06-13","Adjusted_Close":"16.3135","Volume":"18340200"},{"Date":"2014-06-06","Adjusted_Close":"16.4835","Volume":"19730400"},{"Date":"2014-05-30","Adjusted_Close":"15.6275","Volume":"14213800"},{"Date":"2014-05-23","Adjusted_Close":"15.6120","Volume":"15418400"},{"Date":"2014-05-16","Adjusted_Close":"14.8850","Volume":"18494700"},{"Date":"2014-05-09","Adjusted_Close":"14.6120","Volume":"22128600"},{"Date":"2014-05-02","Adjusted_Close":"15.4005","Volume":"33401400"},{"Date":"2014-04-25","Adjusted_Close":"15.1915","Volume":"35789500"},{"Date":"2014-04-17","Adjusted_Close":"16.2455","Volume":"18276200"},{"Date":"2014-04-11","Adjusted_Close":"15.5865","Volume":"32125800"},{"Date":"2014-04-04","Adjusted_Close":"16.1500","Volume":"31307000"},{"Date":"2014-03-28","Adjusted_Close":"16.9145","Volume":"23193100"},{"Date":"2014-03-21","Adjusted_Close":"18.0310","Volume":"15405800"},{"Date":"2014-03-14","Adjusted_Close":"18.6870","Volume":"17799700"},{"Date":"2014-03-07","Adjusted_Close":"18.6030","Volume":"14557400"},{"Date":"2014-02-28","Adjusted_Close":"18.1050","Volume":"17990100"},{"Date":"2014-02-21","Adjusted_Close":"17.3380","Volume":"16868900"},{"Date":"2014-02-14","Adjusted_Close":"17.8675","Volume":"20954700"},{"Date":"2014-02-07","Adjusted_Close":"18.0540","Volume":"27195300"},{"Date":"2014-01-31","Adjusted_Close":"17.9345","Volume":"36842300"},{"Date":"2014-01-24","Adjusted_Close":"19.3800","Volume":"12666400"},{"Date":"2014-01-17","Adjusted_Close":"19.9805","Volume":"14969600"},{"Date":"2014-01-10","Adjusted_Close":"19.8830","Volume":"12185600"},{"Date":"2014-01-03","Adjusted_Close":"19.8220","Volume":"8831600"},{"Date":"2013-12-27","Adjusted_Close":"19.9040","Volume":"7895300"},{"Date":"2013-12-20","Adjusted_Close":"20.1100","Volume":"15545800"},{"Date":"2013-12-13","Adjusted_Close":"19.2120","Volume":"13098600"},{"Date":"2013-12-06","Adjusted_Close":"19.3475","Volume":"14663400"},{"Date":"2013-11-29","Adjusted_Close":"19.6810","Volume":"10372400"},{"Date":"2013-11-22","Adjusted_Close":"18.6155","Volume":"11343800"},{"Date":"2013-11-15","Adjusted_Close":"18.4585","Volume":"16029500"},{"Date":"2013-11-08","Adjusted_Close":"17.5155","Volume":"13131000"},{"Date":"2013-11-01","Adjusted_Close":"17.9501","Volume":"16121200"},{"Date":"2013-10-25","Adjusted_Close":"18.1695","Volume":"27197500"},{"Date":"2013-10-18","Adjusted_Close":"16.4465","Volume":"14989100"},{"Date":"2013-10-11","Adjusted_Close":"15.5444","Volume":"13215000"},{"Date":"2013-10-04","Adjusted_Close":"15.9520","Volume":"10727200"},{"Date":"2013-09-27","Adjusted_Close":"15.8005","Volume":"9574500"},{"Date":"2013-09-20","Adjusted_Close":"15.8170","Volume":"14704500"},{"Date":"2013-09-13","Adjusted_Close":"14.8960","Volume":"8121400"},{"Date":"2013-09-06","Adjusted_Close":"14.7930","Volume":"9444800"},{"Date":"2013-08-30","Adjusted_Close":"14.0490","Volume":"8745900"},{"Date":"2013-08-23","Adjusted_Close":"14.5005","Volume":"9263500"},{"Date":"2013-08-16","Adjusted_Close":"14.2410","Volume":"9953300"},{"Date":"2013-08-09","Adjusted_Close":"14.8630","Volume":"10336900"},{"Date":"2013-08-02","Adjusted_Close":"15.2105","Volume":"13630800"},{"Date":"2013-07-26","Adjusted_Close":"15.6005","Volume":"20744100"},{"Date":"2013-07-19","Adjusted_Close":"15.2615","Volume":"12972400"},{"Date":"2013-07-12","Adjusted_Close":"15.3775","Volume":"16179100"},{"Date":"2013-07-05","Adjusted_Close":"14.2940","Volume":"9484800"},{"Date":"2013-06-28","Adjusted_Close":"13.8845","Volume":"15055700"},{"Date":"2013-06-21","Adjusted_Close":"13.6680","Volume":"15042600"},{"Date":"2013-06-14","Adjusted_Close":"13.6995","Volume":"13223800"},{"Date":"2013-06-07","Adjusted_Close":"13.8435","Volume":"15253700"},{"Date":"2013-05-31","Adjusted_Close":"13.4600","Volume":"10416200"},{"Date":"2013-05-24","Adjusted_Close":"13.0870","Volume":"10978800"},{"Date":"2013-05-17","Adjusted_Close":"13.4950","Volume":"11740800"},{"Date":"2013-05-10","Adjusted_Close":"13.1815","Volume":"14073100"},{"Date":"2013-05-03","Adjusted_Close":"12.9025","Volume":"23207400"},{"Date":"2013-04-26","Adjusted_Close":"12.7405","Volume":"26389000"},{"Date":"2013-04-19","Adjusted_Close":"13.0160","Volume":"14338400"},{"Date":"2013-04-12","Adjusted_Close":"13.6435","Volume":"12731500"},{"Date":"2013-04-05","Adjusted_Close":"12.7740","Volume":"12091500"},{"Date":"2013-03-28","Adjusted_Close":"13.3245","Volume":"10283500"},{"Date":"2013-03-22","Adjusted_Close":"12.8875","Volume":"15128600"},{"Date":"2013-03-15","Adjusted_Close":"13.0910","Volume":"17127900"},{"Date":"2013-03-08","Adjusted_Close":"13.7095","Volume":"13008700"},{"Date":"2013-03-01","Adjusted_Close":"13.2870","Volume":"14913300"},{"Date":"2013-02-22","Adjusted_Close":"13.2710","Volume":"13145300"},{"Date":"2013-02-15","Adjusted_Close":"13.2545","Volume":"19083300"},{"Date":"2013-02-08","Adjusted_Close":"13.0975","Volume":"18361800"},{"Date":"2013-02-01","Adjusted_Close":"13.2500","Volume":"40456500"},{"Date":"2013-01-25","Adjusted_Close":"14.1995","Volume":"13031700"},{"Date":"2013-01-18","Adjusted_Close":"13.6060","Volume":"13494100"},{"Date":"2013-01-11","Adjusted_Close":"13.3970","Volume":"15463000"},{"Date":"2013-01-04","Adjusted_Close":"12.9575","Volume":"11315100"},{"Date":"2012-12-28","Adjusted_Close":"12.2590","Volume":"10635100"},{"Date":"2012-12-21","Adjusted_Close":"12.8460","Volume":"16827200"},{"Date":"2012-12-14","Adjusted_Close":"12.4595","Volume":"15304200"},{"Date":"2012-12-07","Adjusted_Close":"12.6634","Volume":"14685700"},{"Date":"2012-11-30","Adjusted_Close":"12.6025","Volume":"19078100"},{"Date":"2012-11-23","Adjusted_Close":"11.9940","Volume":"11099000"},{"Date":"2012-11-16","Adjusted_Close":"11.2615","Volume":"15550200"},{"Date":"2012-11-09","Adjusted_Close":"11.3155","Volume":"14206500"},{"Date":"2012-11-02","Adjusted_Close":"11.6211","Volume":"12077400"},{"Date":"2012-10-26","Adjusted_Close":"11.9120","Volume":"30718300"},{"Date":"2012-10-19","Adjusted_Close":"12.0000","Volume":"18167200"},{"Date":"2012-10-12","Adjusted_Close":"12.1180","Volume":"14855900"},{"Date":"2012-10-05","Adjusted_Close":"12.9255","Volume":"13029500"},{"Date":"2012-09-28","Adjusted_Close":"12.7160","Volume":"15888200"},{"Date":"2012-09-21","Adjusted_Close":"12.8735","Volume":"16131000"},{"Date":"2012-09-14","Adjusted_Close":"13.0635","Volume":"14557000"},{"Date":"2012-09-07","Adjusted_Close":"12.9570","Volume":"16994300"},{"Date":"2012-08-31","Adjusted_Close":"12.4135","Volume":"14439600"},{"Date":"2012-08-24","Adjusted_Close":"12.2870","Volume":"13087800"},{"Date":"2012-08-17","Adjusted_Close":"12.0585","Volume":"15410900"},{"Date":"2012-08-10","Adjusted_Close":"11.6375","Volume":"8836900"},{"Date":"2012-08-03","Adjusted_Close":"11.7485","Volume":"15607200"},{"Date":"2012-07-27","Adjusted_Close":"11.8660","Volume":"32421800"},{"Date":"2012-07-20","Adjusted_Close":"11.4145","Volume":"15703600"},{"Date":"2012-07-13","Adjusted_Close":"10.9195","Volume":"12476900"},{"Date":"2012-07-06","Adjusted_Close":"11.2525","Volume":"9547900"},{"Date":"2012-06-29","Adjusted_Close":"11.4175","Volume":"15544800"},{"Date":"2012-06-22","Adjusted_Close":"11.1080","Volume":"13561100"},{"Date":"2012-06-15","Adjusted_Close":"10.9175","Volume":"15753700"},{"Date":"2012-06-08","Adjusted_Close":"10.9240","Volume":"16934500"},{"Date":"2012-06-01","Adjusted_Close":"10.4110","Volume":"15667600"},{"Date":"2012-05-25","Adjusted_Close":"10.6445","Volume":"16869200"},{"Date":"2012-05-18","Adjusted_Close":"10.6925","Volume":"23809300"},{"Date":"2012-05-11","Adjusted_Close":"11.3840","Volume":"20390700"},{"Date":"2012-05-04","Adjusted_Close":"11.1995","Volume":"29745900"},{"Date":"2012-04-27","Adjusted_Close":"11.3425","Volume":"43163300"},{"Date":"2012-04-20","Adjusted_Close":"9.4990","Volume":"18121400"},{"Date":"2012-04-13","Adjusted_Close":"9.4230","Volume":"19388400"},{"Date":"2012-04-05","Adjusted_Close":"9.7195","Volume":"20105400"},{"Date":"2012-03-30","Adjusted_Close":"10.1255","Volume":"33608800"},{"Date":"2012-03-23","Adjusted_Close":"9.7520","Volume":"27006800"},{"Date":"2012-03-16","Adjusted_Close":"9.2525","Volume":"19787200"},{"Date":"2012-03-09","Adjusted_Close":"9.2160","Volume":"23978500"},{"Date":"2012-03-02","Adjusted_Close":"8.9650","Volume":"23364800"},{"Date":"2012-02-24","Adjusted_Close":"8.9565","Volume":"21364400"},{"Date":"2012-02-17","Adjusted_Close":"9.1250","Volume":"43374800"},{"Date":"2012-02-10","Adjusted_Close":"9.2770","Volume":"28876800"},{"Date":"2012-02-03","Adjusted_Close":"9.3840","Volume":"56389700"},{"Date":"2012-01-27","Adjusted_Close":"9.7685","Volume":"24098100"},{"Date":"2012-01-20","Adjusted_Close":"9.5465","Volume":"25824300"},{"Date":"2012-01-13","Adjusted_Close":"8.9210","Volume":"22284700"},{"Date":"2012-01-06","Adjusted_Close":"9.1305","Volume":"20133500"},{"Date":"2011-12-30","Adjusted_Close":"8.6550","Volume":"19099500"},{"Date":"2011-12-23","Adjusted_Close":"8.8640","Volume":"25391800"},{"Date":"2011-12-16","Adjusted_Close":"9.0630","Volume":"39178700"},{"Date":"2011-12-09","Adjusted_Close":"9.6515","Volume":"27071300"},{"Date":"2011-12-02","Adjusted_Close":"9.8015","Volume":"36353300"},{"Date":"2011-11-25","Adjusted_Close":"9.1199","Volume":"34220100"},{"Date":"2011-11-18","Adjusted_Close":"9.8570","Volume":"34191200"},{"Date":"2011-11-11","Adjusted_Close":"10.8695","Volume":"22662800"},{"Date":"2011-11-04","Adjusted_Close":"10.8240","Volume":"31357900"},{"Date":"2011-10-28","Adjusted_Close":"10.8660","Volume":"63777300"},{"Date":"2011-10-21","Adjusted_Close":"11.7390","Volume":"25201200"},{"Date":"2011-10-14","Adjusted_Close":"12.3355","Volume":"27414800"},{"Date":"2011-10-07","Adjusted_Close":"11.2370","Volume":"35477800"},{"Date":"2011-09-30","Adjusted_Close":"10.8115","Volume":"43997300"},{"Date":"2011-09-23","Adjusted_Close":"11.1805","Volume":"36213000"},{"Date":"2011-09-16","Adjusted_Close":"11.9650","Volume":"33421500"},{"Date":"2011-09-09","Adjusted_Close":"10.5695","Volume":"20484200"},{"Date":"2011-09-02","Adjusted_Close":"10.5000","Volume":"27339000"},{"Date":"2011-08-26","Adjusted_Close":"9.9635","Volume":"27985500"},{"Date":"2011-08-19","Adjusted_Close":"8.9465","Volume":"29502300"},{"Date":"2011-08-12","Adjusted_Close":"10.1150","Volume":"42698600"},{"Date":"2011-08-05","Adjusted_Close":"10.1350","Volume":"37176600"},{"Date":"2011-07-29","Adjusted_Close":"11.1260","Volume":"36684600"},{"Date":"2011-07-22","Adjusted_Close":"10.8260","Volume":"18845200"},{"Date":"2011-07-15","Adjusted_Close":"10.6435","Volume":"20224400"},{"Date":"2011-07-08","Adjusted_Close":"10.9140","Volume":"13045600"},{"Date":"2011-07-01","Adjusted_Close":"10.4745","Volume":"22991700"},{"Date":"2011-06-24","Adjusted_Close":"9.6275","Volume":"18368100"},{"Date":"2011-06-17","Adjusted_Close":"9.3185","Volume":"26501200"},{"Date":"2011-06-10","Adjusted_Close":"9.3265","Volume":"20246800"},{"Date":"2011-06-03","Adjusted_Close":"9.4160","Volume":"14873600"},{"Date":"2011-05-27","Adjusted_Close":"9.7065","Volume":"18261800"},{"Date":"2011-05-20","Adjusted_Close":"9.9325","Volume":"28497700"},{"Date":"2011-05-13","Adjusted_Close":"10.1280","Volume":"25444000"},{"Date":"2011-05-06","Adjusted_Close":"9.8800","Volume":"30662000"},{"Date":"2011-04-29","Adjusted_Close":"9.7905","Volume":"52202000"},{"Date":"2011-04-21","Adjusted_Close":"9.2945","Volume":"14678100"},{"Date":"2011-04-15","Adjusted_Close":"9.0005","Volume":"20708500"},{"Date":"2011-04-08","Adjusted_Close":"9.2355","Volume":"23476700"},{"Date":"2011-04-01","Adjusted_Close":"9.0065","Volume":"25655300"},{"Date":"2011-03-25","Adjusted_Close":"8.5490","Volume":"22964800"},{"Date":"2011-03-18","Adjusted_Close":"8.0910","Volume":"28078700"},{"Date":"2011-03-11","Adjusted_Close":"8.4035","Volume":"27869100"},{"Date":"2011-03-04","Adjusted_Close":"8.5835","Volume":"26878500"},{"Date":"2011-02-25","Adjusted_Close":"8.8620","Volume":"19967000"},{"Date":"2011-02-18","Adjusted_Close":"9.3250","Volume":"20184500"},{"Date":"2011-02-11","Adjusted_Close":"9.4625","Volume":"31181600"},{"Date":"2011-02-04","Adjusted_Close":"8.7965","Volume":"24378200"},{"Date":"2011-01-28","Adjusted_Close":"8.5570","Volume":"48516100"},{"Date":"2011-01-21","Adjusted_Close":"8.8710","Volume":"20294700"},{"Date":"2011-01-14","Adjusted_Close":"9.4375","Volume":"15899000"},{"Date":"2011-01-07","Adjusted_Close":"9.2745","Volume":"22183400"},{"Date":"2010-12-31","Adjusted_Close":"9.0000","Volume":"12757600"},{"Date":"2010-12-23","Adjusted_Close":"9.1295","Volume":"19782600"},{"Date":"2010-12-17","Adjusted_Close":"8.8790","Volume":"22327100"},{"Date":"2010-12-10","Adjusted_Close":"8.7810","Volume":"22579200"},{"Date":"2010-12-03","Adjusted_Close":"8.7840","Volume":"32672400"},{"Date":"2010-11-26","Adjusted_Close":"8.8600","Volume":"26921900"},{"Date":"2010-11-19","Adjusted_Close":"8.2410","Volume":"31435000"},{"Date":"2010-11-12","Adjusted_Close":"8.2840","Volume":"27977200"},{"Date":"2010-11-05","Adjusted_Close":"8.5385","Volume":"28220100"},{"Date":"2010-10-29","Adjusted_Close":"8.2615","Volume":"26625200"},{"Date":"2010-10-22","Adjusted_Close":"8.4565","Volume":"49447600"},{"Date":"2010-10-15","Adjusted_Close":"8.2320","Volume":"29559600"},{"Date":"2010-10-08","Adjusted_Close":"7.7775","Volume":"28567700"},{"Date":"2010-10-01","Adjusted_Close":"7.6855","Volume":"38517400"},{"Date":"2010-09-24","Adjusted_Close":"8.0365","Volume":"38260000"},{"Date":"2010-09-17","Adjusted_Close":"7.4162","Volume":"27387000"},{"Date":"2010-09-10","Adjusted_Close":"7.1220","Volume":"19713100"},{"Date":"2010-09-03","Adjusted_Close":"6.9395","Volume":"26778500"},{"Date":"2010-08-27","Adjusted_Close":"6.3320","Volume":"24350000"},{"Date":"2010-08-20","Adjusted_Close":"6.3880","Volume":"26723500"},{"Date":"2010-08-13","Adjusted_Close":"6.2345","Volume":"24678900"},{"Date":"2010-08-06","Adjusted_Close":"6.4160","Volume":"30015800"},{"Date":"2010-07-30","Adjusted_Close":"5.8945","Volume":"37659500"},{"Date":"2010-07-23","Adjusted_Close":"5.9435","Volume":"74252100"},{"Date":"2010-07-16","Adjusted_Close":"5.9245","Volume":"29407300"},{"Date":"2010-07-09","Adjusted_Close":"5.8630","Volume":"21000400"},{"Date":"2010-07-02","Adjusted_Close":"5.4570","Volume":"41226100"},{"Date":"2010-06-25","Adjusted_Close":"6.0500","Volume":"30530800"},{"Date":"2010-06-18","Adjusted_Close":"6.2915","Volume":"19743300"},{"Date":"2010-06-11","Adjusted_Close":"6.1515","Volume":"35686400"},{"Date":"2010-06-04","Adjusted_Close":"6.1385","Volume":"19198800"},{"Date":"2010-05-28","Adjusted_Close":"6.2730","Volume":"27116400"},{"Date":"2010-05-21","Adjusted_Close":"6.1360","Volume":"33923700"},{"Date":"2010-05-14","Adjusted_Close":"6.4267","Volume":"29972700"},{"Date":"2010-05-07","Adjusted_Close":"6.2490","Volume":"49897100"},{"Date":"2010-04-30","Adjusted_Close":"6.8550","Volume":"39620300"},{"Date":"2010-04-23","Adjusted_Close":"7.1815","Volume":"51849100"},{"Date":"2010-04-16","Adjusted_Close":"7.1086","Volume":"34357500"},{"Date":"2010-04-09","Adjusted_Close":"7.0030","Volume":"38412400"},{"Date":"2010-04-01","Adjusted_Close":"6.5905","Volume":"24206000"},{"Date":"2010-03-26","Adjusted_Close":"6.7530","Volume":"37068200"},{"Date":"2010-03-19","Adjusted_Close":"6.5175","Volume":"28746800"},{"Date":"2010-03-12","Adjusted_Close":"6.5910","Volume":"30694000"},{"Date":"2010-03-05","Adjusted_Close":"6.4455","Volume":"46113400"},{"Date":"2010-02-26","Adjusted_Close":"5.9200","Volume":"36520400"},{"Date":"2010-02-19","Adjusted_Close":"5.8760","Volume":"34793200"},{"Date":"2010-02-12","Adjusted_Close":"5.9830","Volume":"41763400"},{"Date":"2010-02-05","Adjusted_Close":"5.8695","Volume":"97068800"},{"Date":"2010-01-29","Adjusted_Close":"6.2705","Volume":"93112600"},{"Date":"2010-01-22","Adjusted_Close":"6.0715","Volume":"39506800"},{"Date":"2010-01-15","Adjusted_Close":"6.3570","Volume":"53750300"},{"Date":"2010-01-08","Adjusted_Close":"6.6760","Volume":"44491300"},{"Date":"2009-12-31","Adjusted_Close":"6.7260","Volume":"28600700"},{"Date":"2009-12-24","Adjusted_Close":"6.9235","Volume":"32406000"},{"Date":"2009-12-18","Adjusted_Close":"6.4240","Volume":"45794900"},{"Date":"2009-12-11","Adjusted_Close":"6.7075","Volume":"47863000"},{"Date":"2009-12-04","Adjusted_Close":"6.8790","Volume":"62926000"},{"Date":"2009-11-27","Adjusted_Close":"6.5870","Volume":"23691600"},{"Date":"2009-11-20","Adjusted_Close":"6.4830","Volume":"34630600"},{"Date":"2009-11-13","Adjusted_Close":"6.6485","Volume":"41174600"},{"Date":"2009-11-06","Adjusted_Close":"6.3100","Volume":"50688800"},{"Date":"2009-10-30","Adjusted_Close":"5.9405","Volume":"95597100"},{"Date":"2009-10-23","Adjusted_Close":"5.9245","Volume":"96380500"},{"Date":"2009-10-16","Adjusted_Close":"4.7660","Volume":"29148700"},{"Date":"2009-10-09","Adjusted_Close":"4.7855","Volume":"35805600"},{"Date":"2009-10-02","Adjusted_Close":"4.4925","Volume":"28125600"},{"Date":"2009-09-25","Adjusted_Close":"4.5260","Volume":"27491400"},{"Date":"2009-09-18","Adjusted_Close":"4.5140","Volume":"35775300"},{"Date":"2009-09-11","Adjusted_Close":"4.2270","Volume":"26843800"},{"Date":"2009-09-04","Adjusted_Close":"3.9435","Volume":"26834000"},{"Date":"2009-08-28","Adjusted_Close":"4.1380","Volume":"21746400"},{"Date":"2009-08-21","Adjusted_Close":"4.2500","Volume":"29449300"},{"Date":"2009-08-14","Adjusted_Close":"4.1790","Volume":"25722100"},{"Date":"2009-08-07","Adjusted_Close":"4.2660","Volume":"30441300"},{"Date":"2009-07-31","Adjusted_Close":"4.2880","Volume":"39697200"},{"Date":"2009-07-24","Adjusted_Close":"4.3245","Volume":"57481500"},{"Date":"2009-07-17","Adjusted_Close":"4.2925","Volume":"29346300"},{"Date":"2009-07-10","Adjusted_Close":"3.8815","Volume":"34736600"},{"Date":"2009-07-02","Adjusted_Close":"3.9660","Volume":"28454900"},{"Date":"2009-06-26","Adjusted_Close":"4.1940","Volume":"39377000"},{"Date":"2009-06-19","Adjusted_Close":"4.1480","Volume":"29544000"},{"Date":"2009-06-12","Adjusted_Close":"4.2040","Volume":"27383500"},{"Date":"2009-06-05","Adjusted_Close":"4.3780","Volume":"41525800"},{"Date":"2009-05-29","Adjusted_Close":"3.8995","Volume":"22282000"},{"Date":"2009-05-22","Adjusted_Close":"3.7820","Volume":"31334200"},{"Date":"2009-05-15","Adjusted_Close":"3.6800","Volume":"38546800"},{"Date":"2009-05-08","Adjusted_Close":"3.8975","Volume":"39318700"},{"Date":"2009-05-01","Adjusted_Close":"3.9480","Volume":"42024300"},{"Date":"2009-04-24","Adjusted_Close":"4.2230","Volume":"64296600"},{"Date":"2009-04-17","Adjusted_Close":"3.9025","Volume":"36679200"},{"Date":"2009-04-09","Adjusted_Close":"3.9885","Volume":"24235400"},{"Date":"2009-04-03","Adjusted_Close":"3.9085","Volume":"41209500"},{"Date":"2009-03-27","Adjusted_Close":"3.5260","Volume":"39192400"},{"Date":"2009-03-20","Adjusted_Close":"3.4980","Volume":"49029000"},{"Date":"2009-03-13","Adjusted_Close":"3.4315","Volume":"63131100"},{"Date":"2009-03-06","Adjusted_Close":"3.0845","Volume":"59028500"},{"Date":"2009-02-27","Adjusted_Close":"3.2395","Volume":"45493100"},{"Date":"2009-02-20","Adjusted_Close":"3.1930","Volume":"30615500"},{"Date":"2009-02-13","Adjusted_Close":"3.1630","Volume":"40711900"},{"Date":"2009-02-06","Adjusted_Close":"3.3275","Volume":"69959700"},{"Date":"2009-01-30","Adjusted_Close":"2.9410","Volume":"81700400"},{"Date":"2009-01-23","Adjusted_Close":"2.5315","Volume":"25523300"},{"Date":"2009-01-16","Adjusted_Close":"2.5795","Volume":"47757600"},{"Date":"2009-01-09","Adjusted_Close":"2.7755","Volume":"41794600"},{"Date":"2009-01-02","Adjusted_Close":"2.7180","Volume":"28197800"},{"Date":"2008-12-26","Adjusted_Close":"2.5890","Volume":"23263200"},{"Date":"2008-12-19","Adjusted_Close":"2.5780","Volume":"43812700"},{"Date":"2008-12-12","Adjusted_Close":"2.5625","Volume":"48257700"},{"Date":"2008-12-05","Adjusted_Close":"2.4130","Volume":"69959300"},{"Date":"2008-11-28","Adjusted_Close":"2.1350","Volume":"44485400"},{"Date":"2008-11-21","Adjusted_Close":"1.8935","Volume":"71748700"},{"Date":"2008-11-14","Adjusted_Close":"2.0875","Volume":"62557700"},{"Date":"2008-11-07","Adjusted_Close":"2.4605","Volume":"49259700"},{"Date":"2008-10-31","Adjusted_Close":"2.8620","Volume":"61450500"},{"Date":"2008-10-24","Adjusted_Close":"2.4480","Volume":"88842700"},{"Date":"2008-10-17","Adjusted_Close":"2.5325","Volume":"79786500"},{"Date":"2008-10-10","Adjusted_Close":"2.8125","Volume":"72418600"},{"Date":"2008-10-03","Adjusted_Close":"3.3500","Volume":"54627600"},{"Date":"2008-09-26","Adjusted_Close":"3.5350","Volume":"37824400"},{"Date":"2008-09-19","Adjusted_Close":"4.0500","Volume":"62408000"},{"Date":"2008-09-12","Adjusted_Close":"3.9150","Volume":"39050800"},{"Date":"2008-09-05","Adjusted_Close":"3.9595","Volume":"28129000"},{"Date":"2008-08-29","Adjusted_Close":"4.0405","Volume":"26920700"},{"Date":"2008-08-22","Adjusted_Close":"4.2630","Volume":"29964000"},{"Date":"2008-08-15","Adjusted_Close":"4.3200","Volume":"54078800"},{"Date":"2008-08-08","Adjusted_Close":"4.0255","Volume":"33306400"},{"Date":"2008-08-01","Adjusted_Close":"3.7875","Volume":"34893600"},{"Date":"2008-07-25","Adjusted_Close":"3.9155","Volume":"73756200"},{"Date":"2008-07-18","Adjusted_Close":"3.4560","Volume":"50297700"},{"Date":"2008-07-11","Adjusted_Close":"3.4270","Volume":"40055200"},{"Date":"2008-07-03","Adjusted_Close":"3.6000","Volume":"28689200"},{"Date":"2008-06-27","Adjusted_Close":"3.7330","Volume":"45109800"},{"Date":"2008-06-20","Adjusted_Close":"4.0550","Volume":"34709600"},{"Date":"2008-06-13","Adjusted_Close":"3.9585","Volume":"30656300"},{"Date":"2008-06-06","Adjusted_Close":"4.0315","Volume":"35325900"},{"Date":"2008-05-30","Adjusted_Close":"4.0810","Volume":"28937000"},{"Date":"2008-05-23","Adjusted_Close":"3.9175","Volume":"45390000"},{"Date":"2008-05-16","Adjusted_Close":"3.8230","Volume":"29949800"},{"Date":"2008-05-09","Adjusted_Close":"3.6205","Volume":"32944500"},{"Date":"2008-05-02","Adjusted_Close":"3.8655","Volume":"40945900"},{"Date":"2008-04-25","Adjusted_Close":"4.0430","Volume":"66360800"},{"Date":"2008-04-18","Adjusted_Close":"4.0050","Volume":"40925700"},{"Date":"2008-04-11","Adjusted_Close":"3.5995","Volume":"31339800"},{"Date":"2008-04-04","Adjusted_Close":"3.8435","Volume":"39099400"},{"Date":"2008-03-28","Adjusted_Close":"3.4880","Volume":"35229500"},{"Date":"2008-03-20","Adjusted_Close":"3.6595","Volume":"41712400"},{"Date":"2008-03-14","Adjusted_Close":"3.4110","Volume":"49940900"},{"Date":"2008-03-07","Adjusted_Close":"3.2045","Volume":"60332500"},{"Date":"2008-02-29","Adjusted_Close":"3.2235","Volume":"51512400"},{"Date":"2008-02-22","Adjusted_Close":"3.6040","Volume":"39053400"},{"Date":"2008-02-15","Adjusted_Close":"3.6480","Volume":"46900300"},{"Date":"2008-02-08","Adjusted_Close":"3.6750","Volume":"57390700"},{"Date":"2008-02-01","Adjusted_Close":"3.7315","Volume":"103008900"},{"Date":"2008-01-25","Adjusted_Close":"3.8800","Volume":"53142100"},{"Date":"2008-01-18","Adjusted_Close":"3.9880","Volume":"54384200"},{"Date":"2008-01-11","Adjusted_Close":"4.0540","Volume":"60910000"},{"Date":"2008-01-04","Adjusted_Close":"4.4395","Volume":"39006400"},{"Date":"2007-12-28","Adjusted_Close":"4.7225","Volume":"22160900"},{"Date":"2007-12-21","Adjusted_Close":"4.5630","Volume":"35064700"},{"Date":"2007-12-14","Adjusted_Close":"4.4540","Volume":"34726900"},{"Date":"2007-12-07","Adjusted_Close":"4.7155","Volume":"29354500"},{"Date":"2007-11-30","Adjusted_Close":"4.5280","Volume":"42506800"},{"Date":"2007-11-23","Adjusted_Close":"4.0715","Volume":"29719000"},{"Date":"2007-11-16","Adjusted_Close":"3.9300","Volume":"42266200"},{"Date":"2007-11-09","Adjusted_Close":"3.9445","Volume":"47208300"},{"Date":"2007-11-02","Adjusted_Close":"4.2990","Volume":"38043600"},{"Date":"2007-10-26","Adjusted_Close":"4.5000","Volume":"113704700"},{"Date":"2007-10-19","Adjusted_Close":"4.4880","Volume":"36254700"},{"Date":"2007-10-12","Adjusted_Close":"4.6185","Volume":"38323100"},{"Date":"2007-10-05","Adjusted_Close":"4.6715","Volume":"24158600"},{"Date":"2007-09-28","Adjusted_Close":"4.6575","Volume":"24518800"},{"Date":"2007-09-21","Adjusted_Close":"4.5650","Volume":"32172900"},{"Date":"2007-09-14","Adjusted_Close":"4.3885","Volume":"31195200"},{"Date":"2007-09-07","Adjusted_Close":"4.2260","Volume":"34386300"},{"Date":"2007-08-31","Adjusted_Close":"3.9955","Volume":"28581300"},{"Date":"2007-08-24","Adjusted_Close":"3.9625","Volume":"32524000"},{"Date":"2007-08-17","Adjusted_Close":"3.7510","Volume":"36418600"},{"Date":"2007-08-10","Adjusted_Close":"3.7390","Volume":"42723000"},{"Date":"2007-08-03","Adjusted_Close":"3.8400","Volume":"62227200"},{"Date":"2007-07-27","Adjusted_Close":"4.2020","Volume":"132272200"},{"Date":"2007-07-20","Adjusted_Close":"3.5815","Volume":"35113200"},{"Date":"2007-07-13","Adjusted_Close":"3.7550","Volume":"54249500"},{"Date":"2007-07-06","Adjusted_Close":"3.4485","Volume":"16232800"},{"Date":"2007-06-29","Adjusted_Close":"3.4205","Volume":"42183000"},{"Date":"2007-06-22","Adjusted_Close":"3.4430","Volume":"44849500"},{"Date":"2007-06-15","Adjusted_Close":"3.6200","Volume":"52985000"},{"Date":"2007-06-08","Adjusted_Close":"3.6620","Volume":"91756700"},{"Date":"2007-06-01","Adjusted_Close":"3.4290","Volume":"38631600"},{"Date":"2007-05-25","Adjusted_Close":"3.4275","Volume":"130074400"},{"Date":"2007-05-18","Adjusted_Close":"3.1650","Volume":"52618000"},{"Date":"2007-05-11","Adjusted_Close":"3.0780","Volume":"55205400"},{"Date":"2007-05-04","Adjusted_Close":"3.1615","Volume":"84706700"},{"Date":"2007-04-27","Adjusted_Close":"3.1301","Volume":"213554053"},{"Date":"2007-04-20","Adjusted_Close":"2.2475","Volume":"36629500"},{"Date":"2007-04-13","Adjusted_Close":"2.1205","Volume":"21047400"},{"Date":"2007-04-05","Adjusted_Close":"2.0840","Volume":"20412600"},{"Date":"2007-03-30","Adjusted_Close":"1.9895","Volume":"26119000"},{"Date":"2007-03-23","Adjusted_Close":"1.9490","Volume":"21297300"},{"Date":"2007-03-16","Adjusted_Close":"1.8925","Volume":"32805400"},{"Date":"2007-03-09","Adjusted_Close":"1.9420","Volume":"44887800"},{"Date":"2007-03-02","Adjusted_Close":"1.8845","Volume":"37616900"},{"Date":"2007-02-23","Adjusted_Close":"2.0390","Volume":"23835300"},{"Date":"2007-02-16","Adjusted_Close":"2.0165","Volume":"24922500"},{"Date":"2007-02-09","Adjusted_Close":"1.9360","Volume":"36670500"},{"Date":"2007-02-02","Adjusted_Close":"1.8695","Volume":"71459800"},{"Date":"2007-01-26","Adjusted_Close":"1.8425","Volume":"29789200"},{"Date":"2007-01-19","Adjusted_Close":"1.8510","Volume":"25871400"},{"Date":"2007-01-12","Adjusted_Close":"1.9100","Volume":"29945500"},{"Date":"2007-01-05","Adjusted_Close":"1.9185","Volume":"25343200"},{"Date":"2006-12-29","Adjusted_Close":"1.9730","Volume":"16752600"},{"Date":"2006-12-22","Adjusted_Close":"2.0120","Volume":"33926300"},{"Date":"2006-12-15","Adjusted_Close":"2.0005","Volume":"29059200"},{"Date":"2006-12-08","Adjusted_Close":"1.9230","Volume":"32996500"},{"Date":"2006-12-01","Adjusted_Close":"1.9705","Volume":"38579100"},{"Date":"2006-11-24","Adjusted_Close":"2.1205","Volume":"19557700"},{"Date":"2006-11-17","Adjusted_Close":"2.1275","Volume":"48983300"},{"Date":"2006-11-10","Adjusted_Close":"1.9630","Volume":"30748100"},{"Date":"2006-11-03","Adjusted_Close":"1.8730","Volume":"30333100"},{"Date":"2006-10-27","Adjusted_Close":"1.9120","Volume":"104763800"},{"Date":"2006-10-20","Adjusted_Close":"1.6285","Volume":"28631400"},{"Date":"2006-10-13","Adjusted_Close":"1.6660","Volume":"28408100"},{"Date":"2006-10-06","Adjusted_Close":"1.6295","Volume":"34588900"},{"Date":"2006-09-29","Adjusted_Close":"1.6060","Volume":"31417100"},{"Date":"2006-09-22","Adjusted_Close":"1.5420","Volume":"45046700"},{"Date":"2006-09-15","Adjusted_Close":"1.6260","Volume":"32281000"},{"Date":"2006-09-08","Adjusted_Close":"1.5255","Volume":"30710700"},{"Date":"2006-09-01","Adjusted_Close":"1.5880","Volume":"37279000"},{"Date":"2006-08-25","Adjusted_Close":"1.4015","Volume":"22707900"},{"Date":"2006-08-18","Adjusted_Close":"1.4560","Volume":"36461100"},{"Date":"2006-08-11","Adjusted_Close":"1.3035","Volume":"31169300"},{"Date":"2006-08-04","Adjusted_Close":"1.3645","Volume":"46170900"},{"Date":"2006-07-28","Adjusted_Close":"1.3585","Volume":"140416400"},{"Date":"2006-07-21","Adjusted_Close":"1.6595","Volume":"34251400"},{"Date":"2006-07-14","Adjusted_Close":"1.6460","Volume":"29410300"},{"Date":"2006-07-07","Adjusted_Close":"1.8055","Volume":"16547100"},{"Date":"2006-06-30","Adjusted_Close":"1.9340","Volume":"24562200"},{"Date":"2006-06-23","Adjusted_Close":"1.8275","Volume":"25197800"},{"Date":"2006-06-16","Adjusted_Close":"1.7545","Volume":"25809100"},{"Date":"2006-06-09","Adjusted_Close":"1.6940","Volume":"28173400"},{"Date":"2006-06-02","Adjusted_Close":"1.7380","Volume":"22492300"},{"Date":"2006-05-26","Adjusted_Close":"1.8035","Volume":"39857700"},{"Date":"2006-05-19","Adjusted_Close":"1.6970","Volume":"38075100"},{"Date":"2006-05-12","Adjusted_Close":"1.6365","Volume":"25591400"},{"Date":"2006-05-05","Adjusted_Close":"1.7520","Volume":"32254400"},{"Date":"2006-04-28","Adjusted_Close":"1.7605","Volume":"36374600"},{"Date":"2006-04-21","Adjusted_Close":"1.8015","Volume":"23129500"},{"Date":"2006-04-13","Adjusted_Close":"1.8310","Volume":"17924100"},{"Date":"2006-04-07","Adjusted_Close":"1.8545","Volume":"29330400"},{"Date":"2006-03-31","Adjusted_Close":"1.8265","Volume":"23343100"},{"Date":"2006-03-24","Adjusted_Close":"1.7735","Volume":"24861100"},{"Date":"2006-03-17","Adjusted_Close":"1.7995","Volume":"21973800"},{"Date":"2006-03-10","Adjusted_Close":"1.8110","Volume":"27390000"},{"Date":"2006-03-03","Adjusted_Close":"1.8605","Volume":"38210100"},{"Date":"2006-02-24","Adjusted_Close":"1.9175","Volume":"25420500"},{"Date":"2006-02-17","Adjusted_Close":"1.9595","Volume":"26387100"},{"Date":"2006-02-10","Adjusted_Close":"1.9260","Volume":"35395100"},{"Date":"2006-02-03","Adjusted_Close":"1.9165","Volume":"72897800"},{"Date":"2006-01-27","Adjusted_Close":"2.2610","Volume":"23445800"},{"Date":"2006-01-20","Adjusted_Close":"2.1960","Volume":"27838600"},{"Date":"2006-01-13","Adjusted_Close":"2.2200","Volume":"37376900"},{"Date":"2006-01-06","Adjusted_Close":"2.3935","Volume":"26593200"},{"Date":"2005-12-30","Adjusted_Close":"2.3575","Volume":"18922700"},{"Date":"2005-12-23","Adjusted_Close":"2.4610","Volume":"28794700"},{"Date":"2005-12-16","Adjusted_Close":"2.4605","Volume":"25650000"},{"Date":"2005-12-09","Adjusted_Close":"2.4370","Volume":"33482100"},{"Date":"2005-12-02","Adjusted_Close":"2.4530","Volume":"43299200"},{"Date":"2005-11-25","Adjusted_Close":"2.4030","Volume":"41039600"},{"Date":"2005-11-18","Adjusted_Close":"2.3990","Volume":"103368400"},{"Date":"2005-11-11","Adjusted_Close":"2.1340","Volume":"21376200"},{"Date":"2005-11-04","Adjusted_Close":"2.0545","Volume":"28470800"},{"Date":"2005-10-28","Adjusted_Close":"1.9475","Volume":"61948800"},{"Date":"2005-10-21","Adjusted_Close":"2.2975","Volume":"26765200"},{"Date":"2005-10-14","Adjusted_Close":"2.1895","Volume":"23096700"},{"Date":"2005-10-07","Adjusted_Close":"2.1860","Volume":"28388800"},{"Date":"2005-09-30","Adjusted_Close":"2.2650","Volume":"25478400"},{"Date":"2005-09-23","Adjusted_Close":"2.1095","Volume":"21209500"},{"Date":"2005-09-16","Adjusted_Close":"2.1400","Volume":"28302200"},{"Date":"2005-09-09","Adjusted_Close":"2.1475","Volume":"21254200"},{"Date":"2005-09-02","Adjusted_Close":"2.0755","Volume":"19353400"},{"Date":"2005-08-26","Adjusted_Close":"2.1185","Volume":"20716600"},{"Date":"2005-08-19","Adjusted_Close":"2.1860","Volume":"19128800"},{"Date":"2005-08-12","Adjusted_Close":"2.2100","Volume":"31283600"},{"Date":"2005-08-05","Adjusted_Close":"2.2635","Volume":"32724800"},{"Date":"2005-07-29","Adjusted_Close":"2.2575","Volume":"101961200"},{"Date":"2005-07-22","Adjusted_Close":"1.8975","Volume":"32109000"},{"Date":"2005-07-15","Adjusted_Close":"1.8575","Volume":"25317300"},{"Date":"2005-07-08","Adjusted_Close":"1.7370","Volume":"20280900"},{"Date":"2005-07-01","Adjusted_Close":"1.6455","Volume":"25052300"},{"Date":"2005-06-24","Adjusted_Close":"1.7510","Volume":"21039400"},{"Date":"2005-06-17","Adjusted_Close":"1.7655","Volume":"21729800"},{"Date":"2005-06-10","Adjusted_Close":"1.7475","Volume":"21420400"},{"Date":"2005-06-03","Adjusted_Close":"1.7795","Volume":"24854600"},{"Date":"2005-05-27","Adjusted_Close":"1.7750","Volume":"23563100"},{"Date":"2005-05-20","Adjusted_Close":"1.7750","Volume":"27540200"},{"Date":"2005-05-13","Adjusted_Close":"1.6950","Volume":"25951400"},{"Date":"2005-05-06","Adjusted_Close":"1.7260","Volume":"34962900"},{"Date":"2005-04-29","Adjusted_Close":"1.6180","Volume":"72523900"},{"Date":"2005-04-22","Adjusted_Close":"1.6520","Volume":"36838600"},{"Date":"2005-04-15","Adjusted_Close":"1.6510","Volume":"23738800"},{"Date":"2005-04-08","Adjusted_Close":"1.7300","Volume":"24371600"},{"Date":"2005-04-01","Adjusted_Close":"1.7005","Volume":"24386400"},{"Date":"2005-03-24","Adjusted_Close":"1.6440","Volume":"23236100"},{"Date":"2005-03-18","Adjusted_Close":"1.7080","Volume":"26026800"},{"Date":"2005-03-11","Adjusted_Close":"1.7375","Volume":"29673700"},{"Date":"2005-03-04","Adjusted_Close":"1.7925","Volume":"29684900"},{"Date":"2005-02-25","Adjusted_Close":"1.7495","Volume":"31627600"},{"Date":"2005-02-18","Adjusted_Close":"1.7655","Volume":"27218400"},{"Date":"2005-02-11","Adjusted_Close":"1.7890","Volume":"40477800"},{"Date":"2005-02-04","Adjusted_Close":"1.7860","Volume":"117228700"},{"Date":"2005-01-28","Adjusted_Close":"2.1110","Volume":"40629500"},{"Date":"2005-01-21","Adjusted_Close":"2.0580","Volume":"37961600"},{"Date":"2005-01-14","Adjusted_Close":"2.2275","Volume":"53267100"},{"Date":"2005-01-07","Adjusted_Close":"2.1160","Volume":"56756700"},{"Date":"2004-12-31","Adjusted_Close":"2.2145","Volume":"71042800"},{"Date":"2004-12-23","Adjusted_Close":"1.9465","Volume":"20928200"},{"Date":"2004-12-17","Adjusted_Close":"2.0005","Volume":"28878700"},{"Date":"2004-12-10","Adjusted_Close":"1.9525","Volume":"32560500"},{"Date":"2004-12-03","Adjusted_Close":"2.0045","Volume":"39507300"},{"Date":"2004-11-26","Adjusted_Close":"1.9545","Volume":"24552800"},{"Date":"2004-11-19","Adjusted_Close":"1.9275","Volume":"41845400"},{"Date":"2004-11-12","Adjusted_Close":"2.0230","Volume":"42452600"},{"Date":"2004-11-05","Adjusted_Close":"1.8280","Volume":"42721400"},{"Date":"2004-10-29","Adjusted_Close":"1.7065","Volume":"43047200"},{"Date":"2004-10-22","Adjusted_Close":"1.7300","Volume":"76455700"},{"Date":"2004-10-15","Adjusted_Close":"1.9275","Volume":"40801300"},{"Date":"2004-10-08","Adjusted_Close":"2.0000","Volume":"36995300"},{"Date":"2004-10-01","Adjusted_Close":"2.0235","Volume":"50901300"},{"Date":"2004-09-24","Adjusted_Close":"2.0470","Volume":"41751400"},{"Date":"2004-09-17","Adjusted_Close":"2.1480","Volume":"54553900"},{"Date":"2004-09-10","Adjusted_Close":"1.9285","Volume":"24035500"},{"Date":"2004-09-03","Adjusted_Close":"1.9370","Volume":"30058400"},{"Date":"2004-08-27","Adjusted_Close":"1.9950","Volume":"31639900"},{"Date":"2004-08-20","Adjusted_Close":"1.9755","Volume":"48364000"},{"Date":"2004-08-13","Adjusted_Close":"1.8065","Volume":"42784900"},{"Date":"2004-08-06","Adjusted_Close":"1.7745","Volume":"43378900"},{"Date":"2004-07-30","Adjusted_Close":"1.9460","Volume":"48922400"},{"Date":"2004-07-23","Adjusted_Close":"1.9990","Volume":"79128100"},{"Date":"2004-07-16","Adjusted_Close":"2.3550","Volume":"31572300"},{"Date":"2004-07-09","Adjusted_Close":"2.4160","Volume":"30739900"},{"Date":"2004-07-02","Adjusted_Close":"2.6295","Volume":"39066700"},{"Date":"2004-06-25","Adjusted_Close":"2.5900","Volume":"33963700"},{"Date":"2004-06-18","Adjusted_Close":"2.4800","Volume":"26483200"},{"Date":"2004-06-10","Adjusted_Close":"2.4970","Volume":"27471100"},{"Date":"2004-06-04","Adjusted_Close":"2.5475","Volume":"46340800"},{"Date":"2004-05-28","Adjusted_Close":"2.4250","Volume":"44497800"},{"Date":"2004-05-21","Adjusted_Close":"2.0585","Volume":"30806300"},{"Date":"2004-05-14","Adjusted_Close":"2.1525","Volume":"38678600"},{"Date":"2004-05-07","Adjusted_Close":"2.0950","Volume":"36213800"},{"Date":"2004-04-30","Adjusted_Close":"2.1800","Volume":"41302500"},{"Date":"2004-04-23","Adjusted_Close":"2.3145","Volume":"51180400"},{"Date":"2004-04-16","Adjusted_Close":"2.2750","Volume":"30211400"},{"Date":"2004-04-08","Adjusted_Close":"2.4050","Volume":"25285700"},{"Date":"2004-04-02","Adjusted_Close":"2.3045","Volume":"30345400"},{"Date":"2004-03-26","Adjusted_Close":"2.0850","Volume":"40929800"},{"Date":"2004-03-19","Adjusted_Close":"2.1400","Volume":"29416900"},{"Date":"2004-03-12","Adjusted_Close":"2.1220","Volume":"33400700"},{"Date":"2004-03-05","Adjusted_Close":"2.2045","Volume":"35334300"},{"Date":"2004-02-27","Adjusted_Close":"2.1505","Volume":"40713900"},{"Date":"2004-02-20","Adjusted_Close":"2.2585","Volume":"33909500"},{"Date":"2004-02-13","Adjusted_Close":"2.3190","Volume":"31165700"},{"Date":"2004-02-06","Adjusted_Close":"2.3175","Volume":"79958600"},{"Date":"2004-01-30","Adjusted_Close":"2.5200","Volume":"74001000"},{"Date":"2004-01-23","Adjusted_Close":"2.8555","Volume":"31243200"},{"Date":"2004-01-16","Adjusted_Close":"2.7860","Volume":"56438800"},{"Date":"2004-01-09","Adjusted_Close":"2.5795","Volume":"49611800"},{"Date":"2004-01-02","Adjusted_Close":"2.5950","Volume":"25156400"},{"Date":"2003-12-26","Adjusted_Close":"2.6735","Volume":"31541900"},{"Date":"2003-12-19","Adjusted_Close":"2.4620","Volume":"52880000"},{"Date":"2003-12-12","Adjusted_Close":"2.5495","Volume":"43687600"},{"Date":"2003-12-05","Adjusted_Close":"2.5780","Volume":"47049200"},{"Date":"2003-11-28","Adjusted_Close":"2.6985","Volume":"37293500"},{"Date":"2003-11-21","Adjusted_Close":"2.4290","Volume":"61207100"},{"Date":"2003-11-14","Adjusted_Close":"2.6225","Volume":"44738200"},{"Date":"2003-11-07","Adjusted_Close":"2.7155","Volume":"38740200"},{"Date":"2003-10-31","Adjusted_Close":"2.7215","Volume":"41951400"},{"Date":"2003-10-24","Adjusted_Close":"2.7254","Volume":"85952800"},{"Date":"2003-10-17","Adjusted_Close":"2.9845","Volume":"50688500"},{"Date":"2003-10-10","Adjusted_Close":"2.9030","Volume":"74673300"},{"Date":"2003-10-03","Adjusted_Close":"2.6445","Volume":"53263200"},{"Date":"2003-09-26","Adjusted_Close":"2.4280","Volume":"69337900"},{"Date":"2003-09-19","Adjusted_Close":"2.3790","Volume":"34804300"},{"Date":"2003-09-12","Adjusted_Close":"2.2840","Volume":"41875100"},{"Date":"2003-09-05","Adjusted_Close":"2.3260","Volume":"38515200"},{"Date":"2003-08-29","Adjusted_Close":"2.3160","Volume":"31331200"},{"Date":"2003-08-22","Adjusted_Close":"2.2610","Volume":"50454000"},{"Date":"2003-08-15","Adjusted_Close":"2.0050","Volume":"25858900"},{"Date":"2003-08-08","Adjusted_Close":"1.9575","Volume":"34269600"},{"Date":"2003-08-01","Adjusted_Close":"2.0015","Volume":"40220900"},{"Date":"2003-07-25","Adjusted_Close":"2.0800","Volume":"92376200"},{"Date":"2003-07-18","Adjusted_Close":"1.7490","Volume":"41212300"},{"Date":"2003-07-11","Adjusted_Close":"1.8825","Volume":"47060400"},{"Date":"2003-07-03","Adjusted_Close":"1.8840","Volume":"22318800"},{"Date":"2003-06-27","Adjusted_Close":"1.8150","Volume":"40292400"},{"Date":"2003-06-20","Adjusted_Close":"1.7520","Volume":"39585200"},{"Date":"2003-06-13","Adjusted_Close":"1.7065","Volume":"38892700"},{"Date":"2003-06-06","Adjusted_Close":"1.6675","Volume":"47556600"},{"Date":"2003-05-30","Adjusted_Close":"1.7945","Volume":"40810400"},{"Date":"2003-05-23","Adjusted_Close":"1.6360","Volume":"38583100"},{"Date":"2003-05-16","Adjusted_Close":"1.6525","Volume":"43921000"},{"Date":"2003-05-09","Adjusted_Close":"1.5482","Volume":"49945700"},{"Date":"2003-05-02","Adjusted_Close":"1.4715","Volume":"53351000"},{"Date":"2003-04-25","Adjusted_Close":"1.4485","Volume":"80426700"},{"Date":"2003-04-17","Adjusted_Close":"1.2495","Volume":"32842900"},{"Date":"2003-04-11","Adjusted_Close":"1.2875","Volume":"40803100"},{"Date":"2003-04-04","Adjusted_Close":"1.3110","Volume":"39009000"},{"Date":"2003-03-28","Adjusted_Close":"1.3590","Volume":"42008500"},{"Date":"2003-03-21","Adjusted_Close":"1.3965","Volume":"52389600"},{"Date":"2003-03-14","Adjusted_Close":"1.2355","Volume":"34129900"},{"Date":"2003-03-07","Adjusted_Close":"1.1485","Volume":"26350800"},{"Date":"2003-02-28","Adjusted_Close":"1.1005","Volume":"26445300"},{"Date":"2003-02-21","Adjusted_Close":"1.0890","Volume":"24748300"},{"Date":"2003-02-14","Adjusted_Close":"1.0030","Volume":"38411500"},{"Date":"2003-02-07","Adjusted_Close":"1.0720","Volume":"26336800"},{"Date":"2003-01-31","Adjusted_Close":"1.0925","Volume":"35460500"},{"Date":"2003-01-24","Adjusted_Close":"1.1055","Volume":"45656500"},{"Date":"2003-01-17","Adjusted_Close":"1.0700","Volume":"34857300"},{"Date":"2003-01-10","Adjusted_Close":"1.0660","Volume":"37981900"},{"Date":"2003-01-03","Adjusted_Close":"1.0260","Volume":"29062700"},{"Date":"2002-12-27","Adjusted_Close":"0.9430","Volume":"42945200"},{"Date":"2002-12-20","Adjusted_Close":"1.0900","Volume":"23102700"},{"Date":"2002-12-13","Adjusted_Close":"1.1090","Volume":"30772400"},{"Date":"2002-12-06","Adjusted_Close":"1.1305","Volume":"44968600"},{"Date":"2002-11-29","Adjusted_Close":"1.1675","Volume":"24740200"},{"Date":"2002-11-22","Adjusted_Close":"1.1995","Volume":"73861900"},{"Date":"2002-11-15","Adjusted_Close":"1.1105","Volume":"59853700"},{"Date":"2002-11-08","Adjusted_Close":"0.9755","Volume":"42331100"},{"Date":"2002-11-01","Adjusted_Close":"0.9900","Volume":"35302600"},{"Date":"2002-10-25","Adjusted_Close":"0.9650","Volume":"50881400"},{"Date":"2002-10-18","Adjusted_Close":"0.9520","Volume":"53372900"},{"Date":"2002-10-11","Adjusted_Close":"0.9230","Volume":"38086700"},{"Date":"2002-10-04","Adjusted_Close":"0.8275","Volume":"40684300"},{"Date":"2002-09-27","Adjusted_Close":"0.8505","Volume":"42485100"},{"Date":"2002-09-20","Adjusted_Close":"0.7930","Volume":"37421400"},{"Date":"2002-09-13","Adjusted_Close":"0.8305","Volume":"37454500"},{"Date":"2002-09-06","Adjusted_Close":"0.7655","Volume":"19426100"},{"Date":"2002-08-30","Adjusted_Close":"0.7470","Volume":"25205500"},{"Date":"2002-08-23","Adjusted_Close":"0.7585","Volume":"31155500"},{"Date":"2002-08-16","Adjusted_Close":"0.7450","Volume":"24371600"},{"Date":"2002-08-09","Adjusted_Close":"0.7130","Volume":"24363600"},{"Date":"2002-08-02","Adjusted_Close":"0.6920","Volume":"26654800"},{"Date":"2002-07-26","Adjusted_Close":"0.6465","Volume":"55307500"},{"Date":"2002-07-19","Adjusted_Close":"0.7645","Volume":"37101400"},{"Date":"2002-07-12","Adjusted_Close":"0.7715","Volume":"34496900"},{"Date":"2002-07-05","Adjusted_Close":"0.7605","Volume":"33277000"},{"Date":"2002-06-28","Adjusted_Close":"0.8125","Volume":"41962900"},{"Date":"2002-06-21","Adjusted_Close":"0.8765","Volume":"38307800"},{"Date":"2002-06-14","Adjusted_Close":"0.8410","Volume":"36800500"},{"Date":"2002-06-07","Adjusted_Close":"0.9290","Volume":"25546600"},{"Date":"2002-05-31","Adjusted_Close":"0.9115","Volume":"20080900"},{"Date":"2002-05-24","Adjusted_Close":"0.9735","Volume":"31198000"},{"Date":"2002-05-17","Adjusted_Close":"0.9580","Volume":"48520500"},{"Date":"2002-05-10","Adjusted_Close":"0.8470","Volume":"37359800"},{"Date":"2002-05-03","Adjusted_Close":"0.8025","Volume":"32517300"},{"Date":"2002-04-26","Adjusted_Close":"0.8455","Volume":"67692500"},{"Date":"2002-04-19","Adjusted_Close":"0.7265","Volume":"23794800"},{"Date":"2002-04-12","Adjusted_Close":"0.6655","Volume":"28330200"},{"Date":"2002-04-05","Adjusted_Close":"0.6750","Volume":"24305100"},{"Date":"2002-03-28","Adjusted_Close":"0.7150","Volume":"21310000"},{"Date":"2002-03-22","Adjusted_Close":"0.7765","Volume":"32667700"},{"Date":"2002-03-15","Adjusted_Close":"0.7015","Volume":"45293200"},{"Date":"2002-03-08","Adjusted_Close":"0.8175","Volume":"55707700"},{"Date":"2002-03-01","Adjusted_Close":"0.7695","Volume":"38487400"},{"Date":"2002-02-22","Adjusted_Close":"0.6535","Volume":"32449600"},{"Date":"2002-02-15","Adjusted_Close":"0.6705","Volume":"39520800"},{"Date":"2002-02-08","Adjusted_Close":"0.6260","Volume":"55568900"},{"Date":"2002-02-01","Adjusted_Close":"0.6865","Volume":"76299400"},{"Date":"2002-01-25","Adjusted_Close":"0.7220","Volume":"128422600"},{"Date":"2002-01-18","Adjusted_Close":"0.5080","Volume":"54229700"},{"Date":"2002-01-11","Adjusted_Close":"0.5515","Volume":"41506300"},{"Date":"2002-01-04","Adjusted_Close":"0.6125","Volume":"36117300"},{"Date":"2001-12-28","Adjusted_Close":"0.5450","Volume":"45533400"},{"Date":"2001-12-21","Adjusted_Close":"0.5000","Volume":"44753300"},{"Date":"2001-12-14","Adjusted_Close":"0.5500","Volume":"48623700"},{"Date":"2001-12-07","Adjusted_Close":"0.5855","Volume":"67510400"},{"Date":"2001-11-30","Adjusted_Close":"0.5660","Volume":"162677000"},{"Date":"2001-11-23","Adjusted_Close":"0.4540","Volume":"30532800"},{"Date":"2001-11-16","Adjusted_Close":"0.4475","Volume":"73503600"},{"Date":"2001-11-09","Adjusted_Close":"0.3560","Volume":"35501300"},{"Date":"2001-11-02","Adjusted_Close":"0.3355","Volume":"31709400"},{"Date":"2001-10-26","Adjusted_Close":"0.3780","Volume":"58524700"},{"Date":"2001-10-19","Adjusted_Close":"0.4005","Volume":"37206500"},{"Date":"2001-10-12","Adjusted_Close":"0.4035","Volume":"20079100"},{"Date":"2001-10-05","Adjusted_Close":"0.3600","Volume":"31113700"},{"Date":"2001-09-28","Adjusted_Close":"0.2985","Volume":"33047100"},{"Date":"2001-09-21","Adjusted_Close":"0.3740","Volume":"47777900"},{"Date":"2001-09-10","Adjusted_Close":"0.4315","Volume":"5833600"},{"Date":"2001-09-07","Adjusted_Close":"0.4255","Volume":"40184800"},{"Date":"2001-08-31","Adjusted_Close":"0.4470","Volume":"19143700"},{"Date":"2001-08-24","Adjusted_Close":"0.5115","Volume":"20659100"},{"Date":"2001-08-17","Adjusted_Close":"0.4995","Volume":"24584800"},{"Date":"2001-08-10","Adjusted_Close":"0.4975","Volume":"23831700"},{"Date":"2001-08-03","Adjusted_Close":"0.6075","Volume":"22027900"},{"Date":"2001-07-27","Adjusted_Close":"0.6125","Volume":"73374900"},{"Date":"2001-07-20","Adjusted_Close":"0.8490","Volume":"23643600"},{"Date":"2001-07-13","Adjusted_Close":"0.8490","Volume":"35290300"},{"Date":"2001-07-06","Adjusted_Close":"0.7635","Volume":"30210000"},{"Date":"2001-06-29","Adjusted_Close":"0.7075","Volume":"31216600"},{"Date":"2001-06-22","Adjusted_Close":"0.6200","Volume":"38573000"},{"Date":"2001-06-15","Adjusted_Close":"0.6245","Volume":"25849000"},{"Date":"2001-06-08","Adjusted_Close":"0.7850","Volume":"34588700"},{"Date":"2001-06-01","Adjusted_Close":"0.8475","Volume":"34346900"},{"Date":"2001-05-25","Adjusted_Close":"0.8545","Volume":"35731500"},{"Date":"2001-05-18","Adjusted_Close":"0.7360","Volume":"31431600"},{"Date":"2001-05-11","Adjusted_Close":"0.7340","Volume":"25445700"},{"Date":"2001-05-04","Adjusted_Close":"0.8780","Volume":"29979900"},{"Date":"2001-04-27","Adjusted_Close":"0.7635","Volume":"38495900"},{"Date":"2001-04-20","Adjusted_Close":"0.7890","Volume":"48203300"},{"Date":"2001-04-12","Adjusted_Close":"0.7335","Volume":"67217900"},{"Date":"2001-04-06","Adjusted_Close":"0.4185","Volume":"30083000"},{"Date":"2001-03-30","Adjusted_Close":"0.5115","Volume":"24037500"},{"Date":"2001-03-23","Adjusted_Close":"0.5095","Volume":"28924800"},{"Date":"2001-03-16","Adjusted_Close":"0.5500","Volume":"24980700"},{"Date":"2001-03-09","Adjusted_Close":"0.6125","Volume":"71150600"},{"Date":"2001-03-02","Adjusted_Close":"0.5000","Volume":"47133800"},{"Date":"2001-02-23","Adjusted_Close":"0.5905","Volume":"27540800"},{"Date":"2001-02-16","Adjusted_Close":"0.6845","Volume":"41089200"},{"Date":"2001-02-09","Adjusted_Close":"0.6690","Volume":"48582800"},{"Date":"2001-02-02","Adjusted_Close":"0.7190","Volume":"62031900"},{"Date":"2001-01-26","Adjusted_Close":"0.9750","Volume":"35152000"},{"Date":"2001-01-19","Adjusted_Close":"0.9970","Volume":"25476300"},{"Date":"2001-01-12","Adjusted_Close":"0.8845","Volume":"66093200"},{"Date":"2001-01-05","Adjusted_Close":"0.7280","Volume":"43303200"},{"Date":"2000-12-29","Adjusted_Close":"0.7780","Volume":"33916900"},{"Date":"2000-12-22","Adjusted_Close":"0.7780","Volume":"69542800"},{"Date":"2000-12-15","Adjusted_Close":"1.1440","Volume":"40227300"},{"Date":"2000-12-08","Adjusted_Close":"1.1720","Volume":"50668500"},{"Date":"2000-12-01","Adjusted_Close":"1.2315","Volume":"50083000"},{"Date":"2000-11-24","Adjusted_Close":"1.4470","Volume":"32152200"},{"Date":"2000-11-17","Adjusted_Close":"1.3720","Volume":"30609400"},{"Date":"2000-11-10","Adjusted_Close":"1.5030","Volume":"30200400"},{"Date":"2000-11-03","Adjusted_Close":"1.8780","Volume":"46481000"},{"Date":"2000-10-27","Adjusted_Close":"1.7815","Volume":"82645300"},{"Date":"2000-10-20","Adjusted_Close":"1.5405","Volume":"63573700"},{"Date":"2000-10-13","Adjusted_Close":"1.4220","Volume":"43548700"},{"Date":"2000-10-06","Adjusted_Close":"1.5780","Volume":"34536100"},{"Date":"2000-09-29","Adjusted_Close":"1.9220","Volume":"32126200"},{"Date":"2000-09-22","Adjusted_Close":"2.0720","Volume":"34842600"},{"Date":"2000-09-15","Adjusted_Close":"2.1815","Volume":"26497300"},{"Date":"2000-09-08","Adjusted_Close":"2.1470","Volume":"36926500"},{"Date":"2000-09-01","Adjusted_Close":"2.0750","Volume":"34582600"},{"Date":"2000-08-25","Adjusted_Close":"1.9970","Volume":"19694600"},{"Date":"2000-08-18","Adjusted_Close":"1.9500","Volume":"36892800"},{"Date":"2000-08-11","Adjusted_Close":"1.6845","Volume":"33517300"},{"Date":"2000-08-04","Adjusted_Close":"1.6250","Volume":"32603300"},{"Date":"2000-07-28","Adjusted_Close":"1.5000","Volume":"85104800"},{"Date":"2000-07-21","Adjusted_Close":"2.0565","Volume":"30890700"},{"Date":"2000-07-14","Adjusted_Close":"2.1315","Volume":"56436600"},{"Date":"2000-07-07","Adjusted_Close":"1.8065","Volume":"16613700"},{"Date":"2000-06-30","Adjusted_Close":"1.8155","Volume":"69027300"},{"Date":"2000-06-23","Adjusted_Close":"1.6940","Volume":"77278200"},{"Date":"2000-06-16","Adjusted_Close":"2.3000","Volume":"20420600"},{"Date":"2000-06-09","Adjusted_Close":"2.6095","Volume":"20470100"},{"Date":"2000-06-02","Adjusted_Close":"2.8940","Volume":"28439900"},{"Date":"2000-05-26","Adjusted_Close":"2.3250","Volume":"34317100"},{"Date":"2000-05-19","Adjusted_Close":"2.6315","Volume":"26894100"},{"Date":"2000-05-12","Adjusted_Close":"2.6875","Volume":"26763700"},{"Date":"2000-05-05","Adjusted_Close":"2.9250","Volume":"30218500"},{"Date":"2000-04-28","Adjusted_Close":"2.7595","Volume":"43949900"},{"Date":"2000-04-20","Adjusted_Close":"2.6190","Volume":"33215000"},{"Date":"2000-04-14","Adjusted_Close":"2.3440","Volume":"48679200"},{"Date":"2000-04-07","Adjusted_Close":"3.3780","Volume":"36168400"},{"Date":"2000-03-31","Adjusted_Close":"3.3500","Volume":"25982200"},{"Date":"2000-03-24","Adjusted_Close":"3.6345","Volume":"49650900"},{"Date":"2000-03-17","Adjusted_Close":"3.2405","Volume":"31523900"},{"Date":"2000-03-10","Adjusted_Close":"3.3440","Volume":"29811300"},{"Date":"2000-03-03","Adjusted_Close":"3.1250","Volume":"31822500"},{"Date":"2000-02-25","Adjusted_Close":"3.4565","Volume":"24866800"},{"Date":"2000-02-18","Adjusted_Close":"3.2375","Volume":"30710400"},{"Date":"2000-02-11","Adjusted_Close":"3.8095","Volume":"57470800"},{"Date":"2000-02-04","Adjusted_Close":"3.9280","Volume":"92901400"},{"Date":"2000-01-28","Adjusted_Close":"3.0845","Volume":"65724200"},{"Date":"2000-01-21","Adjusted_Close":"3.1030","Volume":"31070300"},{"Date":"2000-01-14","Adjusted_Close":"3.2125","Volume":"53396800"},{"Date":"2000-01-07","Adjusted_Close":"3.4780","Volume":"101319800"},{"Date":"1999-12-31","Adjusted_Close":"3.8065","Volume":"49268400"},{"Date":"1999-12-23","Adjusted_Close":"4.5000","Volume":"38911700"},{"Date":"1999-12-17","Adjusted_Close":"4.7030","Volume":"41855400"},{"Date":"1999-12-10","Adjusted_Close":"5.3350","Volume":"85087100"},{"Date":"1999-12-03","Adjusted_Close":"4.3280","Volume":"62872700"},{"Date":"1999-11-26","Adjusted_Close":"4.6565","Volume":"55020000"},{"Date":"1999-11-19","Adjusted_Close":"3.8970","Volume":"39904300"},{"Date":"1999-11-12","Adjusted_Close":"3.7470","Volume":"89936700"}]