[{"Date":"2024-02-09","Adjusted_Close":"420.5500","Volume":"109333537"},{"Date":"2024-02-02","Adjusted_Close":"411.2200","Volume":"164773339"},{"Date":"2024-01-26","Adjusted_Close":"403.9300","Volume":"109649099"},{"Date":"2024-01-19","Adjusted_Close":"398.6700","Volume":"102159580"},{"Date":"2024-01-12","Adjusted_Close":"388.4700","Volume":"118990164"},{"Date":"2024-01-05","Adjusted_Close":"367.7500","Volume":"89318051"},{"Date":"2023-12-29","Adjusted_Close":"376.0400","Volume":"60603657"},{"Date":"2023-12-22","Adjusted_Close":"374.5800","Volume":"103468302"},{"Date":"2023-12-15","Adjusted_Close":"370.7300","Volume":"205282326"},{"Date":"2023-12-08","Adjusted_Close":"374.2300","Volume":"119519918"},{"Date":"2023-12-01","Adjusted_Close":"374.5100","Volume":"135190626"},{"Date":"2023-11-24","Adjusted_Close":"377.4300","Volume":"114489942"},{"Date":"2023-11-17","Adjusted_Close":"369.8500","Volume":"142038149"},{"Date":"2023-11-10","Adjusted_Close":"368.9215","Volume":"129342555"},{"Date":"2023-11-03","Adjusted_Close":"352.0857","Volume":"119237928"},{"Date":"2023-10-27","Adjusted_Close":"329.1422","Volume":"178267212"},{"Date":"2023-10-20","Adjusted_Close":"326.0086","Volume":"113729959"},{"Date":"2023-10-13","Adjusted_Close":"327.0664","Volume":"100910313"},{"Date":"2023-10-06","Adjusted_Close":"326.5974","Volume":"104962901"},{"Date":"2023-09-29","Adjusted_Close":"315.1107","Volume":"107374481"},{"Date":"2023-09-22","Adjusted_Close":"316.3681","Volume":"111793469"},{"Date":"2023-09-15","Adjusted_Close":"329.5514","Volume":"108640058"},{"Date":"2023-09-08","Adjusted_Close":"333.5932","Volume":"74018792"},{"Date":"2023-09-01","Adjusted_Close":"327.9946","Volume":"90668160"},{"Date":"2023-08-25","Adjusted_Close":"322.3261","Volume":"106273900"},{"Date":"2023-08-18","Adjusted_Close":"315.8392","Volume":"102513461"},{"Date":"2023-08-11","Adjusted_Close":"319.6816","Volume":"106911584"},{"Date":"2023-08-04","Adjusted_Close":"326.4236","Volume":"113690368"},{"Date":"2023-07-28","Adjusted_Close":"336.9697","Volume":"194860778"},{"Date":"2023-07-21","Adjusted_Close":"342.3474","Volume":"228153310"},{"Date":"2023-07-14","Adjusted_Close":"343.8113","Volume":"138404817"},{"Date":"2023-07-07","Adjusted_Close":"335.8245","Volume":"80091428"},{"Date":"2023-06-30","Adjusted_Close":"339.1307","Volume":"109964013"},{"Date":"2023-06-23","Adjusted_Close":"333.6336","Volume":"98196871"},{"Date":"2023-06-16","Adjusted_Close":"340.9133","Volume":"158712883"},{"Date":"2023-06-09","Adjusted_Close":"325.4376","Volume":"128227063"},{"Date":"2023-06-02","Adjusted_Close":"334.0120","Volume":"127697548"},{"Date":"2023-05-26","Adjusted_Close":"331.5124","Volume":"158230100"},{"Date":"2023-05-19","Adjusted_Close":"317.0226","Volume":"122204598"},{"Date":"2023-05-12","Adjusted_Close":"307.0265","Volume":"124192361"},{"Date":"2023-05-05","Adjusted_Close":"308.6959","Volume":"120776259"},{"Date":"2023-04-28","Adjusted_Close":"305.3272","Volume":"219796618"},{"Date":"2023-04-21","Adjusted_Close":"283.9625","Volume":"106024017"},{"Date":"2023-04-14","Adjusted_Close":"284.3401","Volume":"122993610"},{"Date":"2023-04-06","Adjusted_Close":"289.7658","Volume":"102542745"},{"Date":"2023-03-31","Adjusted_Close":"286.4865","Volume":"131625277"},{"Date":"2023-03-24","Adjusted_Close":"278.8051","Volume":"177709524"},{"Date":"2023-03-17","Adjusted_Close":"277.6723","Volume":"237347572"},{"Date":"2023-03-10","Adjusted_Close":"247.0263","Volume":"117910562"},{"Date":"2023-03-03","Adjusted_Close":"253.6842","Volume":"126840033"},{"Date":"2023-02-24","Adjusted_Close":"247.6523","Volume":"105098500"},{"Date":"2023-02-17","Adjusted_Close":"256.4367","Volume":"170244679"},{"Date":"2023-02-10","Adjusted_Close":"260.7866","Volume":"196239002"},{"Date":"2023-02-03","Adjusted_Close":"256.0783","Volume":"152686042"},{"Date":"2023-01-27","Adjusted_Close":"245.9779","Volume":"198648466"},{"Date":"2023-01-20","Adjusted_Close":"238.1078","Volume":"123872791"},{"Date":"2023-01-13","Adjusted_Close":"237.1265","Volume":"131675747"},{"Date":"2023-01-06","Adjusted_Close":"222.9522","Volume":"159562627"},{"Date":"2022-12-30","Adjusted_Close":"237.7113","Volume":"75854917"},{"Date":"2022-12-23","Adjusted_Close":"236.6309","Volume":"128396491"},{"Date":"2022-12-16","Adjusted_Close":"242.5385","Volume":"229942973"},{"Date":"2022-12-09","Adjusted_Close":"243.2620","Volume":"109602043"},{"Date":"2022-12-02","Adjusted_Close":"252.7776","Volume":"137930867"},{"Date":"2022-11-25","Adjusted_Close":"245.3138","Volume":"74769633"},{"Date":"2022-11-18","Adjusted_Close":"239.0990","Volume":"137343796"},{"Date":"2022-11-11","Adjusted_Close":"244.2501","Volume":"170431704"},{"Date":"2022-11-04","Adjusted_Close":"218.8278","Volume":"170779529"},{"Date":"2022-10-28","Adjusted_Close":"233.1402","Volume":"223443932"},{"Date":"2022-10-21","Adjusted_Close":"239.3178","Volume":"122568305"},{"Date":"2022-10-14","Adjusted_Close":"225.9148","Volume":"154871905"},{"Date":"2022-10-07","Adjusted_Close":"231.5290","Volume":"142125397"},{"Date":"2022-09-30","Adjusted_Close":"230.2045","Volume":"146921666"},{"Date":"2022-09-23","Adjusted_Close":"235.1664","Volume":"147215927"},{"Date":"2022-09-16","Adjusted_Close":"241.9075","Volume":"147336678"},{"Date":"2022-09-09","Adjusted_Close":"261.3993","Volume":"87823670"},{"Date":"2022-09-02","Adjusted_Close":"253.0965","Volume":"113799087"},{"Date":"2022-08-26","Adjusted_Close":"264.9873","Volume":"104858212"},{"Date":"2022-08-19","Adjusted_Close":"282.8383","Volume":"92198119"},{"Date":"2022-08-12","Adjusted_Close":"287.9188","Volume":"109536514"},{"Date":"2022-08-05","Adjusted_Close":"279.0419","Volume":"102685912"},{"Date":"2022-07-29","Adjusted_Close":"276.9016","Volume":"172010083"},{"Date":"2022-07-22","Adjusted_Close":"256.8002","Volume":"113061843"},{"Date":"2022-07-15","Adjusted_Close":"253.2100","Volume":"139761854"},{"Date":"2022-07-08","Adjusted_Close":"264.0004","Volume":"87314678"},{"Date":"2022-07-01","Adjusted_Close":"256.0309","Volume":"126633760"},{"Date":"2022-06-24","Adjusted_Close":"264.0398","Volume":"115674192"},{"Date":"2022-06-17","Adjusted_Close":"244.2640","Volume":"184152944"},{"Date":"2022-06-10","Adjusted_Close":"249.5310","Volume":"120518929"},{"Date":"2022-06-03","Adjusted_Close":"266.3281","Volume":"135187036"},{"Date":"2022-05-27","Adjusted_Close":"269.5041","Volume":"142680141"},{"Date":"2022-05-20","Adjusted_Close":"249.1068","Volume":"164627282"},{"Date":"2022-05-13","Adjusted_Close":"256.9229","Volume":"221997169"},{"Date":"2022-05-06","Adjusted_Close":"270.3141","Volume":"175633827"},{"Date":"2022-04-29","Adjusted_Close":"273.0593","Volume":"211924047"},{"Date":"2022-04-22","Adjusted_Close":"269.6254","Volume":"124741446"},{"Date":"2022-04-14","Adjusted_Close":"275.3321","Volume":"115664768"},{"Date":"2022-04-08","Adjusted_Close":"292.1966","Volume":"143204193"},{"Date":"2022-04-01","Adjusted_Close":"304.4465","Volume":"148667745"},{"Date":"2022-03-25","Adjusted_Close":"298.7988","Volume":"128192615"},{"Date":"2022-03-18","Adjusted_Close":"295.6010","Volume":"175744631"},{"Date":"2022-03-11","Adjusted_Close":"275.5683","Volume":"184358475"},{"Date":"2022-03-04","Adjusted_Close":"285.2009","Volume":"157402366"},{"Date":"2022-02-25","Adjusted_Close":"292.5312","Volume":"168916893"},{"Date":"2022-02-18","Adjusted_Close":"283.3019","Volume":"160446684"},{"Date":"2022-02-11","Adjusted_Close":"289.6980","Volume":"176800964"},{"Date":"2022-02-04","Adjusted_Close":"300.4006","Volume":"202857381"},{"Date":"2022-01-28","Adjusted_Close":"302.6786","Volume":"352537899"},{"Date":"2022-01-21","Adjusted_Close":"290.6700","Volume":"180568678"},{"Date":"2022-01-14","Adjusted_Close":"304.5835","Volume":"193141391"},{"Date":"2022-01-07","Adjusted_Close":"308.3539","Volume":"174012812"},{"Date":"2021-12-31","Adjusted_Close":"330.2305","Volume":"84417803"},{"Date":"2021-12-23","Adjusted_Close":"328.6300","Volume":"97516470"},{"Date":"2021-12-17","Adjusted_Close":"317.9372","Volume":"191737796"},{"Date":"2021-12-10","Adjusted_Close":"336.3379","Volume":"146125332"},{"Date":"2021-12-03","Adjusted_Close":"317.1615","Volume":"177395495"},{"Date":"2021-11-26","Adjusted_Close":"323.7108","Volume":"107337225"},{"Date":"2021-11-19","Adjusted_Close":"336.8976","Volume":"101090157"},{"Date":"2021-11-12","Adjusted_Close":"330.0199","Volume":"106622220"},{"Date":"2021-11-05","Adjusted_Close":"329.3731","Volume":"120621826"},{"Date":"2021-10-29","Adjusted_Close":"325.0214","Volume":"159314433"},{"Date":"2021-10-22","Adjusted_Close":"303.0083","Volume":"91315937"},{"Date":"2021-10-15","Adjusted_Close":"298.1568","Volume":"113344507"},{"Date":"2021-10-08","Adjusted_Close":"288.9831","Volume":"122462501"},{"Date":"2021-10-01","Adjusted_Close":"283.3475","Volume":"155541590"},{"Date":"2021-09-24","Adjusted_Close":"293.3935","Volume":"120872685"},{"Date":"2021-09-17","Adjusted_Close":"293.9032","Volume":"134785958"},{"Date":"2021-09-10","Adjusted_Close":"289.8259","Volume":"71791265"},{"Date":"2021-09-03","Adjusted_Close":"295.1479","Volume":"92659391"},{"Date":"2021-08-27","Adjusted_Close":"293.7562","Volume":"101283798"},{"Date":"2021-08-20","Adjusted_Close":"298.3038","Volume":"135072369"},{"Date":"2021-08-13","Adjusted_Close":"286.4711","Volume":"80543547"},{"Date":"2021-08-06","Adjusted_Close":"283.1549","Volume":"80827209"},{"Date":"2021-07-30","Adjusted_Close":"278.7040","Volume":"129074080"},{"Date":"2021-07-23","Adjusted_Close":"283.3603","Volume":"129711825"},{"Date":"2021-07-16","Adjusted_Close":"274.6346","Volume":"116956560"},{"Date":"2021-07-09","Adjusted_Close":"271.8858","Volume":"103360847"},{"Date":"2021-07-02","Adjusted_Close":"271.6021","Volume":"104384023"},{"Date":"2021-06-25","Adjusted_Close":"259.2473","Volume":"117966870"},{"Date":"2021-06-18","Adjusted_Close":"253.7790","Volume":"128993727"},{"Date":"2021-06-11","Adjusted_Close":"252.2726","Volume":"107035149"},{"Date":"2021-06-04","Adjusted_Close":"245.3272","Volume":"93208820"},{"Date":"2021-05-28","Adjusted_Close":"244.2414","Volume":"99588636"},{"Date":"2021-05-21","Adjusted_Close":"239.8296","Volume":"114541724"},{"Date":"2021-05-14","Adjusted_Close":"242.1869","Volume":"153151228"},{"Date":"2021-05-07","Adjusted_Close":"246.3933","Volume":"127807942"},{"Date":"2021-04-30","Adjusted_Close":"246.1200","Volume":"169214799"},{"Date":"2021-04-23","Adjusted_Close":"254.8745","Volume":"114067956"},{"Date":"2021-04-16","Adjusted_Close":"254.4743","Volume":"124563138"},{"Date":"2021-04-09","Adjusted_Close":"249.7018","Volume":"130514397"},{"Date":"2021-04-01","Adjusted_Close":"236.5262","Volume":"123980920"},{"Date":"2021-03-26","Adjusted_Close":"230.7973","Volume":"146927214"},{"Date":"2021-03-19","Adjusted_Close":"224.8146","Volume":"164979946"},{"Date":"2021-03-12","Adjusted_Close":"230.0848","Volume":"150656031"},{"Date":"2021-03-05","Adjusted_Close":"226.0346","Volume":"168775377"},{"Date":"2021-02-26","Adjusted_Close":"226.7958","Volume":"169414358"},{"Date":"2021-02-19","Adjusted_Close":"235.1794","Volume":"90368267"},{"Date":"2021-02-12","Adjusted_Close":"238.5558","Volume":"100112782"},{"Date":"2021-02-05","Adjusted_Close":"235.8390","Volume":"129501505"},{"Date":"2021-01-29","Adjusted_Close":"225.8680","Volume":"243806631"},{"Date":"2021-01-22","Adjusted_Close":"220.0158","Volume":"129180335"},{"Date":"2021-01-15","Adjusted_Close":"207.0651","Volume":"127375699"},{"Date":"2021-01-08","Adjusted_Close":"213.8521","Volume":"147534431"},{"Date":"2020-12-31","Adjusted_Close":"216.5785","Volume":"76380383"},{"Date":"2020-12-24","Adjusted_Close":"216.8998","Volume":"89075493"},{"Date":"2020-12-18","Adjusted_Close":"212.8491","Volume":"186710444"},{"Date":"2020-12-11","Adjusted_Close":"207.6591","Volume":"137791151"},{"Date":"2020-12-04","Adjusted_Close":"208.7302","Volume":"137074249"},{"Date":"2020-11-27","Adjusted_Close":"209.5773","Volume":"95039045"},{"Date":"2020-11-20","Adjusted_Close":"204.8645","Volume":"125116110"},{"Date":"2020-11-13","Adjusted_Close":"210.2659","Volume":"158127280"},{"Date":"2020-11-06","Adjusted_Close":"217.2680","Volume":"161978002"},{"Date":"2020-10-30","Adjusted_Close":"196.6308","Volume":"193420153"},{"Date":"2020-10-23","Adjusted_Close":"209.9940","Volume":"114335316"},{"Date":"2020-10-16","Adjusted_Close":"213.3250","Volume":"141654870"},{"Date":"2020-10-09","Adjusted_Close":"209.5861","Volume":"121950760"},{"Date":"2020-10-02","Adjusted_Close":"200.2435","Volume":"150611695"},{"Date":"2020-09-25","Adjusted_Close":"201.8265","Volume":"164800307"},{"Date":"2020-09-18","Adjusted_Close":"194.6108","Volume":"167808757"},{"Date":"2020-09-11","Adjusted_Close":"198.1458","Volume":"167684903"},{"Date":"2020-09-04","Adjusted_Close":"208.0711","Volume":"206710590"},{"Date":"2020-08-28","Adjusted_Close":"222.3083","Volume":"171999762"},{"Date":"2020-08-21","Adjusted_Close":"206.8765","Volume":"132258021"},{"Date":"2020-08-14","Adjusted_Close":"202.3832","Volume":"141752091"},{"Date":"2020-08-07","Adjusted_Close":"205.8515","Volume":"217598950"},{"Date":"2020-07-31","Adjusted_Close":"198.6145","Volume":"149372422"},{"Date":"2020-07-24","Adjusted_Close":"195.0202","Volume":"230978319"},{"Date":"2020-07-17","Adjusted_Close":"196.5510","Volume":"169559618"},{"Date":"2020-07-10","Adjusted_Close":"207.0044","Volume":"158537665"},{"Date":"2020-07-02","Adjusted_Close":"199.8255","Volume":"122405847"},{"Date":"2020-06-26","Adjusted_Close":"190.2053","Volume":"182956736"},{"Date":"2020-06-19","Adjusted_Close":"189.0621","Volume":"168517456"},{"Date":"2020-06-12","Adjusted_Close":"181.8833","Volume":"203096094"},{"Date":"2020-06-05","Adjusted_Close":"181.3601","Volume":"149429874"},{"Date":"2020-05-29","Adjusted_Close":"177.5333","Volume":"151569299"},{"Date":"2020-05-22","Adjusted_Close":"177.7852","Volume":"143226709"},{"Date":"2020-05-15","Adjusted_Close":"176.9600","Volume":"196126640"},{"Date":"2020-05-08","Adjusted_Close":"178.4286","Volume":"158579959"},{"Date":"2020-05-01","Adjusted_Close":"168.6608","Volume":"212119968"},{"Date":"2020-04-24","Adjusted_Close":"168.6415","Volume":"194621072"},{"Date":"2020-04-17","Adjusted_Close":"172.5544","Volume":"238965670"},{"Date":"2020-04-09","Adjusted_Close":"159.5500","Volume":"229630744"},{"Date":"2020-04-03","Adjusted_Close":"148.6229","Volume":"290191457"},{"Date":"2020-03-27","Adjusted_Close":"144.6327","Volume":"358866845"},{"Date":"2020-03-20","Adjusted_Close":"132.7007","Volume":"421347734"},{"Date":"2020-03-13","Adjusted_Close":"153.4536","Volume":"378231775"},{"Date":"2020-03-06","Adjusted_Close":"156.1009","Volume":"313160520"},{"Date":"2020-02-28","Adjusted_Close":"156.5260","Volume":"383019972"},{"Date":"2020-02-21","Adjusted_Close":"172.5447","Volume":"143313345"},{"Date":"2020-02-14","Adjusted_Close":"178.5896","Volume":"194512444"},{"Date":"2020-02-07","Adjusted_Close":"177.1828","Volume":"167049170"},{"Date":"2020-01-31","Adjusted_Close":"164.0211","Volume":"179845938"},{"Date":"2020-01-24","Adjusted_Close":"159.0204","Volume":"97961146"},{"Date":"2020-01-17","Adjusted_Close":"161.0052","Volume":"121822087"},{"Date":"2020-01-10","Adjusted_Close":"155.4553","Volume":"112604365"},{"Date":"2020-01-03","Adjusted_Close":"152.8345","Volume":"78506330"},{"Date":"2019-12-27","Adjusted_Close":"153.1621","Volume":"59656712"},{"Date":"2019-12-20","Adjusted_Close":"151.6687","Volume":"153142114"},{"Date":"2019-12-13","Adjusted_Close":"148.8937","Volume":"100577839"},{"Date":"2019-12-06","Adjusted_Close":"146.2151","Volume":"104537379"},{"Date":"2019-11-29","Adjusted_Close":"145.8586","Volume":"74242278"},{"Date":"2019-11-22","Adjusted_Close":"144.1339","Volume":"105652749"},{"Date":"2019-11-15","Adjusted_Close":"144.0091","Volume":"93727027"},{"Date":"2019-11-08","Adjusted_Close":"140.1585","Volume":"86277623"},{"Date":"2019-11-01","Adjusted_Close":"138.0076","Volume":"131732463"},{"Date":"2019-10-25","Adjusted_Close":"135.1364","Volume":"142631768"},{"Date":"2019-10-18","Adjusted_Close":"131.9484","Volume":"107104735"},{"Date":"2019-10-11","Adjusted_Close":"134.1281","Volume":"107510772"},{"Date":"2019-10-04","Adjusted_Close":"132.6301","Volume":"123233428"},{"Date":"2019-09-27","Adjusted_Close":"132.2556","Volume":"110281568"},{"Date":"2019-09-20","Adjusted_Close":"133.8977","Volume":"135317290"},{"Date":"2019-09-13","Adjusted_Close":"131.8619","Volume":"129776465"},{"Date":"2019-09-06","Adjusted_Close":"133.5712","Volume":"83840107"},{"Date":"2019-08-30","Adjusted_Close":"132.3805","Volume":"104909787"},{"Date":"2019-08-23","Adjusted_Close":"128.0881","Volume":"117766903"},{"Date":"2019-08-16","Adjusted_Close":"130.7192","Volume":"131659759"},{"Date":"2019-08-09","Adjusted_Close":"131.7840","Volume":"159823950"},{"Date":"2019-08-02","Adjusted_Close":"131.0088","Volume":"143400310"},{"Date":"2019-07-26","Adjusted_Close":"135.2578","Volume":"101248083"},{"Date":"2019-07-19","Adjusted_Close":"130.7409","Volume":"139389612"},{"Date":"2019-07-12","Adjusted_Close":"132.9228","Volume":"102201981"},{"Date":"2019-07-05","Adjusted_Close":"131.1620","Volume":"69662439"},{"Date":"2019-06-28","Adjusted_Close":"128.1954","Volume":"124214457"},{"Date":"2019-06-21","Adjusted_Close":"131.0758","Volume":"133967168"},{"Date":"2019-06-14","Adjusted_Close":"126.7503","Volume":"102505844"},{"Date":"2019-06-07","Adjusted_Close":"125.7455","Volume":"147636968"},{"Date":"2019-05-31","Adjusted_Close":"118.3577","Volume":"89367881"},{"Date":"2019-05-24","Adjusted_Close":"120.8076","Volume":"92123847"},{"Date":"2019-05-17","Adjusted_Close":"122.5588","Volume":"139816701"},{"Date":"2019-05-10","Adjusted_Close":"121.2168","Volume":"146827040"},{"Date":"2019-05-03","Adjusted_Close":"122.9045","Volume":"119573665"},{"Date":"2019-04-26","Adjusted_Close":"123.8484","Volume":"132620050"},{"Date":"2019-04-18","Adjusted_Close":"117.6317","Volume":"77156295"},{"Date":"2019-04-12","Adjusted_Close":"115.3242","Volume":"83159600"},{"Date":"2019-04-05","Adjusted_Close":"114.3136","Volume":"99731237"},{"Date":"2019-03-29","Adjusted_Close":"112.4543","Volume":"119632716"},{"Date":"2019-03-22","Adjusted_Close":"111.6057","Volume":"160388610"},{"Date":"2019-03-15","Adjusted_Close":"110.5187","Volume":"173532134"},{"Date":"2019-03-08","Adjusted_Close":"105.3698","Volume":"111990712"},{"Date":"2019-03-01","Adjusted_Close":"107.2959","Volume":"119359497"},{"Date":"2019-02-22","Adjusted_Close":"105.8084","Volume":"96472580"},{"Date":"2019-02-15","Adjusted_Close":"102.7453","Volume":"110757176"},{"Date":"2019-02-08","Adjusted_Close":"100.3243","Volume":"130472196"},{"Date":"2019-02-01","Adjusted_Close":"97.5805","Volume":"201611213"},{"Date":"2019-01-25","Adjusted_Close":"101.7484","Volume":"112628578"},{"Date":"2019-01-18","Adjusted_Close":"102.2611","Volume":"155699162"},{"Date":"2019-01-11","Adjusted_Close":"97.5995","Volume":"157833149"},{"Date":"2019-01-04","Adjusted_Close":"96.7735","Volume":"155142140"},{"Date":"2018-12-28","Adjusted_Close":"95.3114","Volume":"183237806"},{"Date":"2018-12-21","Adjusted_Close":"93.2607","Volume":"356050950"},{"Date":"2018-12-14","Adjusted_Close":"100.6661","Volume":"197742990"},{"Date":"2018-12-07","Adjusted_Close":"99.5173","Volume":"174082124"},{"Date":"2018-11-30","Adjusted_Close":"105.2802","Volume":"170037931"},{"Date":"2018-11-23","Adjusted_Close":"97.8558","Volume":"150780076"},{"Date":"2018-11-16","Adjusted_Close":"102.8117","Volume":"180498817"},{"Date":"2018-11-09","Adjusted_Close":"103.5731","Volume":"147847424"},{"Date":"2018-11-02","Adjusted_Close":"100.3497","Volume":"242639657"},{"Date":"2018-10-26","Adjusted_Close":"101.1059","Volume":"251383718"},{"Date":"2018-10-19","Adjusted_Close":"102.7129","Volume":"155518177"},{"Date":"2018-10-12","Adjusted_Close":"103.5731","Volume":"228861873"},{"Date":"2018-10-05","Adjusted_Close":"105.9930","Volume":"120208912"},{"Date":"2018-09-28","Adjusted_Close":"108.1104","Volume":"110093609"},{"Date":"2018-09-21","Adjusted_Close":"108.0064","Volume":"159580089"},{"Date":"2018-09-14","Adjusted_Close":"107.1651","Volume":"109098713"},{"Date":"2018-09-07","Adjusted_Close":"102.2875","Volume":"101483263"},{"Date":"2018-08-31","Adjusted_Close":"106.1820","Volume":"105653318"},{"Date":"2018-08-24","Adjusted_Close":"102.4671","Volume":"94198444"},{"Date":"2018-08-17","Adjusted_Close":"101.6920","Volume":"104691805"},{"Date":"2018-08-10","Adjusted_Close":"102.6339","Volume":"83694598"},{"Date":"2018-08-03","Adjusted_Close":"101.7300","Volume":"130716035"},{"Date":"2018-07-27","Adjusted_Close":"101.3910","Volume":"155199034"},{"Date":"2018-07-20","Adjusted_Close":"100.0633","Volume":"173393038"},{"Date":"2018-07-13","Adjusted_Close":"99.2724","Volume":"106139197"},{"Date":"2018-07-06","Adjusted_Close":"95.2518","Volume":"72446825"},{"Date":"2018-06-29","Adjusted_Close":"92.8507","Volume":"148332848"},{"Date":"2018-06-22","Adjusted_Close":"94.5456","Volume":"140541209"},{"Date":"2018-06-15","Adjusted_Close":"94.2819","Volume":"162739393"},{"Date":"2018-06-08","Adjusted_Close":"95.6943","Volume":"122316267"},{"Date":"2018-06-01","Adjusted_Close":"94.9034","Volume":"113626024"},{"Date":"2018-05-25","Adjusted_Close":"92.6153","Volume":"101128083"},{"Date":"2018-05-18","Adjusted_Close":"90.7321","Volume":"96545432"},{"Date":"2018-05-11","Adjusted_Close":"91.5979","Volume":"114220453"},{"Date":"2018-05-04","Adjusted_Close":"89.2165","Volume":"154077356"},{"Date":"2018-04-27","Adjusted_Close":"89.8353","Volume":"181387708"},{"Date":"2018-04-20","Adjusted_Close":"89.0665","Volume":"122809288"},{"Date":"2018-04-13","Adjusted_Close":"87.2664","Volume":"133450878"},{"Date":"2018-04-06","Adjusted_Close":"84.5944","Volume":"189087091"},{"Date":"2018-03-29","Adjusted_Close":"85.5695","Volume":"207104405"},{"Date":"2018-03-23","Adjusted_Close":"81.7349","Volume":"157031195"},{"Date":"2018-03-16","Adjusted_Close":"88.6915","Volume":"164964544"},{"Date":"2018-03-09","Adjusted_Close":"90.5103","Volume":"133800312"},{"Date":"2018-03-02","Adjusted_Close":"87.2383","Volume":"154581506"},{"Date":"2018-02-23","Adjusted_Close":"88.1852","Volume":"104692721"},{"Date":"2018-02-16","Adjusted_Close":"86.2539","Volume":"153611971"},{"Date":"2018-02-09","Adjusted_Close":"82.2919","Volume":"253644732"},{"Date":"2018-02-02","Adjusted_Close":"85.6515","Volume":"202570318"},{"Date":"2018-01-26","Adjusted_Close":"87.7792","Volume":"127913923"},{"Date":"2018-01-19","Adjusted_Close":"83.9903","Volume":"118433167"},{"Date":"2018-01-12","Adjusted_Close":"83.6171","Volume":"98343817"},{"Date":"2018-01-05","Adjusted_Close":"82.3012","Volume":"89838713"},{"Date":"2017-12-29","Adjusted_Close":"79.8282","Volume":"50773814"},{"Date":"2017-12-22","Adjusted_Close":"79.8002","Volume":"98890443"},{"Date":"2017-12-15","Adjusted_Close":"81.0507","Volume":"136262249"},{"Date":"2017-12-08","Adjusted_Close":"78.5403","Volume":"132514425"},{"Date":"2017-12-01","Adjusted_Close":"78.6336","Volume":"128510609"},{"Date":"2017-11-24","Adjusted_Close":"77.7004","Volume":"64949156"},{"Date":"2017-11-17","Adjusted_Close":"76.8978","Volume":"94156894"},{"Date":"2017-11-10","Adjusted_Close":"77.8755","Volume":"94050917"},{"Date":"2017-11-03","Adjusted_Close":"78.1262","Volume":"121452467"},{"Date":"2017-10-27","Adjusted_Close":"77.8198","Volume":"156867173"},{"Date":"2017-10-20","Adjusted_Close":"73.1772","Volume":"78931157"},{"Date":"2017-10-13","Adjusted_Close":"71.9515","Volume":"71908474"},{"Date":"2017-10-06","Adjusted_Close":"70.5680","Volume":"74782566"},{"Date":"2017-09-29","Adjusted_Close":"69.1659","Volume":"87056437"},{"Date":"2017-09-22","Adjusted_Close":"69.0916","Volume":"91761244"},{"Date":"2017-09-15","Adjusted_Close":"69.9273","Volume":"97705887"},{"Date":"2017-09-08","Adjusted_Close":"68.6924","Volume":"69017636"},{"Date":"2017-09-01","Adjusted_Close":"68.6552","Volume":"90545558"},{"Date":"2017-08-25","Adjusted_Close":"67.6153","Volume":"73981293"},{"Date":"2017-08-18","Adjusted_Close":"67.3089","Volume":"95411795"},{"Date":"2017-08-11","Adjusted_Close":"66.9615","Volume":"104828725"},{"Date":"2017-08-04","Adjusted_Close":"67.1277","Volume":"109134465"},{"Date":"2017-07-28","Adjusted_Close":"67.4602","Volume":"111200086"},{"Date":"2017-07-21","Adjusted_Close":"68.1529","Volume":"148878177"},{"Date":"2017-07-14","Adjusted_Close":"67.2201","Volume":"95004977"},{"Date":"2017-07-07","Adjusted_Close":"64.1537","Volume":"73013732"},{"Date":"2017-06-30","Adjusted_Close":"63.6642","Volume":"120667642"},{"Date":"2017-06-23","Adjusted_Close":"65.7700","Volume":"108512334"},{"Date":"2017-06-16","Adjusted_Close":"64.6525","Volume":"170063923"},{"Date":"2017-06-09","Adjusted_Close":"64.9480","Volume":"155224472"},{"Date":"2017-06-02","Adjusted_Close":"66.2780","Volume":"102092670"},{"Date":"2017-05-26","Adjusted_Close":"64.6155","Volume":"86602544"},{"Date":"2017-05-19","Adjusted_Close":"62.5189","Volume":"145206491"},{"Date":"2017-05-12","Adjusted_Close":"62.8034","Volume":"103664709"},{"Date":"2017-05-05","Adjusted_Close":"63.3728","Volume":"123335404"},{"Date":"2017-04-28","Adjusted_Close":"62.8768","Volume":"156408932"},{"Date":"2017-04-21","Adjusted_Close":"60.9848","Volume":"113659769"},{"Date":"2017-04-13","Adjusted_Close":"59.6531","Volume":"71749271"},{"Date":"2017-04-07","Adjusted_Close":"60.3236","Volume":"87039641"},{"Date":"2017-03-31","Adjusted_Close":"60.4889","Volume":"88476598"},{"Date":"2017-03-24","Adjusted_Close":"59.6806","Volume":"103804886"},{"Date":"2017-03-17","Adjusted_Close":"59.5796","Volume":"129108029"},{"Date":"2017-03-10","Adjusted_Close":"59.6347","Volume":"98167226"},{"Date":"2017-03-03","Adjusted_Close":"59.0102","Volume":"108727793"},{"Date":"2017-02-24","Adjusted_Close":"59.3500","Volume":"82018448"},{"Date":"2017-02-17","Adjusted_Close":"59.3500","Volume":"104828847"},{"Date":"2017-02-10","Adjusted_Close":"58.4277","Volume":"98985116"},{"Date":"2017-02-03","Adjusted_Close":"58.1355","Volume":"172722294"},{"Date":"2017-01-27","Adjusted_Close":"60.0527","Volume":"160798071"},{"Date":"2017-01-20","Adjusted_Close":"57.2774","Volume":"88999202"},{"Date":"2017-01-13","Adjusted_Close":"57.2408","Volume":"100883602"},{"Date":"2017-01-06","Adjusted_Close":"57.3687","Volume":"86832957"},{"Date":"2016-12-30","Adjusted_Close":"56.7296","Volume":"62247011"},{"Date":"2016-12-23","Adjusted_Close":"57.7338","Volume":"112043306"},{"Date":"2016-12-16","Adjusted_Close":"56.8757","Volume":"156392554"},{"Date":"2016-12-09","Adjusted_Close":"56.5744","Volume":"122838771"},{"Date":"2016-12-02","Adjusted_Close":"54.0912","Volume":"137812561"},{"Date":"2016-11-25","Adjusted_Close":"55.2598","Volume":"73117824"},{"Date":"2016-11-18","Adjusted_Close":"55.0955","Volume":"164384062"},{"Date":"2016-11-11","Adjusted_Close":"53.5267","Volume":"200822869"},{"Date":"2016-11-04","Adjusted_Close":"53.2455","Volume":"123412131"},{"Date":"2016-10-28","Adjusted_Close":"54.2975","Volume":"181170290"},{"Date":"2016-10-21","Adjusted_Close":"54.1071","Volume":"195345767"},{"Date":"2016-10-14","Adjusted_Close":"52.0756","Volume":"119587590"},{"Date":"2016-10-07","Adjusted_Close":"52.4202","Volume":"92303431"},{"Date":"2016-09-30","Adjusted_Close":"52.2388","Volume":"125664515"},{"Date":"2016-09-23","Adjusted_Close":"52.0846","Volume":"111805897"},{"Date":"2016-09-16","Adjusted_Close":"51.9214","Volume":"155377027"},{"Date":"2016-09-09","Adjusted_Close":"50.9782","Volume":"89031792"},{"Date":"2016-09-02","Adjusted_Close":"52.3023","Volume":"99183513"},{"Date":"2016-08-26","Adjusted_Close":"52.6288","Volume":"91629582"},{"Date":"2016-08-19","Adjusted_Close":"52.2570","Volume":"90149203"},{"Date":"2016-08-12","Adjusted_Close":"52.2199","Volume":"91968595"},{"Date":"2016-08-05","Adjusted_Close":"52.2379","Volume":"139123963"},{"Date":"2016-07-29","Adjusted_Close":"51.0843","Volume":"154126188"},{"Date":"2016-07-22","Adjusted_Close":"50.9851","Volume":"239597518"},{"Date":"2016-07-15","Adjusted_Close":"48.3985","Volume":"131513504"},{"Date":"2016-07-08","Adjusted_Close":"47.1367","Volume":"100950032"},{"Date":"2016-07-01","Adjusted_Close":"46.1092","Volume":"169949551"},{"Date":"2016-06-24","Adjusted_Close":"44.9106","Volume":"261054437"},{"Date":"2016-06-17","Adjusted_Close":"45.1809","Volume":"236451710"},{"Date":"2016-06-10","Adjusted_Close":"46.3977","Volume":"106398294"},{"Date":"2016-06-03","Adjusted_Close":"46.6771","Volume":"109186979"},{"Date":"2016-05-27","Adjusted_Close":"47.1547","Volume":"127137891"},{"Date":"2016-05-20","Adjusted_Close":"45.6226","Volume":"120491190"},{"Date":"2016-05-13","Adjusted_Close":"45.7113","Volume":"111576827"},{"Date":"2016-05-06","Adjusted_Close":"45.0939","Volume":"134010358"},{"Date":"2016-04-29","Adjusted_Close":"44.6285","Volume":"201675370"},{"Date":"2016-04-22","Adjusted_Close":"46.3378","Volume":"255321678"},{"Date":"2016-04-15","Adjusted_Close":"49.8010","Volume":"116847337"},{"Date":"2016-04-08","Adjusted_Close":"48.7003","Volume":"100782062"},{"Date":"2016-04-01","Adjusted_Close":"49.7294","Volume":"114717327"},{"Date":"2016-03-24","Adjusted_Close":"48.5124","Volume":"87128846"},{"Date":"2016-03-18","Adjusted_Close":"47.8680","Volume":"172729586"},{"Date":"2016-03-11","Adjusted_Close":"47.4922","Volume":"170419402"},{"Date":"2016-03-04","Adjusted_Close":"46.5615","Volume":"151430418"},{"Date":"2016-02-26","Adjusted_Close":"45.9082","Volume":"149833414"},{"Date":"2016-02-19","Adjusted_Close":"46.3736","Volume":"138815284"},{"Date":"2016-02-12","Adjusted_Close":"44.8761","Volume":"227389820"},{"Date":"2016-02-05","Adjusted_Close":"44.5740","Volume":"267078226"},{"Date":"2016-01-29","Adjusted_Close":"48.9549","Volume":"246509206"},{"Date":"2016-01-22","Adjusted_Close":"46.4667","Volume":"184584477"},{"Date":"2016-01-15","Adjusted_Close":"45.3115","Volume":"264125481"},{"Date":"2016-01-08","Adjusted_Close":"46.5023","Volume":"232695321"},{"Date":"2015-12-31","Adjusted_Close":"49.3015","Volume":"99228262"},{"Date":"2015-12-24","Adjusted_Close":"49.4703","Volume":"102418400"},{"Date":"2015-12-18","Adjusted_Close":"48.1018","Volume":"250317860"},{"Date":"2015-12-11","Adjusted_Close":"48.0396","Volume":"171286323"},{"Date":"2015-12-04","Adjusted_Close":"49.6836","Volume":"226060572"},{"Date":"2015-11-27","Adjusted_Close":"47.9241","Volume":"82850240"},{"Date":"2015-11-20","Adjusted_Close":"48.1552","Volume":"158718818"},{"Date":"2015-11-13","Adjusted_Close":"46.6385","Volume":"196522294"},{"Date":"2015-11-06","Adjusted_Close":"48.4744","Volume":"168289451"},{"Date":"2015-10-30","Adjusted_Close":"46.4620","Volume":"239455823"},{"Date":"2015-10-23","Adjusted_Close":"46.6650","Volume":"277318659"},{"Date":"2015-10-16","Adjusted_Close":"41.9341","Volume":"118094352"},{"Date":"2015-10-09","Adjusted_Close":"41.5810","Volume":"151964927"},{"Date":"2015-10-02","Adjusted_Close":"40.2218","Volume":"163532824"},{"Date":"2015-09-25","Adjusted_Close":"38.7831","Volume":"128698573"},{"Date":"2015-09-18","Adjusted_Close":"38.3770","Volume":"171822261"},{"Date":"2015-09-11","Adjusted_Close":"38.3770","Volume":"124438408"},{"Date":"2015-09-04","Adjusted_Close":"37.6092","Volume":"187226056"},{"Date":"2015-08-28","Adjusted_Close":"38.7742","Volume":"301968189"},{"Date":"2015-08-21","Adjusted_Close":"38.0152","Volume":"182450672"},{"Date":"2015-08-14","Adjusted_Close":"41.2136","Volume":"126616447"},{"Date":"2015-08-07","Adjusted_Close":"40.9857","Volume":"130800424"},{"Date":"2015-07-31","Adjusted_Close":"40.9506","Volume":"185955595"},{"Date":"2015-07-24","Adjusted_Close":"40.2841","Volume":"198833485"},{"Date":"2015-07-17","Adjusted_Close":"40.8804","Volume":"133426984"},{"Date":"2015-07-10","Adjusted_Close":"39.1179","Volume":"157146118"},{"Date":"2015-07-02","Adjusted_Close":"38.9337","Volume":"120123050"},{"Date":"2015-06-26","Adjusted_Close":"39.6879","Volume":"151556711"},{"Date":"2015-06-19","Adjusted_Close":"40.4245","Volume":"185524263"},{"Date":"2015-06-12","Adjusted_Close":"40.3105","Volume":"126223826"},{"Date":"2015-06-05","Adjusted_Close":"40.4595","Volume":"131521410"},{"Date":"2015-05-29","Adjusted_Close":"41.0909","Volume":"112720759"},{"Date":"2015-05-22","Adjusted_Close":"41.1260","Volume":"125890515"},{"Date":"2015-05-15","Adjusted_Close":"42.0751","Volume":"150345879"},{"Date":"2015-05-08","Adjusted_Close":"41.6003","Volume":"205178261"},{"Date":"2015-05-01","Adjusted_Close":"42.3887","Volume":"271446305"},{"Date":"2015-04-24","Adjusted_Close":"41.7048","Volume":"274379045"},{"Date":"2015-04-17","Adjusted_Close":"36.2554","Volume":"146761915"},{"Date":"2015-04-10","Adjusted_Close":"36.3469","Volume":"146532368"},{"Date":"2015-04-02","Adjusted_Close":"35.1010","Volume":"144289679"},{"Date":"2015-03-27","Adjusted_Close":"35.6935","Volume":"167126270"},{"Date":"2015-03-20","Adjusted_Close":"37.3575","Volume":"216925266"},{"Date":"2015-03-13","Adjusted_Close":"36.0507","Volume":"221483208"},{"Date":"2015-03-06","Adjusted_Close":"36.9045","Volume":"148863715"},{"Date":"2015-02-27","Adjusted_Close":"38.2026","Volume":"150315390"},{"Date":"2015-02-20","Adjusted_Close":"38.2069","Volume":"118131959"},{"Date":"2015-02-13","Adjusted_Close":"37.9500","Volume":"172847964"},{"Date":"2015-02-06","Adjusted_Close":"36.6870","Volume":"215214514"},{"Date":"2015-01-30","Adjusted_Close":"34.9483","Volume":"437786778"},{"Date":"2015-01-23","Adjusted_Close":"40.8134","Volume":"137352632"},{"Date":"2015-01-16","Adjusted_Close":"40.0002","Volume":"157088136"},{"Date":"2015-01-09","Adjusted_Close":"40.8220","Volume":"158596624"},{"Date":"2015-01-02","Adjusted_Close":"40.4500","Volume":"80290512"},{"Date":"2014-12-26","Adjusted_Close":"41.4189","Volume":"74863120"},{"Date":"2014-12-19","Adjusted_Close":"41.2286","Volume":"216676750"},{"Date":"2014-12-12","Adjusted_Close":"40.6144","Volume":"144735690"},{"Date":"2014-12-05","Adjusted_Close":"41.8860","Volume":"138158386"},{"Date":"2014-11-28","Adjusted_Close":"41.3583","Volume":"112141541"},{"Date":"2014-11-21","Adjusted_Close":"41.5054","Volume":"144887937"},{"Date":"2014-11-14","Adjusted_Close":"42.6184","Volume":"137829519"},{"Date":"2014-11-07","Adjusted_Close":"41.8448","Volume":"128149243"},{"Date":"2014-10-31","Adjusted_Close":"40.3577","Volume":"155628209"},{"Date":"2014-10-24","Adjusted_Close":"39.6529","Volume":"211077436"},{"Date":"2014-10-17","Adjusted_Close":"37.5039","Volume":"225166061"},{"Date":"2014-10-10","Adjusted_Close":"37.8477","Volume":"165764217"},{"Date":"2014-10-03","Adjusted_Close":"39.6185","Volume":"154785202"},{"Date":"2014-09-26","Adjusted_Close":"39.8935","Volume":"158422366"},{"Date":"2014-09-19","Adjusted_Close":"40.8477","Volume":"341800600"},{"Date":"2014-09-12","Adjusted_Close":"40.1385","Volume":"180738000"},{"Date":"2014-09-05","Adjusted_Close":"39.4637","Volume":"119999500"},{"Date":"2014-08-29","Adjusted_Close":"39.0511","Volume":"91859400"},{"Date":"2014-08-22","Adjusted_Close":"38.8105","Volume":"120367600"},{"Date":"2014-08-15","Adjusted_Close":"38.2646","Volume":"125596700"},{"Date":"2014-08-08","Adjusted_Close":"36.9063","Volume":"144435400"},{"Date":"2014-08-01","Adjusted_Close":"36.6158","Volume":"152076500"},{"Date":"2014-07-25","Adjusted_Close":"38.0169","Volume":"190526100"},{"Date":"2014-07-18","Adjusted_Close":"38.1792","Volume":"239535600"},{"Date":"2014-07-11","Adjusted_Close":"35.9580","Volume":"117554200"},{"Date":"2014-07-03","Adjusted_Close":"35.7103","Volume":"93899900"},{"Date":"2014-06-27","Adjusted_Close":"36.0947","Volume":"163546500"},{"Date":"2014-06-20","Adjusted_Close":"35.6077","Volume":"141414000"},{"Date":"2014-06-13","Adjusted_Close":"35.2233","Volume":"104305800"},{"Date":"2014-06-06","Adjusted_Close":"35.4369","Volume":"115707900"},{"Date":"2014-05-30","Adjusted_Close":"34.9755","Volume":"106327900"},{"Date":"2014-05-23","Adjusted_Close":"34.2750","Volume":"106478800"},{"Date":"2014-05-16","Adjusted_Close":"34.0273","Volume":"136266400"},{"Date":"2014-05-09","Adjusted_Close":"33.5471","Volume":"153085800"},{"Date":"2014-05-02","Adjusted_Close":"33.6744","Volume":"187909100"},{"Date":"2014-04-25","Adjusted_Close":"33.8610","Volume":"173139100"},{"Date":"2014-04-17","Adjusted_Close":"33.9459","Volume":"133280500"},{"Date":"2014-04-11","Adjusted_Close":"33.2663","Volume":"181167900"},{"Date":"2014-04-04","Adjusted_Close":"33.8271","Volume":"189707200"},{"Date":"2014-03-28","Adjusted_Close":"34.1919","Volume":"210110900"},{"Date":"2014-03-21","Adjusted_Close":"34.0731","Volume":"260132300"},{"Date":"2014-03-14","Adjusted_Close":"31.9860","Volume":"134082400"},{"Date":"2014-03-07","Adjusted_Close":"32.1557","Volume":"127213800"},{"Date":"2014-02-28","Adjusted_Close":"32.5035","Volume":"178981800"},{"Date":"2014-02-21","Adjusted_Close":"32.2236","Volume":"128131800"},{"Date":"2014-02-14","Adjusted_Close":"31.6811","Volume":"155003200"},{"Date":"2014-02-07","Adjusted_Close":"30.7884","Volume":"243187700"},{"Date":"2014-01-31","Adjusted_Close":"31.8663","Volume":"261570800"},{"Date":"2014-01-24","Adjusted_Close":"30.9947","Volume":"173821100"},{"Date":"2014-01-17","Adjusted_Close":"30.6368","Volume":"216624000"},{"Date":"2014-01-10","Adjusted_Close":"30.3505","Volume":"216443300"},{"Date":"2014-01-03","Adjusted_Close":"31.0831","Volume":"95561000"},{"Date":"2013-12-27","Adjusted_Close":"31.4032","Volume":"71547500"},{"Date":"2013-12-20","Adjusted_Close":"30.9905","Volume":"237423200"},{"Date":"2013-12-13","Adjusted_Close":"30.8979","Volume":"184046900"},{"Date":"2013-12-06","Adjusted_Close":"32.3042","Volume":"299806100"},{"Date":"2013-11-29","Adjusted_Close":"32.1106","Volume":"113204600"},{"Date":"2013-11-22","Adjusted_Close":"31.6390","Volume":"180829100"},{"Date":"2013-11-15","Adjusted_Close":"31.6261","Volume":"200266700"},{"Date":"2013-11-08","Adjusted_Close":"31.5752","Volume":"265866600"},{"Date":"2013-11-01","Adjusted_Close":"29.6905","Volume":"189030400"},{"Date":"2013-10-25","Adjusted_Close":"29.8618","Volume":"293176200"},{"Date":"2013-10-18","Adjusted_Close":"29.2183","Volume":"183138200"},{"Date":"2013-10-11","Adjusted_Close":"28.5246","Volume":"184873900"},{"Date":"2013-10-04","Adjusted_Close":"28.3157","Volume":"195216900"},{"Date":"2013-09-27","Adjusted_Close":"27.8059","Volume":"193270600"},{"Date":"2013-09-20","Adjusted_Close":"27.4055","Volume":"346587600"},{"Date":"2013-09-13","Adjusted_Close":"27.6053","Volume":"219356400"},{"Date":"2013-09-06","Adjusted_Close":"26.0357","Volume":"443907400"},{"Date":"2013-08-30","Adjusted_Close":"27.9145","Volume":"263641400"},{"Date":"2013-08-23","Adjusted_Close":"29.0428","Volume":"344954900"},{"Date":"2013-08-16","Adjusted_Close":"26.5773","Volume":"179681700"},{"Date":"2013-08-09","Adjusted_Close":"27.1358","Volume":"191229200"},{"Date":"2013-08-02","Adjusted_Close":"26.4637","Volume":"190326400"},{"Date":"2013-07-26","Adjusted_Close":"26.2396","Volume":"299500800"},{"Date":"2013-07-19","Adjusted_Close":"26.0570","Volume":"405781800"},{"Date":"2013-07-12","Adjusted_Close":"29.6005","Volume":"176513700"},{"Date":"2013-07-05","Adjusted_Close":"28.3889","Volume":"110765700"},{"Date":"2013-06-28","Adjusted_Close":"28.6669","Volume":"243386900"},{"Date":"2013-06-21","Adjusted_Close":"27.6047","Volume":"248935000"},{"Date":"2013-06-14","Adjusted_Close":"28.5466","Volume":"211650600"},{"Date":"2013-06-07","Adjusted_Close":"29.6005","Volume":"241183000"},{"Date":"2013-05-31","Adjusted_Close":"28.9615","Volume":"193921000"},{"Date":"2013-05-24","Adjusted_Close":"28.4379","Volume":"253047800"},{"Date":"2013-05-17","Adjusted_Close":"28.9366","Volume":"259251200"},{"Date":"2013-05-10","Adjusted_Close":"26.9427","Volume":"218465000"},{"Date":"2013-05-03","Adjusted_Close":"27.6021","Volume":"281456600"},{"Date":"2013-04-26","Adjusted_Close":"26.2010","Volume":"303603028"},{"Date":"2013-04-19","Adjusted_Close":"24.5320","Volume":"318668200"},{"Date":"2013-04-12","Adjusted_Close":"23.7284","Volume":"377419500"},{"Date":"2013-04-05","Adjusted_Close":"23.6542","Volume":"188910900"},{"Date":"2013-03-28","Adjusted_Close":"23.5759","Volume":"163479500"},{"Date":"2013-03-22","Adjusted_Close":"23.2833","Volume":"195112900"},{"Date":"2013-03-15","Adjusted_Close":"23.1061","Volume":"253601200"},{"Date":"2013-03-08","Adjusted_Close":"23.0773","Volume":"197902700"},{"Date":"2013-03-01","Adjusted_Close":"23.0361","Volume":"205019700"},{"Date":"2013-02-22","Adjusted_Close":"22.8795","Volume":"163396000"},{"Date":"2013-02-15","Adjusted_Close":"22.8977","Volume":"192268300"},{"Date":"2013-02-08","Adjusted_Close":"22.5217","Volume":"199186800"},{"Date":"2013-02-01","Adjusted_Close":"22.8323","Volume":"254975500"},{"Date":"2013-01-25","Adjusted_Close":"22.7915","Volume":"292625300"},{"Date":"2013-01-18","Adjusted_Close":"22.2764","Volume":"241499900"},{"Date":"2013-01-11","Adjusted_Close":"21.9331","Volume":"257804800"},{"Date":"2013-01-04","Adjusted_Close":"21.8595","Volume":"196464300"},{"Date":"2012-12-28","Adjusted_Close":"21.7042","Volume":"120107400"},{"Date":"2012-12-21","Adjusted_Close":"22.4399","Volume":"297436700"},{"Date":"2012-12-14","Adjusted_Close":"21.9168","Volume":"230437800"},{"Date":"2012-12-07","Adjusted_Close":"21.6265","Volume":"256579500"},{"Date":"2012-11-30","Adjusted_Close":"21.7573","Volume":"336477300"},{"Date":"2012-11-23","Adjusted_Close":"22.6443","Volume":"228455700"},{"Date":"2012-11-16","Adjusted_Close":"21.6804","Volume":"383926500"},{"Date":"2012-11-09","Adjusted_Close":"23.3697","Volume":"232477100"},{"Date":"2012-11-02","Adjusted_Close":"23.9126","Volume":"198643600"},{"Date":"2012-10-26","Adjusted_Close":"22.8671","Volume":"312983500"},{"Date":"2012-10-19","Adjusted_Close":"23.2156","Volume":"284095000"},{"Date":"2012-10-12","Adjusted_Close":"23.6696","Volume":"210053400"},{"Date":"2012-10-05","Adjusted_Close":"24.1965","Volume":"228806300"},{"Date":"2012-09-28","Adjusted_Close":"24.1235","Volume":"257123500"},{"Date":"2012-09-21","Adjusted_Close":"25.2827","Volume":"267795000"},{"Date":"2012-09-14","Adjusted_Close":"25.2989","Volume":"194961700"},{"Date":"2012-09-07","Adjusted_Close":"25.0881","Volume":"173227500"},{"Date":"2012-08-31","Adjusted_Close":"24.9828","Volume":"142558000"},{"Date":"2012-08-24","Adjusted_Close":"24.7720","Volume":"137296700"},{"Date":"2012-08-17","Adjusted_Close":"25.0476","Volume":"150328600"},{"Date":"2012-08-10","Adjusted_Close":"24.4959","Volume":"134463400"},{"Date":"2012-08-03","Adjusted_Close":"23.9564","Volume":"173627600"},{"Date":"2012-07-27","Adjusted_Close":"23.9604","Volume":"237998700"},{"Date":"2012-07-20","Adjusted_Close":"24.2503","Volume":"213447200"},{"Date":"2012-07-13","Adjusted_Close":"23.6665","Volume":"210008400"},{"Date":"2012-07-06","Adjusted_Close":"24.3067","Volume":"118623900"},{"Date":"2012-06-29","Adjusted_Close":"24.6328","Volume":"214975800"},{"Date":"2012-06-22","Adjusted_Close":"24.7214","Volume":"264217500"},{"Date":"2012-06-15","Adjusted_Close":"24.1738","Volume":"216457700"},{"Date":"2012-06-08","Adjusted_Close":"23.8759","Volume":"220846100"},{"Date":"2012-06-01","Adjusted_Close":"22.9096","Volume":"175112600"},{"Date":"2012-05-25","Adjusted_Close":"23.4008","Volume":"225546000"},{"Date":"2012-05-18","Adjusted_Close":"23.5699","Volume":"267124700"},{"Date":"2012-05-11","Adjusted_Close":"24.9268","Volume":"232577500"},{"Date":"2012-05-04","Adjusted_Close":"24.7828","Volume":"206343300"},{"Date":"2012-04-27","Adjusted_Close":"25.5827","Volume":"246492000"},{"Date":"2012-04-20","Adjusted_Close":"25.9347","Volume":"273865400"},{"Date":"2012-04-13","Adjusted_Close":"24.6468","Volume":"206254900"},{"Date":"2012-04-05","Adjusted_Close":"25.2148","Volume":"178430200"},{"Date":"2012-03-30","Adjusted_Close":"25.8027","Volume":"183165900"},{"Date":"2012-03-23","Adjusted_Close":"25.6067","Volume":"191946300"},{"Date":"2012-03-16","Adjusted_Close":"26.0787","Volume":"239706900"},{"Date":"2012-03-09","Adjusted_Close":"25.5907","Volume":"202889100"},{"Date":"2012-03-02","Adjusted_Close":"25.6587","Volume":"263780900"},{"Date":"2012-02-24","Adjusted_Close":"25.1828","Volume":"170693200"},{"Date":"2012-02-17","Adjusted_Close":"24.9988","Volume":"301016700"},{"Date":"2012-02-10","Adjusted_Close":"24.2346","Volume":"212028100"},{"Date":"2012-02-03","Adjusted_Close":"24.0319","Volume":"263158900"},{"Date":"2012-01-27","Adjusted_Close":"23.2293","Volume":"280303600"},{"Date":"2012-01-20","Adjusted_Close":"23.6107","Volume":"377212300"},{"Date":"2012-01-13","Adjusted_Close":"22.4505","Volume":"294870500"},{"Date":"2012-01-06","Adjusted_Close":"22.3352","Volume":"300784500"},{"Date":"2011-12-30","Adjusted_Close":"20.6306","Volume":"101122300"},{"Date":"2011-12-23","Adjusted_Close":"20.6862","Volume":"236158300"},{"Date":"2011-12-16","Adjusted_Close":"20.6624","Volume":"289075400"},{"Date":"2011-12-09","Adjusted_Close":"20.4240","Volume":"279971400"},{"Date":"2011-12-02","Adjusted_Close":"20.0425","Volume":"269873900"},{"Date":"2011-11-25","Adjusted_Close":"19.3114","Volume":"186351300"},{"Date":"2011-11-18","Adjusted_Close":"20.1061","Volume":"249939900"},{"Date":"2011-11-11","Adjusted_Close":"21.2268","Volume":"223780500"},{"Date":"2011-11-04","Adjusted_Close":"20.7062","Volume":"263900000"},{"Date":"2011-10-28","Adjusted_Close":"21.2820","Volume":"305706800"},{"Date":"2011-10-21","Adjusted_Close":"21.4240","Volume":"287742000"},{"Date":"2011-10-14","Adjusted_Close":"21.5108","Volume":"227902500"},{"Date":"2011-10-07","Adjusted_Close":"20.7062","Volume":"349992200"},{"Date":"2011-09-30","Adjusted_Close":"19.6334","Volume":"284882300"},{"Date":"2011-09-23","Adjusted_Close":"19.7675","Volume":"335333900"},{"Date":"2011-09-16","Adjusted_Close":"21.3924","Volume":"328067400"},{"Date":"2011-09-09","Adjusted_Close":"20.3039","Volume":"227231400"},{"Date":"2011-09-02","Adjusted_Close":"20.3512","Volume":"259910600"},{"Date":"2011-08-26","Adjusted_Close":"19.9174","Volume":"279870300"},{"Date":"2011-08-19","Adjusted_Close":"18.9708","Volume":"344816700"},{"Date":"2011-08-12","Adjusted_Close":"19.6749","Volume":"543823200"},{"Date":"2011-08-05","Adjusted_Close":"20.1295","Volume":"395323900"},{"Date":"2011-07-29","Adjusted_Close":"21.4777","Volume":"442763800"},{"Date":"2011-07-22","Adjusted_Close":"21.5796","Volume":"339145900"},{"Date":"2011-07-15","Adjusted_Close":"20.9918","Volume":"227695600"},{"Date":"2011-07-08","Adjusted_Close":"21.1015","Volume":"196816700"},{"Date":"2011-07-01","Adjusted_Close":"20.3960","Volume":"344568900"},{"Date":"2011-06-24","Adjusted_Close":"19.0478","Volume":"309192000"},{"Date":"2011-06-17","Adjusted_Close":"19.0164","Volume":"280381700"},{"Date":"2011-06-10","Adjusted_Close":"18.5814","Volume":"230302200"},{"Date":"2011-06-03","Adjusted_Close":"18.7382","Volume":"246415300"},{"Date":"2011-05-27","Adjusted_Close":"19.4084","Volume":"263556100"},{"Date":"2011-05-20","Adjusted_Close":"19.1967","Volume":"311399200"},{"Date":"2011-05-13","Adjusted_Close":"19.4928","Volume":"382307400"},{"Date":"2011-05-06","Adjusted_Close":"20.1470","Volume":"346603800"},{"Date":"2011-04-29","Adjusted_Close":"20.1859","Volume":"554932000"},{"Date":"2011-04-21","Adjusted_Close":"19.8744","Volume":"205438400"},{"Date":"2011-04-15","Adjusted_Close":"19.7576","Volume":"229671700"},{"Date":"2011-04-08","Adjusted_Close":"20.3027","Volume":"260688500"},{"Date":"2011-04-01","Adjusted_Close":"19.8433","Volume":"258083900"},{"Date":"2011-03-25","Adjusted_Close":"19.9523","Volume":"217469200"},{"Date":"2011-03-18","Adjusted_Close":"19.3137","Volume":"379249800"},{"Date":"2011-03-11","Adjusted_Close":"19.9990","Volume":"271774600"},{"Date":"2011-03-04","Adjusted_Close":"20.2112","Volume":"298801800"},{"Date":"2011-02-25","Adjusted_Close":"20.6765","Volume":"238623600"},{"Date":"2011-02-18","Adjusted_Close":"21.0737","Volume":"297575700"},{"Date":"2011-02-11","Adjusted_Close":"21.0965","Volume":"317402300"},{"Date":"2011-02-04","Adjusted_Close":"21.4991","Volume":"274416000"},{"Date":"2011-01-28","Adjusted_Close":"21.4844","Volume":"457301200"},{"Date":"2011-01-21","Adjusted_Close":"21.6926","Volume":"220022500"},{"Date":"2011-01-14","Adjusted_Close":"21.9094","Volume":"290269600"},{"Date":"2011-01-07","Adjusted_Close":"22.1416","Volume":"328636400"},{"Date":"2010-12-31","Adjusted_Close":"21.6074","Volume":"109735600"},{"Date":"2010-12-23","Adjusted_Close":"21.9094","Volume":"158118800"},{"Date":"2010-12-17","Adjusted_Close":"21.6016","Volume":"326785300"},{"Date":"2010-12-10","Adjusted_Close":"21.1662","Volume":"220565600"},{"Date":"2010-12-03","Adjusted_Close":"20.9184","Volume":"350390400"},{"Date":"2010-11-26","Adjusted_Close":"19.5481","Volume":"201275400"},{"Date":"2010-11-19","Adjusted_Close":"19.8888","Volume":"287370700"},{"Date":"2010-11-12","Adjusted_Close":"20.2125","Volume":"309522000"},{"Date":"2010-11-05","Adjusted_Close":"20.6587","Volume":"431122500"},{"Date":"2010-10-29","Adjusted_Close":"20.5164","Volume":"379945600"},{"Date":"2010-10-22","Adjusted_Close":"19.5258","Volume":"246635300"},{"Date":"2010-10-15","Adjusted_Close":"19.6508","Volume":"273969700"},{"Date":"2010-10-08","Adjusted_Close":"18.9045","Volume":"318209900"},{"Date":"2010-10-01","Adjusted_Close":"18.7583","Volume":"267898400"},{"Date":"2010-09-24","Adjusted_Close":"19.0622","Volume":"294964400"},{"Date":"2010-09-17","Adjusted_Close":"19.4046","Volume":"372932600"},{"Date":"2010-09-10","Adjusted_Close":"18.3505","Volume":"221754300"},{"Date":"2010-09-03","Adjusted_Close":"18.6890","Volume":"289789800"},{"Date":"2010-08-27","Adjusted_Close":"18.4121","Volume":"275615000"},{"Date":"2010-08-20","Adjusted_Close":"18.6429","Volume":"244265900"},{"Date":"2010-08-13","Adjusted_Close":"18.6754","Volume":"336605100"},{"Date":"2010-08-06","Adjusted_Close":"19.5556","Volume":"311358400"},{"Date":"2010-07-30","Adjusted_Close":"19.7546","Volume":"350607800"},{"Date":"2010-07-23","Adjusted_Close":"19.7546","Volume":"338546300"},{"Date":"2010-07-16","Adjusted_Close":"19.0505","Volume":"306590500"},{"Date":"2010-07-09","Adjusted_Close":"18.5759","Volume":"258121500"},{"Date":"2010-07-02","Adjusted_Close":"17.8105","Volume":"429441900"},{"Date":"2010-06-25","Adjusted_Close":"18.7768","Volume":"413577000"},{"Date":"2010-06-18","Adjusted_Close":"20.2368","Volume":"281383000"},{"Date":"2010-06-11","Adjusted_Close":"19.6398","Volume":"402593800"},{"Date":"2010-06-04","Adjusted_Close":"19.7393","Volume":"299540400"},{"Date":"2010-05-28","Adjusted_Close":"19.7470","Volume":"552699900"},{"Date":"2010-05-21","Adjusted_Close":"20.5430","Volume":"366078000"},{"Date":"2010-05-14","Adjusted_Close":"22.0424","Volume":"306112300"},{"Date":"2010-05-07","Adjusted_Close":"21.4938","Volume":"495240000"},{"Date":"2010-04-30","Adjusted_Close":"23.2653","Volume":"312818100"},{"Date":"2010-04-23","Adjusted_Close":"23.5891","Volume":"384127100"},{"Date":"2010-04-16","Adjusted_Close":"23.3682","Volume":"288833100"},{"Date":"2010-04-09","Adjusted_Close":"23.1167","Volume":"258483100"},{"Date":"2010-04-01","Adjusted_Close":"22.2177","Volume":"206818900"},{"Date":"2010-03-26","Adjusted_Close":"22.5986","Volume":"242496700"},{"Date":"2010-03-19","Adjusted_Close":"22.5453","Volume":"249798500"},{"Date":"2010-03-12","Adjusted_Close":"22.3015","Volume":"201627400"},{"Date":"2010-03-05","Adjusted_Close":"21.7815","Volume":"284263800"},{"Date":"2010-02-26","Adjusted_Close":"21.8443","Volume":"221245100"},{"Date":"2010-02-19","Adjusted_Close":"21.9205","Volume":"185126800"},{"Date":"2010-02-12","Adjusted_Close":"21.1834","Volume":"307718600"},{"Date":"2010-02-05","Adjusted_Close":"21.2516","Volume":"360552800"},{"Date":"2010-01-29","Adjusted_Close":"21.3730","Volume":"505364600"},{"Date":"2010-01-22","Adjusted_Close":"21.9646","Volume":"276516500"},{"Date":"2010-01-15","Adjusted_Close":"23.4056","Volume":"329671600"},{"Date":"2010-01-08","Adjusted_Close":"23.2539","Volume":"248098200"},{"Date":"2009-12-31","Adjusted_Close":"23.1174","Volume":"129036100"},{"Date":"2009-12-24","Adjusted_Close":"23.5118","Volume":"115896700"},{"Date":"2009-12-18","Adjusted_Close":"23.0264","Volume":"277671400"},{"Date":"2009-12-11","Adjusted_Close":"22.6396","Volume":"209882600"},{"Date":"2009-12-04","Adjusted_Close":"22.7382","Volume":"232290700"},{"Date":"2009-11-27","Adjusted_Close":"22.1618","Volume":"140565500"},{"Date":"2009-11-20","Adjusted_Close":"22.4651","Volume":"283824400"},{"Date":"2009-11-13","Adjusted_Close":"22.3758","Volume":"281482500"},{"Date":"2009-11-06","Adjusted_Close":"21.5375","Volume":"268212300"},{"Date":"2009-10-30","Adjusted_Close":"20.9409","Volume":"405975200"},{"Date":"2009-10-23","Adjusted_Close":"21.1599","Volume":"507781600"},{"Date":"2009-10-16","Adjusted_Close":"20.0121","Volume":"234381300"},{"Date":"2009-10-09","Adjusted_Close":"19.2947","Volume":"248114200"},{"Date":"2009-10-02","Adjusted_Close":"18.8491","Volume":"274119500"},{"Date":"2009-09-25","Adjusted_Close":"19.2947","Volume":"257317100"},{"Date":"2009-09-18","Adjusted_Close":"19.0757","Volume":"248024500"},{"Date":"2009-09-11","Adjusted_Close":"18.7736","Volume":"204196900"},{"Date":"2009-09-04","Adjusted_Close":"18.5924","Volume":"232092300"},{"Date":"2009-08-28","Adjusted_Close":"18.6377","Volume":"240543800"},{"Date":"2009-08-21","Adjusted_Close":"18.4338","Volume":"231691900"},{"Date":"2009-08-14","Adjusted_Close":"17.7935","Volume":"216134700"},{"Date":"2009-08-07","Adjusted_Close":"17.6943","Volume":"255287200"},{"Date":"2009-07-31","Adjusted_Close":"17.6643","Volume":"346943500"},{"Date":"2009-07-24","Adjusted_Close":"17.6117","Volume":"487215100"},{"Date":"2009-07-17","Adjusted_Close":"18.2426","Volume":"297686600"},{"Date":"2009-07-10","Adjusted_Close":"16.8156","Volume":"265284000"},{"Date":"2009-07-02","Adjusted_Close":"17.5516","Volume":"249637900"},{"Date":"2009-06-26","Adjusted_Close":"17.5366","Volume":"305182700"},{"Date":"2009-06-19","Adjusted_Close":"18.0773","Volume":"435179500"},{"Date":"2009-06-12","Adjusted_Close":"17.5216","Volume":"277273600"},{"Date":"2009-06-05","Adjusted_Close":"16.6279","Volume":"264201600"},{"Date":"2009-05-29","Adjusted_Close":"15.6891","Volume":"179500300"},{"Date":"2009-05-22","Adjusted_Close":"14.8329","Volume":"240444300"},{"Date":"2009-05-15","Adjusted_Close":"15.0893","Volume":"300840500"},{"Date":"2009-05-08","Adjusted_Close":"14.4923","Volume":"317112800"},{"Date":"2009-05-01","Adjusted_Close":"15.1042","Volume":"374870800"},{"Date":"2009-04-24","Adjusted_Close":"15.6042","Volume":"437861300"},{"Date":"2009-04-17","Adjusted_Close":"14.3281","Volume":"310053700"},{"Date":"2009-04-09","Adjusted_Close":"14.6788","Volume":"225459800"},{"Date":"2009-04-03","Adjusted_Close":"13.9923","Volume":"419435900"},{"Date":"2009-03-27","Adjusted_Close":"13.5296","Volume":"307016700"},{"Date":"2009-03-20","Adjusted_Close":"12.7311","Volume":"340940700"},{"Date":"2009-03-13","Adjusted_Close":"12.4252","Volume":"422845400"},{"Date":"2009-03-06","Adjusted_Close":"11.4028","Volume":"412893700"},{"Date":"2009-02-27","Adjusted_Close":"12.0520","Volume":"476020000"},{"Date":"2009-02-20","Adjusted_Close":"13.4326","Volume":"249409600"},{"Date":"2009-02-13","Adjusted_Close":"14.1444","Volume":"317487800"},{"Date":"2009-02-06","Adjusted_Close":"14.5667","Volume":"413296000"},{"Date":"2009-01-30","Adjusted_Close":"12.6699","Volume":"329880700"},{"Date":"2009-01-23","Adjusted_Close":"12.7440","Volume":"497671100"},{"Date":"2009-01-16","Adjusted_Close":"14.6037","Volume":"374068400"},{"Date":"2009-01-09","Adjusted_Close":"14.4630","Volume":"312339200"},{"Date":"2009-01-02","Adjusted_Close":"15.0631","Volume":"198239900"},{"Date":"2008-12-26","Adjusted_Close":"14.1740","Volume":"146068200"},{"Date":"2008-12-19","Adjusted_Close":"14.1666","Volume":"430826900"},{"Date":"2008-12-12","Adjusted_Close":"14.3444","Volume":"410885800"},{"Date":"2008-12-05","Adjusted_Close":"14.7223","Volume":"411006600"},{"Date":"2008-11-28","Adjusted_Close":"14.9816","Volume":"326567100"},{"Date":"2008-11-21","Adjusted_Close":"14.5815","Volume":"606030700"},{"Date":"2008-11-14","Adjusted_Close":"14.7652","Volume":"480321800"},{"Date":"2008-11-07","Adjusted_Close":"15.8252","Volume":"381992200"},{"Date":"2008-10-31","Adjusted_Close":"16.4361","Volume":"551852700"},{"Date":"2008-10-24","Adjusted_Close":"16.1637","Volume":"652618500"},{"Date":"2008-10-17","Adjusted_Close":"17.6138","Volume":"718711400"},{"Date":"2008-10-10","Adjusted_Close":"15.8252","Volume":"824330600"},{"Date":"2008-10-03","Adjusted_Close":"19.3729","Volume":"538642000"},{"Date":"2008-09-26","Adjusted_Close":"20.1679","Volume":"474587100"},{"Date":"2008-09-19","Adjusted_Close":"18.5191","Volume":"568268600"},{"Date":"2008-09-12","Adjusted_Close":"20.3298","Volume":"371453200"},{"Date":"2008-09-05","Adjusted_Close":"18.8798","Volume":"271654000"},{"Date":"2008-08-29","Adjusted_Close":"20.0869","Volume":"229239100"},{"Date":"2008-08-22","Adjusted_Close":"20.4917","Volume":"211452900"},{"Date":"2008-08-15","Adjusted_Close":"20.3876","Volume":"279721700"},{"Date":"2008-08-08","Adjusted_Close":"20.6222","Volume":"403815800"},{"Date":"2008-08-01","Adjusted_Close":"18.6501","Volume":"321234900"},{"Date":"2008-07-25","Adjusted_Close":"19.1780","Volume":"385416500"},{"Date":"2008-07-18","Adjusted_Close":"18.9580","Volume":"472799000"},{"Date":"2008-07-11","Adjusted_Close":"18.5108","Volume":"318699800"},{"Date":"2008-07-03","Adjusted_Close":"19.0460","Volume":"221825946"},{"Date":"2008-06-27","Adjusted_Close":"20.2556","Volume":"327143100"},{"Date":"2008-06-20","Adjusted_Close":"20.6955","Volume":"328171600"},{"Date":"2008-06-13","Adjusted_Close":"21.3113","Volume":"449517200"},{"Date":"2008-06-06","Adjusted_Close":"20.1530","Volume":"397776700"},{"Date":"2008-05-30","Adjusted_Close":"20.7615","Volume":"210751400"},{"Date":"2008-05-23","Adjusted_Close":"20.5635","Volume":"296601500"},{"Date":"2008-05-16","Adjusted_Close":"21.9857","Volume":"336837900"},{"Date":"2008-05-09","Adjusted_Close":"21.4666","Volume":"423255800"},{"Date":"2008-05-02","Adjusted_Close":"21.3570","Volume":"394359100"},{"Date":"2008-04-25","Adjusted_Close":"21.7880","Volume":"480762300"},{"Date":"2008-04-18","Adjusted_Close":"21.9121","Volume":"254237700"},{"Date":"2008-04-11","Adjusted_Close":"20.6558","Volume":"254966700"},{"Date":"2008-04-04","Adjusted_Close":"21.2986","Volume":"244898400"},{"Date":"2008-03-28","Adjusted_Close":"20.3856","Volume":"240450200"},{"Date":"2008-03-20","Adjusted_Close":"21.3132","Volume":"289797700"},{"Date":"2008-03-14","Adjusted_Close":"20.4221","Volume":"436676700"},{"Date":"2008-03-07","Adjusted_Close":"20.3564","Volume":"438685000"},{"Date":"2008-02-29","Adjusted_Close":"19.8669","Volume":"494511600"},{"Date":"2008-02-22","Adjusted_Close":"20.2176","Volume":"385799300"},{"Date":"2008-02-15","Adjusted_Close":"20.6773","Volume":"467445800"},{"Date":"2008-02-08","Adjusted_Close":"20.7792","Volume":"685685200"},{"Date":"2008-02-01","Adjusted_Close":"22.1542","Volume":"650255700"},{"Date":"2008-01-25","Adjusted_Close":"23.9659","Volume":"598751500"},{"Date":"2008-01-18","Adjusted_Close":"24.0169","Volume":"446486700"},{"Date":"2008-01-11","Adjusted_Close":"24.6717","Volume":"361252000"},{"Date":"2008-01-04","Adjusted_Close":"25.0136","Volume":"219924300"},{"Date":"2007-12-28","Adjusted_Close":"26.2796","Volume":"126633300"},{"Date":"2007-12-21","Adjusted_Close":"26.2359","Volume":"311967600"},{"Date":"2007-12-14","Adjusted_Close":"25.6903","Volume":"299539000"},{"Date":"2007-12-07","Adjusted_Close":"25.1228","Volume":"291447500"},{"Date":"2007-11-30","Adjusted_Close":"24.4461","Volume":"377759800"},{"Date":"2007-11-23","Adjusted_Close":"24.8172","Volume":"286021500"},{"Date":"2007-11-16","Adjusted_Close":"24.8026","Volume":"408367700"},{"Date":"2007-11-09","Adjusted_Close":"24.4626","Volume":"510229200"},{"Date":"2007-11-02","Adjusted_Close":"26.8777","Volume":"656057300"},{"Date":"2007-10-26","Adjusted_Close":"25.4054","Volume":"644430400"},{"Date":"2007-10-19","Adjusted_Close":"21.8807","Volume":"313937900"},{"Date":"2007-10-12","Adjusted_Close":"21.8807","Volume":"208029500"},{"Date":"2007-10-05","Adjusted_Close":"21.6414","Volume":"198090200"},{"Date":"2007-09-28","Adjusted_Close":"21.3658","Volume":"329644000"},{"Date":"2007-09-21","Adjusted_Close":"20.7783","Volume":"414046100"},{"Date":"2007-09-14","Adjusted_Close":"21.0612","Volume":"182778300"},{"Date":"2007-09-07","Adjusted_Close":"20.6261","Volume":"190951100"},{"Date":"2007-08-31","Adjusted_Close":"20.8364","Volume":"198670200"},{"Date":"2007-08-24","Adjusted_Close":"20.8944","Volume":"224547200"},{"Date":"2007-08-17","Adjusted_Close":"20.4883","Volume":"304749200"},{"Date":"2007-08-10","Adjusted_Close":"20.7485","Volume":"311132800"},{"Date":"2007-08-03","Adjusted_Close":"20.9292","Volume":"323533700"},{"Date":"2007-07-27","Adjusted_Close":"21.2400","Volume":"319829900"},{"Date":"2007-07-20","Adjusted_Close":"22.5191","Volume":"409429100"},{"Date":"2007-07-13","Adjusted_Close":"21.5507","Volume":"244337300"},{"Date":"2007-07-06","Adjusted_Close":"21.6591","Volume":"187898100"},{"Date":"2007-06-29","Adjusted_Close":"21.2977","Volume":"272963800"},{"Date":"2007-06-22","Adjusted_Close":"21.3122","Volume":"281861500"},{"Date":"2007-06-15","Adjusted_Close":"22.0349","Volume":"329883500"},{"Date":"2007-06-08","Adjusted_Close":"21.7169","Volume":"257234600"},{"Date":"2007-06-01","Adjusted_Close":"22.1071","Volume":"224509800"},{"Date":"2007-05-25","Adjusted_Close":"22.0276","Volume":"239931300"},{"Date":"2007-05-18","Adjusted_Close":"22.2806","Volume":"290534600"},{"Date":"2007-05-11","Adjusted_Close":"22.2519","Volume":"270999700"},{"Date":"2007-05-04","Adjusted_Close":"22.0142","Volume":"408437500"},{"Date":"2007-04-27","Adjusted_Close":"21.6973","Volume":"312509900"},{"Date":"2007-04-20","Adjusted_Close":"20.9049","Volume":"209649000"},{"Date":"2007-04-13","Adjusted_Close":"20.6095","Volume":"193842900"},{"Date":"2007-04-05","Adjusted_Close":"20.5663","Volume":"175174300"},{"Date":"2007-03-30","Adjusted_Close":"20.0764","Volume":"243109200"},{"Date":"2007-03-23","Adjusted_Close":"20.1845","Volume":"268577300"},{"Date":"2007-03-16","Adjusted_Close":"19.6875","Volume":"304228600"},{"Date":"2007-03-09","Adjusted_Close":"19.6514","Volume":"310161000"},{"Date":"2007-03-02","Adjusted_Close":"19.9972","Volume":"380388900"},{"Date":"2007-02-23","Adjusted_Close":"20.8184","Volume":"244124600"},{"Date":"2007-02-16","Adjusted_Close":"20.7032","Volume":"331909500"},{"Date":"2007-02-09","Adjusted_Close":"20.8043","Volume":"362100800"},{"Date":"2007-02-02","Adjusted_Close":"21.6730","Volume":"309232200"},{"Date":"2007-01-26","Adjusted_Close":"21.9673","Volume":"357325300"},{"Date":"2007-01-19","Adjusted_Close":"22.3334","Volume":"253090400"},{"Date":"2007-01-12","Adjusted_Close":"22.4052","Volume":"353311000"},{"Date":"2007-01-05","Adjusted_Close":"21.2781","Volume":"167316800"},{"Date":"2006-12-29","Adjusted_Close":"21.4361","Volume":"136777100"},{"Date":"2006-12-22","Adjusted_Close":"21.2781","Volume":"212253200"},{"Date":"2006-12-15","Adjusted_Close":"21.6730","Volume":"410894100"},{"Date":"2006-12-08","Adjusted_Close":"21.1058","Volume":"304979500"},{"Date":"2006-12-01","Adjusted_Close":"20.9048","Volume":"309653900"},{"Date":"2006-11-24","Adjusted_Close":"21.3643","Volume":"216514300"},{"Date":"2006-11-17","Adjusted_Close":"21.1058","Volume":"287912700"},{"Date":"2006-11-10","Adjusted_Close":"20.9194","Volume":"321623300"},{"Date":"2006-11-03","Adjusted_Close":"20.5545","Volume":"284853300"},{"Date":"2006-10-27","Adjusted_Close":"20.2755","Volume":"309676000"},{"Date":"2006-10-20","Adjusted_Close":"20.3399","Volume":"224116800"},{"Date":"2006-10-13","Adjusted_Close":"20.2970","Volume":"355111200"},{"Date":"2006-10-06","Adjusted_Close":"19.9393","Volume":"292904900"},{"Date":"2006-09-29","Adjusted_Close":"19.5672","Volume":"267367500"},{"Date":"2006-09-22","Adjusted_Close":"19.0736","Volume":"270058100"},{"Date":"2006-09-15","Adjusted_Close":"19.2095","Volume":"345945900"},{"Date":"2006-09-08","Adjusted_Close":"18.3152","Volume":"182516500"},{"Date":"2006-09-01","Adjusted_Close":"18.4869","Volume":"165160300"},{"Date":"2006-08-25","Adjusted_Close":"18.4941","Volume":"291408400"},{"Date":"2006-08-18","Adjusted_Close":"18.4511","Volume":"323289600"},{"Date":"2006-08-11","Adjusted_Close":"17.4145","Volume":"201448300"},{"Date":"2006-08-04","Adjusted_Close":"17.3147","Volume":"224730800"},{"Date":"2006-07-28","Adjusted_Close":"17.2862","Volume":"311697200"},{"Date":"2006-07-21","Adjusted_Close":"17.0153","Volume":"436378000"},{"Date":"2006-07-14","Adjusted_Close":"15.8890","Volume":"357219600"},{"Date":"2006-07-07","Adjusted_Close":"16.6090","Volume":"186748900"},{"Date":"2006-06-30","Adjusted_Close":"16.6090","Volume":"404754000"},{"Date":"2006-06-23","Adjusted_Close":"16.0387","Volume":"449022900"},{"Date":"2006-06-16","Adjusted_Close":"15.7536","Volume":"542650300"},{"Date":"2006-06-09","Adjusted_Close":"15.7037","Volume":"421043600"},{"Date":"2006-06-02","Adjusted_Close":"16.2241","Volume":"326865900"},{"Date":"2006-05-26","Adjusted_Close":"16.9084","Volume":"404579600"},{"Date":"2006-05-19","Adjusted_Close":"16.0815","Volume":"443555800"},{"Date":"2006-05-12","Adjusted_Close":"16.4524","Volume":"408635300"},{"Date":"2006-05-05","Adjusted_Close":"16.8997","Volume":"879723200"},{"Date":"2006-04-28","Adjusted_Close":"17.1482","Volume":"818292700"},{"Date":"2006-04-21","Adjusted_Close":"19.2784","Volume":"241356300"},{"Date":"2006-04-13","Adjusted_Close":"19.2216","Volume":"142728400"},{"Date":"2006-04-07","Adjusted_Close":"19.3495","Volume":"243749500"},{"Date":"2006-03-31","Adjusted_Close":"19.3211","Volume":"288381900"},{"Date":"2006-03-24","Adjusted_Close":"19.1790","Volume":"428830300"},{"Date":"2006-03-17","Adjusted_Close":"19.5270","Volume":"331725100"},{"Date":"2006-03-10","Adjusted_Close":"19.2927","Volume":"248873300"},{"Date":"2006-03-03","Adjusted_Close":"19.1222","Volume":"256467900"},{"Date":"2006-02-24","Adjusted_Close":"18.9092","Volume":"185372100"},{"Date":"2006-02-17","Adjusted_Close":"18.9589","Volume":"258330500"},{"Date":"2006-02-10","Adjusted_Close":"18.8886","Volume":"289113900"},{"Date":"2006-02-03","Adjusted_Close":"19.4901","Volume":"397385400"},{"Date":"2006-01-27","Adjusted_Close":"19.6670","Volume":"374068400"},{"Date":"2006-01-20","Adjusted_Close":"18.6904","Volume":"250476300"},{"Date":"2006-01-13","Adjusted_Close":"19.2424","Volume":"278080400"},{"Date":"2006-01-06","Adjusted_Close":"19.0443","Volume":"287157100"},{"Date":"2005-12-30","Adjusted_Close":"18.5064","Volume":"156803500"},{"Date":"2005-12-23","Adjusted_Close":"18.8532","Volume":"329407700"},{"Date":"2005-12-16","Adjusted_Close":"19.0372","Volume":"400679500"},{"Date":"2005-12-09","Adjusted_Close":"19.6104","Volume":"281479100"},{"Date":"2005-12-02","Adjusted_Close":"19.8227","Volume":"278968000"},{"Date":"2005-11-25","Adjusted_Close":"19.6458","Volume":"284671500"},{"Date":"2005-11-18","Adjusted_Close":"19.8652","Volume":"385292400"},{"Date":"2005-11-11","Adjusted_Close":"19.2501","Volume":"322019000"},{"Date":"2005-11-04","Adjusted_Close":"18.8126","Volume":"352445200"},{"Date":"2005-10-28","Adjusted_Close":"18.0152","Volume":"319482000"},{"Date":"2005-10-21","Adjusted_Close":"17.4860","Volume":"311088900"},{"Date":"2005-10-14","Adjusted_Close":"17.4084","Volume":"320781300"},{"Date":"2005-10-07","Adjusted_Close":"17.3519","Volume":"413185600"},{"Date":"2005-09-30","Adjusted_Close":"18.1564","Volume":"300472600"},{"Date":"2005-09-23","Adjusted_Close":"17.8318","Volume":"328869200"},{"Date":"2005-09-16","Adjusted_Close":"18.3963","Volume":"406684500"},{"Date":"2005-09-09","Adjusted_Close":"18.7562","Volume":"184813200"},{"Date":"2005-09-02","Adjusted_Close":"19.0666","Volume":"300703100"},{"Date":"2005-08-26","Adjusted_Close":"19.0314","Volume":"229714300"},{"Date":"2005-08-19","Adjusted_Close":"18.8550","Volume":"222189700"},{"Date":"2005-08-12","Adjusted_Close":"19.0317","Volume":"305441100"},{"Date":"2005-08-05","Adjusted_Close":"19.5312","Volume":"511953100"},{"Date":"2005-07-29","Adjusted_Close":"18.0185","Volume":"258891400"},{"Date":"2005-07-22","Adjusted_Close":"18.0678","Volume":"434873900"},{"Date":"2005-07-15","Adjusted_Close":"18.1452","Volume":"295639000"},{"Date":"2005-07-08","Adjusted_Close":"17.6527","Volume":"262285000"},{"Date":"2005-07-01","Adjusted_Close":"17.3853","Volume":"322290800"},{"Date":"2005-06-24","Adjusted_Close":"17.6175","Volume":"355246100"},{"Date":"2005-06-17","Adjusted_Close":"17.6175","Volume":"300852300"},{"Date":"2005-06-10","Adjusted_Close":"17.8919","Volume":"232865700"},{"Date":"2005-06-03","Adjusted_Close":"17.8919","Volume":"207624100"},{"Date":"2005-05-27","Adjusted_Close":"18.3422","Volume":"278015000"},{"Date":"2005-05-20","Adjusted_Close":"18.1100","Volume":"278308200"},{"Date":"2005-05-13","Adjusted_Close":"17.7448","Volume":"335315800"},{"Date":"2005-05-06","Adjusted_Close":"17.6886","Volume":"332793600"},{"Date":"2005-04-29","Adjusted_Close":"17.7448","Volume":"365919300"},{"Date":"2005-04-22","Adjusted_Close":"17.5203","Volume":"407295900"},{"Date":"2005-04-15","Adjusted_Close":"17.1556","Volume":"343244900"},{"Date":"2005-04-08","Adjusted_Close":"17.4923","Volume":"339174000"},{"Date":"2005-04-01","Adjusted_Close":"16.9171","Volume":"310621300"},{"Date":"2005-03-24","Adjusted_Close":"17.0293","Volume":"331673700"},{"Date":"2005-03-18","Adjusted_Close":"17.0504","Volume":"408338500"},{"Date":"2005-03-11","Adjusted_Close":"17.5975","Volume":"316021800"},{"Date":"2005-03-04","Adjusted_Close":"17.6536","Volume":"322103600"},{"Date":"2005-02-25","Adjusted_Close":"17.7097","Volume":"327812600"},{"Date":"2005-02-18","Adjusted_Close":"17.8710","Volume":"336868100"},{"Date":"2005-02-11","Adjusted_Close":"18.1586","Volume":"352614200"},{"Date":"2005-02-04","Adjusted_Close":"18.4034","Volume":"332545200"},{"Date":"2005-01-28","Adjusted_Close":"18.3055","Volume":"405236700"},{"Date":"2005-01-21","Adjusted_Close":"17.9349","Volume":"262141600"},{"Date":"2005-01-14","Adjusted_Close":"18.2635","Volume":"390071600"},{"Date":"2005-01-07","Adjusted_Close":"18.6481","Volume":"392522300"},{"Date":"2004-12-31","Adjusted_Close":"18.6831","Volume":"261944200"},{"Date":"2004-12-23","Adjusted_Close":"18.8858","Volume":"309652700"},{"Date":"2004-12-17","Adjusted_Close":"18.8509","Volume":"543141500"},{"Date":"2004-12-10","Adjusted_Close":"18.9348","Volume":"416563600"},{"Date":"2004-12-03","Adjusted_Close":"19.0397","Volume":"415516000"},{"Date":"2004-11-26","Adjusted_Close":"18.5992","Volume":"247338400"},{"Date":"2004-11-19","Adjusted_Close":"18.7809","Volume":"376879800"},{"Date":"2004-11-12","Adjusted_Close":"18.8373","Volume":"546928700"},{"Date":"2004-11-05","Adjusted_Close":"18.4224","Volume":"425220100"},{"Date":"2004-10-29","Adjusted_Close":"17.5802","Volume":"353958400"},{"Date":"2004-10-22","Adjusted_Close":"17.4356","Volume":"373356600"},{"Date":"2004-10-15","Adjusted_Close":"17.5928","Volume":"241981800"},{"Date":"2004-10-08","Adjusted_Close":"17.5928","Volume":"264991600"},{"Date":"2004-10-01","Adjusted_Close":"17.7562","Volume":"308918800"},{"Date":"2004-09-24","Adjusted_Close":"17.1528","Volume":"295812600"},{"Date":"2004-09-17","Adjusted_Close":"17.2911","Volume":"257999400"},{"Date":"2004-09-10","Adjusted_Close":"17.2785","Volume":"207740700"},{"Date":"2004-09-03","Adjusted_Close":"17.0396","Volume":"225629900"},{"Date":"2004-08-27","Adjusted_Close":"17.2596","Volume":"202634400"},{"Date":"2004-08-20","Adjusted_Close":"17.0462","Volume":"262858700"},{"Date":"2004-08-13","Adjusted_Close":"16.9333","Volume":"256220400"},{"Date":"2004-08-06","Adjusted_Close":"17.0086","Volume":"283695500"},{"Date":"2004-07-30","Adjusted_Close":"17.8546","Volume":"327776100"},{"Date":"2004-07-23","Adjusted_Close":"17.5663","Volume":"572896600"},{"Date":"2004-07-16","Adjusted_Close":"17.2216","Volume":"289853700"},{"Date":"2004-07-09","Adjusted_Close":"17.4598","Volume":"244789000"},{"Date":"2004-07-02","Adjusted_Close":"17.9047","Volume":"331071700"},{"Date":"2004-06-25","Adjusted_Close":"17.9047","Volume":"411012400"},{"Date":"2004-06-18","Adjusted_Close":"17.7669","Volume":"488638200"},{"Date":"2004-06-10","Adjusted_Close":"16.7767","Volume":"222161000"},{"Date":"2004-06-04","Adjusted_Close":"16.2628","Volume":"197137900"},{"Date":"2004-05-28","Adjusted_Close":"16.4383","Volume":"259637300"},{"Date":"2004-05-21","Adjusted_Close":"16.2252","Volume":"283260200"},{"Date":"2004-05-14","Adjusted_Close":"16.2064","Volume":"294321000"},{"Date":"2004-05-07","Adjusted_Close":"16.1562","Volume":"304238400"},{"Date":"2004-04-30","Adjusted_Close":"16.3756","Volume":"386909500"},{"Date":"2004-04-23","Adjusted_Close":"17.2592","Volume":"511223400"},{"Date":"2004-04-16","Adjusted_Close":"15.7677","Volume":"282363400"},{"Date":"2004-04-08","Adjusted_Close":"15.9682","Volume":"211355800"},{"Date":"2004-04-02","Adjusted_Close":"16.2001","Volume":"348520900"},{"Date":"2004-03-26","Adjusted_Close":"15.6862","Volume":"464149000"},{"Date":"2004-03-19","Adjusted_Close":"15.4355","Volume":"400043100"},{"Date":"2004-03-12","Adjusted_Close":"15.9056","Volume":"380308700"},{"Date":"2004-03-05","Adjusted_Close":"16.5135","Volume":"277115000"},{"Date":"2004-02-27","Adjusted_Close":"16.6263","Volume":"294828200"},{"Date":"2004-02-20","Adjusted_Close":"16.6513","Volume":"213474200"},{"Date":"2004-02-13","Adjusted_Close":"16.6639","Volume":"249492500"},{"Date":"2004-02-06","Adjusted_Close":"16.9710","Volume":"274270700"},{"Date":"2004-01-30","Adjusted_Close":"17.3282","Volume":"297108900"},{"Date":"2004-01-23","Adjusted_Close":"17.8483","Volume":"322323400"},{"Date":"2004-01-16","Adjusted_Close":"17.4284","Volume":"273795600"},{"Date":"2004-01-09","Adjusted_Close":"17.3344","Volume":"294473400"},{"Date":"2004-01-02","Adjusted_Close":"17.2028","Volume":"161519900"},{"Date":"2003-12-26","Adjusted_Close":"17.0524","Volume":"115504900"},{"Date":"2003-12-19","Adjusted_Close":"17.1464","Volume":"354585100"},{"Date":"2003-12-12","Adjusted_Close":"16.7015","Volume":"425367900"},{"Date":"2003-12-05","Adjusted_Close":"16.2816","Volume":"463971200"},{"Date":"2003-11-28","Adjusted_Close":"16.1124","Volume":"288288600"},{"Date":"2003-11-21","Adjusted_Close":"15.7364","Volume":"467180400"},{"Date":"2003-11-14","Adjusted_Close":"15.9808","Volume":"357543000"},{"Date":"2003-11-07","Adjusted_Close":"16.3568","Volume":"329324700"},{"Date":"2003-10-31","Adjusted_Close":"16.3819","Volume":"379276300"},{"Date":"2003-10-24","Adjusted_Close":"16.6764","Volume":"409676000"},{"Date":"2003-10-17","Adjusted_Close":"18.1303","Volume":"223606200"},{"Date":"2003-10-10","Adjusted_Close":"18.0186","Volume":"233651500"},{"Date":"2003-10-03","Adjusted_Close":"18.1246","Volume":"264536500"},{"Date":"2003-09-26","Adjusted_Close":"17.5699","Volume":"295932200"},{"Date":"2003-09-19","Adjusted_Close":"18.6731","Volume":"300416400"},{"Date":"2003-09-12","Adjusted_Close":"17.6634","Volume":"238774500"},{"Date":"2003-09-05","Adjusted_Close":"17.6883","Volume":"307472000"},{"Date":"2003-08-29","Adjusted_Close":"16.5290","Volume":"195027000"},{"Date":"2003-08-22","Adjusted_Close":"16.3420","Volume":"305158600"},{"Date":"2003-08-15","Adjusted_Close":"15.9182","Volume":"179225400"},{"Date":"2003-08-08","Adjusted_Close":"15.9432","Volume":"244446200"},{"Date":"2003-08-01","Adjusted_Close":"16.3109","Volume":"263444200"},{"Date":"2003-07-25","Adjusted_Close":"16.7596","Volume":"257829600"},{"Date":"2003-07-18","Adjusted_Close":"16.7596","Volume":"300064300"},{"Date":"2003-07-11","Adjusted_Close":"17.0214","Volume":"318886400"},{"Date":"2003-07-03","Adjusted_Close":"16.5166","Volume":"242509300"},{"Date":"2003-06-27","Adjusted_Close":"15.9743","Volume":"292686700"},{"Date":"2003-06-20","Adjusted_Close":"16.4106","Volume":"431506000"},{"Date":"2003-06-13","Adjusted_Close":"15.3635","Volume":"351369100"},{"Date":"2003-06-06","Adjusted_Close":"14.7527","Volume":"446360900"},{"Date":"2003-05-30","Adjusted_Close":"15.3386","Volume":"320501800"},{"Date":"2003-05-23","Adjusted_Close":"15.0955","Volume":"387099900"},{"Date":"2003-05-16","Adjusted_Close":"15.9369","Volume":"249494800"},{"Date":"2003-05-09","Adjusted_Close":"16.4293","Volume":"259126000"},{"Date":"2003-05-02","Adjusted_Close":"16.2673","Volume":"272512900"},{"Date":"2003-04-25","Adjusted_Close":"15.7188","Volume":"261322100"},{"Date":"2003-04-17","Adjusted_Close":"15.8933","Volume":"259533900"},{"Date":"2003-04-11","Adjusted_Close":"15.0830","Volume":"319809400"},{"Date":"2003-04-04","Adjusted_Close":"15.6378","Volume":"302604600"},{"Date":"2003-03-28","Adjusted_Close":"15.3760","Volume":"276001800"},{"Date":"2003-03-21","Adjusted_Close":"16.5602","Volume":"410130000"},{"Date":"2003-03-14","Adjusted_Close":"15.4944","Volume":"330936500"},{"Date":"2003-03-07","Adjusted_Close":"14.6842","Volume":"283450300"},{"Date":"2003-02-28","Adjusted_Close":"14.7714","Volume":"319632400"},{"Date":"2003-02-21","Adjusted_Close":"15.3511","Volume":"183360850"},{"Date":"2003-02-14","Adjusted_Close":"15.0030","Volume":"196846600"},{"Date":"2003-02-07","Adjusted_Close":"14.4687","Volume":"210788300"},{"Date":"2003-01-31","Adjusted_Close":"14.7420","Volume":"251304800"},{"Date":"2003-01-24","Adjusted_Close":"15.4844","Volume":"173754500"},{"Date":"2003-01-17","Adjusted_Close":"15.9845","Volume":"205946900"},{"Date":"2003-01-10","Adjusted_Close":"17.3699","Volume":"167038900"},{"Date":"2003-01-03","Adjusted_Close":"16.7083","Volume":"114400200"},{"Date":"2002-12-27","Adjusted_Close":"16.4536","Volume":"72652000"},{"Date":"2002-12-20","Adjusted_Close":"16.4753","Volume":"176690400"},{"Date":"2002-12-13","Adjusted_Close":"16.3076","Volume":"158633300"},{"Date":"2002-12-06","Adjusted_Close":"17.2301","Volume":"173095200"},{"Date":"2002-11-29","Adjusted_Close":"17.9166","Volume":"106909100"},{"Date":"2002-11-22","Adjusted_Close":"18.0843","Volume":"181924700"},{"Date":"2002-11-15","Adjusted_Close":"17.6091","Volume":"201490300"},{"Date":"2002-11-08","Adjusted_Close":"17.1152","Volume":"235125600"},{"Date":"2002-11-01","Adjusted_Close":"16.4629","Volume":"237973300"},{"Date":"2002-10-25","Adjusted_Close":"16.3635","Volume":"240831700"},{"Date":"2002-10-18","Adjusted_Close":"16.5095","Volume":"320223700"},{"Date":"2002-10-11","Adjusted_Close":"15.1800","Volume":"277972000"},{"Date":"2002-10-04","Adjusted_Close":"13.5958","Volume":"271022000"},{"Date":"2002-09-27","Adjusted_Close":"14.0556","Volume":"241453200"},{"Date":"2002-09-20","Adjusted_Close":"14.7420","Volume":"207929100"},{"Date":"2002-09-13","Adjusted_Close":"14.8818","Volume":"183161200"},{"Date":"2002-09-06","Adjusted_Close":"14.8539","Volume":"157520900"},{"Date":"2002-08-30","Adjusted_Close":"15.2452","Volume":"171205800"},{"Date":"2002-08-23","Adjusted_Close":"16.2206","Volume":"180908000"},{"Date":"2002-08-16","Adjusted_Close":"15.5310","Volume":"210887500"},{"Date":"2002-08-09","Adjusted_Close":"14.9470","Volume":"205902100"},{"Date":"2002-08-02","Adjusted_Close":"13.7946","Volume":"253332600"},{"Date":"2002-07-26","Adjusted_Close":"14.0866","Volume":"418694300"},{"Date":"2002-07-19","Adjusted_Close":"15.3943","Volume":"267876000"},{"Date":"2002-07-12","Adjusted_Close":"16.1088","Volume":"232217200"},{"Date":"2002-07-05","Adjusted_Close":"17.0375","Volume":"132949100"},{"Date":"2002-06-28","Adjusted_Close":"16.9909","Volume":"243023900"},{"Date":"2002-06-21","Adjusted_Close":"16.2392","Volume":"228236600"},{"Date":"2002-06-14","Adjusted_Close":"17.1618","Volume":"235798700"},{"Date":"2002-06-07","Adjusted_Close":"16.1460","Volume":"209977300"},{"Date":"2002-05-31","Adjusted_Close":"15.8137","Volume":"112338100"},{"Date":"2002-05-24","Adjusted_Close":"16.5436","Volume":"128400000"},{"Date":"2002-05-17","Adjusted_Close":"17.4040","Volume":"154058000"},{"Date":"2002-05-10","Adjusted_Close":"15.5465","Volume":"201811900"},{"Date":"2002-05-03","Adjusted_Close":"15.3943","Volume":"187340100"},{"Date":"2002-04-26","Adjusted_Close":"15.9969","Volume":"150517000"},{"Date":"2002-04-19","Adjusted_Close":"17.7675","Volume":"166766200"},{"Date":"2002-04-12","Adjusted_Close":"17.3730","Volume":"161451200"},{"Date":"2002-04-05","Adjusted_Close":"17.3543","Volume":"156190300"},{"Date":"2002-03-28","Adjusted_Close":"18.7335","Volume":"104164600"},{"Date":"2002-03-22","Adjusted_Close":"18.7770","Volume":"115686600"},{"Date":"2002-03-15","Adjusted_Close":"19.4107","Volume":"137709600"},{"Date":"2002-03-08","Adjusted_Close":"19.8642","Volume":"148003500"},{"Date":"2002-03-01","Adjusted_Close":"19.0628","Volume":"155521000"},{"Date":"2002-02-22","Adjusted_Close":"18.0129","Volume":"116750400"},{"Date":"2002-02-15","Adjusted_Close":"18.7087","Volume":"128744400"},{"Date":"2002-02-08","Adjusted_Close":"18.8391","Volume":"163890500"},{"Date":"2002-02-01","Adjusted_Close":"19.4635","Volume":"149708200"},{"Date":"2002-01-25","Adjusted_Close":"19.8176","Volume":"145053700"},{"Date":"2002-01-18","Adjusted_Close":"20.5320","Volume":"179884500"},{"Date":"2002-01-11","Adjusted_Close":"21.3117","Volume":"152919500"},{"Date":"2002-01-04","Adjusted_Close":"21.4017","Volume":"105726200"},{"Date":"2001-12-28","Adjusted_Close":"21.0818","Volume":"51111700"},{"Date":"2001-12-21","Adjusted_Close":"20.9793","Volume":"162111900"},{"Date":"2001-12-14","Adjusted_Close":"20.9482","Volume":"118407000"},{"Date":"2001-12-07","Adjusted_Close":"21.0694","Volume":"135410800"},{"Date":"2001-11-30","Adjusted_Close":"19.9449","Volume":"144803900"},{"Date":"2001-11-23","Adjusted_Close":"20.1002","Volume":"94233300"},{"Date":"2001-11-16","Adjusted_Close":"20.4233","Volume":"171854500"},{"Date":"2001-11-09","Adjusted_Close":"20.2555","Volume":"158077000"},{"Date":"2001-11-02","Adjusted_Close":"19.0721","Volume":"185128100"},{"Date":"2001-10-26","Adjusted_Close":"19.3206","Volume":"185808800"},{"Date":"2001-10-19","Adjusted_Close":"17.9849","Volume":"188942100"},{"Date":"2001-10-12","Adjusted_Close":"17.5128","Volume":"196741100"},{"Date":"2001-10-05","Adjusted_Close":"17.9290","Volume":"215341000"},{"Date":"2001-09-28","Adjusted_Close":"15.8944","Volume":"213438800"},{"Date":"2001-09-21","Adjusted_Close":"15.4409","Volume":"320297300"},{"Date":"2001-09-10","Adjusted_Close":"17.8855","Volume":"42235900"},{"Date":"2001-09-07","Adjusted_Close":"17.2084","Volume":"179440200"},{"Date":"2001-08-31","Adjusted_Close":"17.7209","Volume":"147844200"},{"Date":"2001-08-24","Adjusted_Close":"19.2740","Volume":"144401200"},{"Date":"2001-08-17","Adjusted_Close":"19.2212","Volume":"102399700"},{"Date":"2001-08-10","Adjusted_Close":"20.3518","Volume":"105734200"},{"Date":"2001-08-03","Adjusted_Close":"20.7774","Volume":"127182900"},{"Date":"2001-07-27","Adjusted_Close":"20.3363","Volume":"182482500"},{"Date":"2001-07-20","Adjusted_Close":"21.4887","Volume":"188787800"},{"Date":"2001-07-13","Adjusted_Close":"22.1596","Volume":"196937200"},{"Date":"2001-07-06","Adjusted_Close":"20.5196","Volume":"108779000"},{"Date":"2001-06-29","Adjusted_Close":"22.6753","Volume":"202375900"},{"Date":"2001-06-22","Adjusted_Close":"21.3800","Volume":"152554200"},{"Date":"2001-06-15","Adjusted_Close":"21.1284","Volume":"174844700"},{"Date":"2001-06-08","Adjusted_Close":"22.7343","Volume":"166020300"},{"Date":"2001-06-01","Adjusted_Close":"21.8490","Volume":"142991400"},{"Date":"2001-05-25","Adjusted_Close":"22.0261","Volume":"207056900"},{"Date":"2001-05-18","Adjusted_Close":"21.1501","Volume":"197918800"},{"Date":"2001-05-11","Adjusted_Close":"21.5570","Volume":"188290100"},{"Date":"2001-05-04","Adjusted_Close":"21.9764","Volume":"218373600"},{"Date":"2001-04-27","Adjusted_Close":"20.8488","Volume":"249200900"},{"Date":"2001-04-20","Adjusted_Close":"21.4328","Volume":"329999100"},{"Date":"2001-04-12","Adjusted_Close":"19.3144","Volume":"181447300"},{"Date":"2001-04-06","Adjusted_Close":"17.4537","Volume":"240072100"},{"Date":"2001-03-30","Adjusted_Close":"16.9878","Volume":"207561200"},{"Date":"2001-03-23","Adjusted_Close":"17.5687","Volume":"251865300"},{"Date":"2001-03-16","Adjusted_Close":"16.9474","Volume":"240292500"},{"Date":"2001-03-09","Adjusted_Close":"17.6091","Volume":"167164700"},{"Date":"2001-03-02","Adjusted_Close":"17.6091","Volume":"216638100"},{"Date":"2001-02-23","Adjusted_Close":"17.6277","Volume":"159057500"},{"Date":"2001-02-16","Adjusted_Close":"17.8016","Volume":"170837300"},{"Date":"2001-02-09","Adjusted_Close":"18.3670","Volume":"231259700"},{"Date":"2001-02-02","Adjusted_Close":"18.8888","Volume":"183526100"},{"Date":"2001-01-26","Adjusted_Close":"19.8797","Volume":"218080300"},{"Date":"2001-01-19","Adjusted_Close":"18.9478","Volume":"230222100"},{"Date":"2001-01-12","Adjusted_Close":"16.6182","Volume":"230290000"},{"Date":"2001-01-05","Adjusted_Close":"15.2608","Volume":"212093500"},{"Date":"2000-12-29","Adjusted_Close":"13.4747","Volume":"156771100"},{"Date":"2000-12-22","Adjusted_Close":"14.4252","Volume":"324610900"},{"Date":"2000-12-15","Adjusted_Close":"15.2794","Volume":"222571900"},{"Date":"2000-12-08","Adjusted_Close":"16.9102","Volume":"269475300"},{"Date":"2000-12-01","Adjusted_Close":"17.5904","Volume":"309022400"},{"Date":"2000-11-24","Adjusted_Close":"21.7248","Volume":"125213600"},{"Date":"2000-11-17","Adjusted_Close":"21.4514","Volume":"213329900"},{"Date":"2000-11-10","Adjusted_Close":"20.9265","Volume":"285067500"},{"Date":"2000-11-03","Adjusted_Close":"21.1998","Volume":"221268600"},{"Date":"2000-10-27","Adjusted_Close":"21.0259","Volume":"343160300"},{"Date":"2000-10-20","Adjusted_Close":"20.2493","Volume":"364471900"},{"Date":"2000-10-13","Adjusted_Close":"16.6958","Volume":"208168200"},{"Date":"2000-10-06","Adjusted_Close":"17.2581","Volume":"211641600"},{"Date":"2000-09-29","Adjusted_Close":"18.7335","Volume":"220879300"},{"Date":"2000-09-22","Adjusted_Close":"19.6467","Volume":"174784600"},{"Date":"2000-09-15","Adjusted_Close":"19.9387","Volume":"157219700"},{"Date":"2000-09-08","Adjusted_Close":"21.5291","Volume":"141068400"},{"Date":"2000-09-01","Adjusted_Close":"21.8024","Volume":"139762900"},{"Date":"2000-08-25","Adjusted_Close":"21.9360","Volume":"110204700"},{"Date":"2000-08-18","Adjusted_Close":"22.0540","Volume":"114834500"},{"Date":"2000-08-11","Adjusted_Close":"22.5013","Volume":"169670900"},{"Date":"2000-08-04","Adjusted_Close":"21.4701","Volume":"129183700"},{"Date":"2000-07-28","Adjusted_Close":"21.6471","Volume":"177871000"},{"Date":"2000-07-21","Adjusted_Close":"22.4609","Volume":"187662900"},{"Date":"2000-07-14","Adjusted_Close":"24.5204","Volume":"140124300"},{"Date":"2000-07-07","Adjusted_Close":"25.4709","Volume":"76292800"},{"Date":"2000-06-30","Adjusted_Close":"24.8496","Volume":"103811400"},{"Date":"2000-06-23","Adjusted_Close":"24.1321","Volume":"203203100"},{"Date":"2000-06-16","Adjusted_Close":"22.5386","Volume":"153922700"},{"Date":"2000-06-09","Adjusted_Close":"21.3738","Volume":"185102700"},{"Date":"2000-06-02","Adjusted_Close":"20.5972","Volume":"149237500"},{"Date":"2000-05-26","Adjusted_Close":"19.0845","Volume":"181785700"},{"Date":"2000-05-19","Adjusted_Close":"20.2089","Volume":"127885300"},{"Date":"2000-05-12","Adjusted_Close":"21.3738","Volume":"130491400"},{"Date":"2000-05-05","Adjusted_Close":"22.0913","Volume":"170300700"},{"Date":"2000-04-28","Adjusted_Close":"21.6658","Volume":"368003400"},{"Date":"2000-04-20","Adjusted_Close":"24.5204","Volume":"158834800"},{"Date":"2000-04-14","Adjusted_Close":"23.0232","Volume":"265592500"},{"Date":"2000-04-07","Adjusted_Close":"27.6638","Volume":"336642600"},{"Date":"2000-03-31","Adjusted_Close":"33.0034","Volume":"192686000"},{"Date":"2000-03-24","Adjusted_Close":"34.6932","Volume":"241909200"},{"Date":"2000-03-17","Adjusted_Close":"30.8663","Volume":"173495700"},{"Date":"2000-03-10","Adjusted_Close":"31.3726","Volume":"248374100"},{"Date":"2000-03-03","Adjusted_Close":"29.8568","Volume":"224913400"},{"Date":"2000-02-25","Adjusted_Close":"28.3627","Volume":"138589000"},{"Date":"2000-02-18","Adjusted_Close":"29.5276","Volume":"188332600"},{"Date":"2000-02-11","Adjusted_Close":"31.0434","Volume":"160705800"},{"Date":"2000-02-04","Adjusted_Close":"33.0997","Volume":"148928900"},{"Date":"2000-01-28","Adjusted_Close":"30.5184","Volume":"147333000"},{"Date":"2000-01-21","Adjusted_Close":"32.2268","Volume":"151908900"},{"Date":"2000-01-14","Adjusted_Close":"34.8671","Volume":"157400000"},{"Date":"2000-01-07","Adjusted_Close":"34.6155","Volume":"144198600"},{"Date":"1999-12-31","Adjusted_Close":"36.2649","Volume":"54560000"},{"Date":"1999-12-23","Adjusted_Close":"36.4792","Volume":"83236700"},{"Date":"1999-12-17","Adjusted_Close":"35.7990","Volume":"293469200"},{"Date":"1999-12-10","Adjusted_Close":"29.1579","Volume":"115003700"},{"Date":"1999-12-03","Adjusted_Close":"29.8568","Volume":"142022200"},{"Date":"1999-11-26","Adjusted_Close":"28.3037","Volume":"121834600"},{"Date":"1999-11-19","Adjusted_Close":"26.7133","Volume":"147891900"},{"Date":"1999-11-12","Adjusted_Close":"27.7042","Volume":"270831600"}]