[{"Date":"2024-04-22","Adjusted_Close":"149.1200","Volume":"10118694"},{"Date":"2024-04-19","Adjusted_Close":"147.9100","Volume":"50293639"},{"Date":"2024-04-12","Adjusted_Close":"147.5200","Volume":"34293828"},{"Date":"2024-04-05","Adjusted_Close":"152.3900","Volume":"31591782"},{"Date":"2024-03-28","Adjusted_Close":"158.1900","Volume":"29005302"},{"Date":"2024-03-22","Adjusted_Close":"155.2300","Volume":"33589582"},{"Date":"2024-03-15","Adjusted_Close":"158.1800","Volume":"38913177"},{"Date":"2024-03-08","Adjusted_Close":"159.5200","Volume":"33077625"},{"Date":"2024-03-01","Adjusted_Close":"162.1200","Volume":"32134548"},{"Date":"2024-02-23","Adjusted_Close":"161.8400","Volume":"31766015"},{"Date":"2024-02-16","Adjusted_Close":"156.5500","Volume":"40424825"},{"Date":"2024-02-09","Adjusted_Close":"155.5774","Volume":"43326875"},{"Date":"2024-02-02","Adjusted_Close":"155.4285","Volume":"38248795"},{"Date":"2024-01-26","Adjusted_Close":"158.2967","Volume":"33631034"},{"Date":"2024-01-19","Adjusted_Close":"160.4603","Volume":"24435100"},{"Date":"2024-01-12","Adjusted_Close":"161.1649","Volume":"27314869"},{"Date":"2024-01-05","Adjusted_Close":"159.9144","Volume":"29721775"},{"Date":"2023-12-29","Adjusted_Close":"155.5575","Volume":"18095197"},{"Date":"2023-12-22","Adjusted_Close":"154.2872","Volume":"29076489"},{"Date":"2023-12-15","Adjusted_Close":"153.9895","Volume":"53147895"},{"Date":"2023-12-08","Adjusted_Close":"153.2550","Volume":"35527758"},{"Date":"2023-12-01","Adjusted_Close":"157.1852","Volume":"40373578"},{"Date":"2023-11-24","Adjusted_Close":"151.3495","Volume":"22763767"},{"Date":"2023-11-17","Adjusted_Close":"147.4892","Volume":"33233244"},{"Date":"2023-11-10","Adjusted_Close":"144.9882","Volume":"29057387"},{"Date":"2023-11-03","Adjusted_Close":"149.0154","Volume":"31791361"},{"Date":"2023-10-27","Adjusted_Close":"143.3636","Volume":"36908324"},{"Date":"2023-10-20","Adjusted_Close":"150.6499","Volume":"42690630"},{"Date":"2023-10-13","Adjusted_Close":"154.4407","Volume":"27763526"},{"Date":"2023-10-06","Adjusted_Close":"155.2186","Volume":"29752045"},{"Date":"2023-09-29","Adjusted_Close":"153.3576","Volume":"37380720"},{"Date":"2023-09-22","Adjusted_Close":"158.0347","Volume":"24681718"},{"Date":"2023-09-15","Adjusted_Close":"158.9701","Volume":"40903197"},{"Date":"2023-09-08","Adjusted_Close":"158.0938","Volume":"35663622"},{"Date":"2023-09-01","Adjusted_Close":"158.0150","Volume":"64548753"},{"Date":"2023-08-25","Adjusted_Close":"163.6964","Volume":"416106868"},{"Date":"2023-08-18","Adjusted_Close":"168.6335","Volume":"359092083"},{"Date":"2023-08-11","Adjusted_Close":"169.9630","Volume":"182208969"},{"Date":"2023-08-04","Adjusted_Close":"165.2606","Volume":"93883812"},{"Date":"2023-07-28","Adjusted_Close":"170.5790","Volume":"69818897"},{"Date":"2023-07-21","Adjusted_Close":"166.3849","Volume":"53315976"},{"Date":"2023-07-14","Adjusted_Close":"156.2956","Volume":"31050742"},{"Date":"2023-07-07","Adjusted_Close":"155.6895","Volume":"24615149"},{"Date":"2023-06-30","Adjusted_Close":"161.8193","Volume":"30814605"},{"Date":"2023-06-23","Adjusted_Close":"161.7802","Volume":"30110576"},{"Date":"2023-06-16","Adjusted_Close":"160.5581","Volume":"39842108"},{"Date":"2023-06-09","Adjusted_Close":"156.4325","Volume":"30092158"},{"Date":"2023-06-02","Adjusted_Close":"153.4605","Volume":"31752843"},{"Date":"2023-05-26","Adjusted_Close":"150.8990","Volume":"30215536"},{"Date":"2023-05-19","Adjusted_Close":"154.1874","Volume":"29244785"},{"Date":"2023-05-12","Adjusted_Close":"156.0019","Volume":"27044147"},{"Date":"2023-05-05","Adjusted_Close":"157.8454","Volume":"28694773"},{"Date":"2023-04-28","Adjusted_Close":"158.8351","Volume":"28749211"},{"Date":"2023-04-21","Adjusted_Close":"157.8551","Volume":"45871357"},{"Date":"2023-04-14","Adjusted_Close":"160.9115","Volume":"29887759"},{"Date":"2023-04-06","Adjusted_Close":"160.2420","Volume":"41476003"},{"Date":"2023-03-31","Adjusted_Close":"150.3936","Volume":"33345557"},{"Date":"2023-03-24","Adjusted_Close":"148.1135","Volume":"38197682"},{"Date":"2023-03-17","Adjusted_Close":"147.8515","Volume":"55125197"},{"Date":"2023-03-10","Adjusted_Close":"147.1044","Volume":"37780143"},{"Date":"2023-03-03","Adjusted_Close":"149.4428","Volume":"37608664"},{"Date":"2023-02-24","Adjusted_Close":"151.3348","Volume":"37318918"},{"Date":"2023-02-17","Adjusted_Close":"155.6234","Volume":"48942905"},{"Date":"2023-02-10","Adjusted_Close":"156.2304","Volume":"35364025"},{"Date":"2023-02-03","Adjusted_Close":"158.6006","Volume":"61704404"},{"Date":"2023-01-27","Adjusted_Close":"162.0885","Volume":"39071280"},{"Date":"2023-01-20","Adjusted_Close":"162.5799","Volume":"28661128"},{"Date":"2023-01-13","Adjusted_Close":"167.0986","Volume":"29825048"},{"Date":"2023-01-06","Adjusted_Close":"173.6697","Volume":"28094916"},{"Date":"2022-12-30","Adjusted_Close":"170.2011","Volume":"12758347"},{"Date":"2022-12-23","Adjusted_Close":"171.0008","Volume":"26775477"},{"Date":"2022-12-16","Adjusted_Close":"169.2569","Volume":"50037983"},{"Date":"2022-12-09","Adjusted_Close":"169.3243","Volume":"28126164"},{"Date":"2022-12-02","Adjusted_Close":"172.3497","Volume":"38278276"},{"Date":"2022-11-25","Adjusted_Close":"170.7696","Volume":"18862676"},{"Date":"2022-11-18","Adjusted_Close":"168.6843","Volume":"32455013"},{"Date":"2022-11-11","Adjusted_Close":"162.0308","Volume":"36871823"},{"Date":"2022-11-04","Adjusted_Close":"164.1656","Volume":"31794203"},{"Date":"2022-10-28","Adjusted_Close":"167.4110","Volume":"30106568"},{"Date":"2022-10-21","Adjusted_Close":"161.5138","Volume":"41786515"},{"Date":"2022-10-14","Adjusted_Close":"157.4451","Volume":"28019746"},{"Date":"2022-10-07","Adjusted_Close":"153.3668","Volume":"31686859"},{"Date":"2022-09-30","Adjusted_Close":"156.3920","Volume":"42076673"},{"Date":"2022-09-23","Adjusted_Close":"159.6087","Volume":"39522861"},{"Date":"2022-09-16","Adjusted_Close":"160.4511","Volume":"50023397"},{"Date":"2022-09-09","Adjusted_Close":"158.6418","Volume":"23272165"},{"Date":"2022-09-02","Adjusted_Close":"155.7984","Volume":"34220478"},{"Date":"2022-08-26","Adjusted_Close":"157.2632","Volume":"28058973"},{"Date":"2022-08-19","Adjusted_Close":"161.0026","Volume":"41372877"},{"Date":"2022-08-12","Adjusted_Close":"157.1894","Volume":"39702395"},{"Date":"2022-08-05","Adjusted_Close":"162.7143","Volume":"27152634"},{"Date":"2022-07-29","Adjusted_Close":"165.9570","Volume":"25575763"},{"Date":"2022-07-22","Adjusted_Close":"163.6747","Volume":"38304143"},{"Date":"2022-07-15","Adjusted_Close":"169.4849","Volume":"24696683"},{"Date":"2022-07-08","Adjusted_Close":"169.5325","Volume":"20567208"},{"Date":"2022-07-01","Adjusted_Close":"170.7117","Volume":"38559563"},{"Date":"2022-06-24","Adjusted_Close":"173.3457","Volume":"38411015"},{"Date":"2022-06-17","Adjusted_Close":"161.1453","Volume":"42453441"},{"Date":"2022-06-10","Adjusted_Close":"164.0836","Volume":"27325708"},{"Date":"2022-06-03","Adjusted_Close":"167.7638","Volume":"34467581"},{"Date":"2022-05-27","Adjusted_Close":"172.2046","Volume":"32771029"},{"Date":"2022-05-20","Adjusted_Close":"167.2431","Volume":"34273237"},{"Date":"2022-05-13","Adjusted_Close":"167.1202","Volume":"36811553"},{"Date":"2022-05-06","Adjusted_Close":"166.6666","Volume":"32424274"},{"Date":"2022-04-29","Adjusted_Close":"170.5316","Volume":"50202639"},{"Date":"2022-04-22","Adjusted_Close":"171.5522","Volume":"43630658"},{"Date":"2022-04-14","Adjusted_Close":"170.0024","Volume":"23720887"},{"Date":"2022-04-08","Adjusted_Close":"172.1003","Volume":"39005548"},{"Date":"2022-04-01","Adjusted_Close":"168.3865","Volume":"35831200"},{"Date":"2022-03-25","Adjusted_Close":"167.1864","Volume":"30299125"},{"Date":"2022-03-18","Adjusted_Close":"165.2208","Volume":"48684269"},{"Date":"2022-03-11","Adjusted_Close":"160.0329","Volume":"41371756"},{"Date":"2022-03-04","Adjusted_Close":"160.1557","Volume":"38541142"},{"Date":"2022-02-25","Adjusted_Close":"156.8672","Volume":"39013772"},{"Date":"2022-02-18","Adjusted_Close":"154.3724","Volume":"36733813"},{"Date":"2022-02-11","Adjusted_Close":"157.4614","Volume":"41230187"},{"Date":"2022-02-04","Adjusted_Close":"161.1418","Volume":"36225205"},{"Date":"2022-01-28","Adjusted_Close":"161.2920","Volume":"56984033"},{"Date":"2022-01-21","Adjusted_Close":"154.7949","Volume":"29812465"},{"Date":"2022-01-14","Adjusted_Close":"157.5834","Volume":"35948336"},{"Date":"2022-01-07","Adjusted_Close":"163.3200","Volume":"34064878"},{"Date":"2021-12-31","Adjusted_Close":"160.6160","Volume":"19183429"},{"Date":"2021-12-23","Adjusted_Close":"157.9684","Volume":"23588592"},{"Date":"2021-12-17","Adjusted_Close":"157.9496","Volume":"55907556"},{"Date":"2021-12-10","Adjusted_Close":"155.3770","Volume":"39366110"},{"Date":"2021-12-03","Adjusted_Close":"149.6404","Volume":"54091870"},{"Date":"2021-11-26","Adjusted_Close":"149.4714","Volume":"29132051"},{"Date":"2021-11-19","Adjusted_Close":"151.9275","Volume":"34493988"},{"Date":"2021-11-12","Adjusted_Close":"153.9048","Volume":"39166933"},{"Date":"2021-11-05","Adjusted_Close":"152.4312","Volume":"35079024"},{"Date":"2021-10-29","Adjusted_Close":"151.9182","Volume":"35478893"},{"Date":"2021-10-22","Adjusted_Close":"152.7016","Volume":"32378526"},{"Date":"2021-10-15","Adjusted_Close":"150.4445","Volume":"29188979"},{"Date":"2021-10-08","Adjusted_Close":"150.0994","Volume":"30715318"},{"Date":"2021-10-01","Adjusted_Close":"149.6704","Volume":"34052794"},{"Date":"2021-09-24","Adjusted_Close":"153.2986","Volume":"28689262"},{"Date":"2021-09-17","Adjusted_Close":"153.6623","Volume":"38555987"},{"Date":"2021-09-10","Adjusted_Close":"155.7329","Volume":"25335496"},{"Date":"2021-09-03","Adjusted_Close":"163.2598","Volume":"24330108"},{"Date":"2021-08-27","Adjusted_Close":"161.2918","Volume":"29974507"},{"Date":"2021-08-20","Adjusted_Close":"166.3708","Volume":"29002934"},{"Date":"2021-08-13","Adjusted_Close":"163.4131","Volume":"22031769"},{"Date":"2021-08-06","Adjusted_Close":"160.5018","Volume":"23419985"},{"Date":"2021-07-30","Adjusted_Close":"159.6581","Volume":"26878261"},{"Date":"2021-07-23","Adjusted_Close":"159.2779","Volume":"36005428"},{"Date":"2021-07-16","Adjusted_Close":"155.8567","Volume":"31186751"},{"Date":"2021-07-09","Adjusted_Close":"157.3865","Volume":"24268711"},{"Date":"2021-07-02","Adjusted_Close":"156.6726","Volume":"30885941"},{"Date":"2021-06-25","Adjusted_Close":"152.2500","Volume":"32226586"},{"Date":"2021-06-18","Adjusted_Close":"150.1824","Volume":"35842243"},{"Date":"2021-06-11","Adjusted_Close":"152.9454","Volume":"32515430"},{"Date":"2021-06-04","Adjusted_Close":"153.8818","Volume":"29574004"},{"Date":"2021-05-28","Adjusted_Close":"156.9229","Volume":"32882643"},{"Date":"2021-05-21","Adjusted_Close":"157.5293","Volume":"28457354"},{"Date":"2021-05-14","Adjusted_Close":"156.8475","Volume":"37150369"},{"Date":"2021-05-07","Adjusted_Close":"155.2626","Volume":"32754511"},{"Date":"2021-04-30","Adjusted_Close":"149.9459","Volume":"35166823"},{"Date":"2021-04-23","Adjusted_Close":"152.5167","Volume":"42003627"},{"Date":"2021-04-16","Adjusted_Close":"149.4944","Volume":"47739433"},{"Date":"2021-04-09","Adjusted_Close":"148.5821","Volume":"30527101"},{"Date":"2021-04-01","Adjusted_Close":"150.0380","Volume":"31282669"},{"Date":"2021-03-26","Adjusted_Close":"151.9730","Volume":"34981539"},{"Date":"2021-03-19","Adjusted_Close":"147.4672","Volume":"37589890"},{"Date":"2021-03-12","Adjusted_Close":"147.0618","Volume":"32423965"},{"Date":"2021-03-05","Adjusted_Close":"143.8367","Volume":"46026700"},{"Date":"2021-02-26","Adjusted_Close":"146.0113","Volume":"47436388"},{"Date":"2021-02-19","Adjusted_Close":"149.2450","Volume":"25582688"},{"Date":"2021-02-12","Adjusted_Close":"152.5416","Volume":"26753563"},{"Date":"2021-02-05","Adjusted_Close":"150.5911","Volume":"45930529"},{"Date":"2021-01-29","Adjusted_Close":"149.3824","Volume":"69787677"},{"Date":"2021-01-22","Adjusted_Close":"149.7670","Volume":"30857193"},{"Date":"2021-01-15","Adjusted_Close":"146.7909","Volume":"38249057"},{"Date":"2021-01-08","Adjusted_Close":"146.5528","Volume":"45574340"},{"Date":"2020-12-31","Adjusted_Close":"144.1169","Volume":"19544047"},{"Date":"2020-12-24","Adjusted_Close":"139.6207","Volume":"19318720"},{"Date":"2020-12-18","Adjusted_Close":"141.4888","Volume":"51705652"},{"Date":"2020-12-11","Adjusted_Close":"140.0603","Volume":"36780842"},{"Date":"2020-12-04","Adjusted_Close":"137.6061","Volume":"47162070"},{"Date":"2020-11-27","Adjusted_Close":"131.8645","Volume":"28997639"},{"Date":"2020-11-20","Adjusted_Close":"133.0913","Volume":"34568986"},{"Date":"2020-11-13","Adjusted_Close":"136.3104","Volume":"36729227"},{"Date":"2020-11-06","Adjusted_Close":"129.3539","Volume":"37673220"},{"Date":"2020-10-30","Adjusted_Close":"124.6799","Volume":"34815762"},{"Date":"2020-10-23","Adjusted_Close":"132.0728","Volume":"27233268"},{"Date":"2020-10-16","Adjusted_Close":"134.6736","Volume":"38115206"},{"Date":"2020-10-09","Adjusted_Close":"137.2834","Volume":"25181740"},{"Date":"2020-10-02","Adjusted_Close":"132.9822","Volume":"33045306"},{"Date":"2020-09-25","Adjusted_Close":"132.4548","Volume":"32800907"},{"Date":"2020-09-18","Adjusted_Close":"135.6557","Volume":"29993979"},{"Date":"2020-09-11","Adjusted_Close":"134.3826","Volume":"25844001"},{"Date":"2020-09-04","Adjusted_Close":"135.1191","Volume":"35426649"},{"Date":"2020-08-28","Adjusted_Close":"139.7113","Volume":"28230822"},{"Date":"2020-08-21","Adjusted_Close":"137.9951","Volume":"27898287"},{"Date":"2020-08-14","Adjusted_Close":"133.9119","Volume":"25138782"},{"Date":"2020-08-07","Adjusted_Close":"134.2371","Volume":"22208041"},{"Date":"2020-07-31","Adjusted_Close":"131.6716","Volume":"29186964"},{"Date":"2020-07-24","Adjusted_Close":"133.8035","Volume":"29647444"},{"Date":"2020-07-17","Adjusted_Close":"134.9147","Volume":"39584655"},{"Date":"2020-07-10","Adjusted_Close":"128.6093","Volume":"28047041"},{"Date":"2020-07-02","Adjusted_Close":"127.3446","Volume":"24390175"},{"Date":"2020-06-26","Adjusted_Close":"124.4900","Volume":"39678683"},{"Date":"2020-06-19","Adjusted_Close":"129.9282","Volume":"38194672"},{"Date":"2020-06-12","Adjusted_Close":"128.4106","Volume":"46488627"},{"Date":"2020-06-05","Adjusted_Close":"133.0628","Volume":"36446924"},{"Date":"2020-05-29","Adjusted_Close":"134.3726","Volume":"29712669"},{"Date":"2020-05-22","Adjusted_Close":"130.4160","Volume":"31878835"},{"Date":"2020-05-15","Adjusted_Close":"134.9552","Volume":"37092948"},{"Date":"2020-05-08","Adjusted_Close":"133.3943","Volume":"30229206"},{"Date":"2020-05-01","Adjusted_Close":"133.0265","Volume":"48888300"},{"Date":"2020-04-24","Adjusted_Close":"138.9202","Volume":"53013551"},{"Date":"2020-04-17","Adjusted_Close":"136.3725","Volume":"56977544"},{"Date":"2020-04-09","Adjusted_Close":"126.6932","Volume":"48425413"},{"Date":"2020-04-03","Adjusted_Close":"120.3598","Volume":"71633233"},{"Date":"2020-03-27","Adjusted_Close":"110.4831","Volume":"79575060"},{"Date":"2020-03-20","Adjusted_Close":"107.5497","Volume":"93511731"},{"Date":"2020-03-13","Adjusted_Close":"120.4675","Volume":"85369777"},{"Date":"2020-03-06","Adjusted_Close":"127.4108","Volume":"59302386"},{"Date":"2020-02-28","Adjusted_Close":"120.6379","Volume":"63595944"},{"Date":"2020-02-21","Adjusted_Close":"133.6276","Volume":"28585424"},{"Date":"2020-02-14","Adjusted_Close":"133.8059","Volume":"24914180"},{"Date":"2020-02-07","Adjusted_Close":"135.3745","Volume":"30187147"},{"Date":"2020-01-31","Adjusted_Close":"132.6829","Volume":"36332756"},{"Date":"2020-01-24","Adjusted_Close":"132.1927","Volume":"37557920"},{"Date":"2020-01-17","Adjusted_Close":"132.9503","Volume":"32150554"},{"Date":"2020-01-10","Adjusted_Close":"129.2872","Volume":"32877116"},{"Date":"2020-01-03","Adjusted_Close":"128.5920","Volume":"18887694"},{"Date":"2019-12-27","Adjusted_Close":"129.9021","Volume":"17249651"},{"Date":"2019-12-20","Adjusted_Close":"130.1784","Volume":"47111186"},{"Date":"2019-12-13","Adjusted_Close":"126.0073","Volume":"25318652"},{"Date":"2019-12-06","Adjusted_Close":"125.1160","Volume":"30501790"},{"Date":"2019-11-29","Adjusted_Close":"122.5403","Volume":"25557633"},{"Date":"2019-11-22","Adjusted_Close":"122.2109","Volume":"37737146"},{"Date":"2019-11-15","Adjusted_Close":"119.4404","Volume":"30230627"},{"Date":"2019-11-08","Adjusted_Close":"117.7232","Volume":"28717209"},{"Date":"2019-11-01","Adjusted_Close":"116.1300","Volume":"35177517"},{"Date":"2019-10-25","Adjusted_Close":"113.6073","Volume":"47544304"},{"Date":"2019-10-18","Adjusted_Close":"113.0320","Volume":"62836660"},{"Date":"2019-10-11","Adjusted_Close":"116.2450","Volume":"33644873"},{"Date":"2019-10-04","Adjusted_Close":"118.3074","Volume":"41206916"},{"Date":"2019-09-27","Adjusted_Close":"113.8286","Volume":"30823890"},{"Date":"2019-09-20","Adjusted_Close":"116.5283","Volume":"31656629"},{"Date":"2019-09-13","Adjusted_Close":"115.7582","Volume":"32744061"},{"Date":"2019-09-06","Adjusted_Close":"113.4834","Volume":"22029815"},{"Date":"2019-08-30","Adjusted_Close":"113.6162","Volume":"53102687"},{"Date":"2019-08-23","Adjusted_Close":"112.2243","Volume":"42102349"},{"Date":"2019-08-16","Adjusted_Close":"115.4137","Volume":"31515946"},{"Date":"2019-08-09","Adjusted_Close":"116.0111","Volume":"34070186"},{"Date":"2019-08-02","Adjusted_Close":"115.1589","Volume":"36346486"},{"Date":"2019-07-26","Adjusted_Close":"114.8602","Volume":"39060374"},{"Date":"2019-07-19","Adjusted_Close":"114.4911","Volume":"43658833"},{"Date":"2019-07-12","Adjusted_Close":"117.9968","Volume":"36767721"},{"Date":"2019-07-05","Adjusted_Close":"123.5056","Volume":"18465045"},{"Date":"2019-06-28","Adjusted_Close":"122.3722","Volume":"39111889"},{"Date":"2019-06-21","Adjusted_Close":"124.8411","Volume":"37687167"},{"Date":"2019-06-14","Adjusted_Close":"123.0839","Volume":"36490926"},{"Date":"2019-06-07","Adjusted_Close":"121.7309","Volume":"37594218"},{"Date":"2019-05-31","Adjusted_Close":"115.2292","Volume":"50338987"},{"Date":"2019-05-24","Adjusted_Close":"121.9944","Volume":"27512310"},{"Date":"2019-05-17","Adjusted_Close":"120.9560","Volume":"32941677"},{"Date":"2019-05-10","Adjusted_Close":"121.3400","Volume":"27468628"},{"Date":"2019-05-03","Adjusted_Close":"123.9230","Volume":"31052412"},{"Date":"2019-04-26","Adjusted_Close":"122.5093","Volume":"25965028"},{"Date":"2019-04-18","Adjusted_Close":"120.0048","Volume":"36155647"},{"Date":"2019-04-12","Adjusted_Close":"118.6610","Volume":"23976562"},{"Date":"2019-04-05","Adjusted_Close":"118.8355","Volume":"27954723"},{"Date":"2019-03-29","Adjusted_Close":"121.9857","Volume":"27794590"},{"Date":"2019-03-22","Adjusted_Close":"119.4725","Volume":"31021896"},{"Date":"2019-03-15","Adjusted_Close":"120.0746","Volume":"38567077"},{"Date":"2019-03-08","Adjusted_Close":"120.4760","Volume":"34331093"},{"Date":"2019-03-01","Adjusted_Close":"120.7291","Volume":"32106271"},{"Date":"2019-02-22","Adjusted_Close":"118.4195","Volume":"23915039"},{"Date":"2019-02-15","Adjusted_Close":"118.2288","Volume":"29702610"},{"Date":"2019-02-08","Adjusted_Close":"114.7785","Volume":"29797268"},{"Date":"2019-02-01","Adjusted_Close":"116.3389","Volume":"47769617"},{"Date":"2019-01-25","Adjusted_Close":"111.1635","Volume":"37339141"},{"Date":"2019-01-18","Adjusted_Close":"113.2961","Volume":"37057944"},{"Date":"2019-01-11","Adjusted_Close":"112.4812","Volume":"36684833"},{"Date":"2019-01-04","Adjusted_Close":"110.8167","Volume":"32528212"},{"Date":"2018-12-28","Adjusted_Close":"110.3313","Volume":"33241216"},{"Date":"2018-12-21","Adjusted_Close":"111.0421","Volume":"119147843"},{"Date":"2018-12-14","Adjusted_Close":"115.2986","Volume":"89723498"},{"Date":"2018-12-07","Adjusted_Close":"126.0743","Volume":"39646718"},{"Date":"2018-11-30","Adjusted_Close":"127.3486","Volume":"41382032"},{"Date":"2018-11-23","Adjusted_Close":"122.5202","Volume":"31333285"},{"Date":"2018-11-16","Adjusted_Close":"125.7591","Volume":"36031422"},{"Date":"2018-11-09","Adjusted_Close":"125.1992","Volume":"29414239"},{"Date":"2018-11-02","Adjusted_Close":"121.1850","Volume":"40984978"},{"Date":"2018-10-26","Adjusted_Close":"117.9891","Volume":"42518348"},{"Date":"2018-10-19","Adjusted_Close":"119.7809","Volume":"37761518"},{"Date":"2018-10-12","Adjusted_Close":"115.3187","Volume":"35516284"},{"Date":"2018-10-05","Adjusted_Close":"119.8239","Volume":"25772140"},{"Date":"2018-09-28","Adjusted_Close":"119.0228","Volume":"34913231"},{"Date":"2018-09-21","Adjusted_Close":"123.0801","Volume":"33229372"},{"Date":"2018-09-14","Adjusted_Close":"120.1599","Volume":"30507457"},{"Date":"2018-09-07","Adjusted_Close":"118.2906","Volume":"23519042"},{"Date":"2018-08-31","Adjusted_Close":"116.0251","Volume":"25973724"},{"Date":"2018-08-24","Adjusted_Close":"116.3344","Volume":"28323132"},{"Date":"2018-08-17","Adjusted_Close":"115.0680","Volume":"28260845"},{"Date":"2018-08-10","Adjusted_Close":"111.8847","Volume":"22608947"},{"Date":"2018-08-03","Adjusted_Close":"112.9116","Volume":"37445114"},{"Date":"2018-07-27","Adjusted_Close":"112.5693","Volume":"32705156"},{"Date":"2018-07-20","Adjusted_Close":"107.6917","Volume":"39172612"},{"Date":"2018-07-13","Adjusted_Close":"107.7602","Volume":"31060253"},{"Date":"2018-07-06","Adjusted_Close":"107.6061","Volume":"24360726"},{"Date":"2018-06-29","Adjusted_Close":"103.8324","Volume":"32358351"},{"Date":"2018-06-22","Adjusted_Close":"105.1160","Volume":"36359463"},{"Date":"2018-06-15","Adjusted_Close":"104.9192","Volume":"35048301"},{"Date":"2018-06-08","Adjusted_Close":"106.1600","Volume":"30399836"},{"Date":"2018-06-01","Adjusted_Close":"103.7640","Volume":"32324146"},{"Date":"2018-05-25","Adjusted_Close":"103.9437","Volume":"29190552"},{"Date":"2018-05-18","Adjusted_Close":"105.5321","Volume":"27702733"},{"Date":"2018-05-11","Adjusted_Close":"108.0804","Volume":"30132957"},{"Date":"2018-05-04","Adjusted_Close":"105.4896","Volume":"34143280"},{"Date":"2018-04-27","Adjusted_Close":"108.9553","Volume":"32399319"},{"Date":"2018-04-20","Adjusted_Close":"107.5877","Volume":"40475302"},{"Date":"2018-04-13","Adjusted_Close":"110.9514","Volume":"26342845"},{"Date":"2018-04-06","Adjusted_Close":"108.8109","Volume":"36689911"},{"Date":"2018-03-29","Adjusted_Close":"108.8533","Volume":"28933843"},{"Date":"2018-03-23","Adjusted_Close":"106.2626","Volume":"32632614"},{"Date":"2018-03-16","Adjusted_Close":"113.5506","Volume":"39039965"},{"Date":"2018-03-09","Adjusted_Close":"113.6526","Volume":"30930819"},{"Date":"2018-03-02","Adjusted_Close":"109.4224","Volume":"37953894"},{"Date":"2018-02-23","Adjusted_Close":"111.4319","Volume":"23476733"},{"Date":"2018-02-16","Adjusted_Close":"112.3856","Volume":"35950168"},{"Date":"2018-02-09","Adjusted_Close":"109.3302","Volume":"75550038"},{"Date":"2018-02-02","Adjusted_Close":"116.2092","Volume":"47536666"},{"Date":"2018-01-26","Adjusted_Close":"122.6662","Volume":"50298308"},{"Date":"2018-01-19","Adjusted_Close":"124.3796","Volume":"32400339"},{"Date":"2018-01-12","Adjusted_Close":"123.0291","Volume":"30765175"},{"Date":"2018-01-05","Adjusted_Close":"119.6107","Volume":"22755730"},{"Date":"2017-12-29","Adjusted_Close":"117.9311","Volume":"13571838"},{"Date":"2017-12-22","Adjusted_Close":"118.2687","Volume":"28365208"},{"Date":"2017-12-15","Adjusted_Close":"120.2438","Volume":"35438586"},{"Date":"2017-12-08","Adjusted_Close":"118.6654","Volume":"26638925"},{"Date":"2017-12-01","Adjusted_Close":"118.1505","Volume":"29703858"},{"Date":"2017-11-24","Adjusted_Close":"115.7835","Volume":"16440756"},{"Date":"2017-11-17","Adjusted_Close":"115.7751","Volume":"20402576"},{"Date":"2017-11-10","Adjusted_Close":"117.0838","Volume":"20473365"},{"Date":"2017-11-03","Adjusted_Close":"117.5201","Volume":"21984333"},{"Date":"2017-10-27","Adjusted_Close":"118.9463","Volume":"28237921"},{"Date":"2017-10-20","Adjusted_Close":"119.4665","Volume":"37715184"},{"Date":"2017-10-13","Adjusted_Close":"114.4579","Volume":"25098424"},{"Date":"2017-10-06","Adjusted_Close":"111.7649","Volume":"17551171"},{"Date":"2017-09-29","Adjusted_Close":"109.0719","Volume":"24960943"},{"Date":"2017-09-22","Adjusted_Close":"110.2296","Volume":"27373375"},{"Date":"2017-09-15","Adjusted_Close":"112.7968","Volume":"37222469"},{"Date":"2017-09-08","Adjusted_Close":"109.8857","Volume":"19175419"},{"Date":"2017-09-01","Adjusted_Close":"109.9276","Volume":"25125273"},{"Date":"2017-08-25","Adjusted_Close":"110.4729","Volume":"22076536"},{"Date":"2017-08-18","Adjusted_Close":"110.5646","Volume":"21348237"},{"Date":"2017-08-11","Adjusted_Close":"110.9564","Volume":"23668848"},{"Date":"2017-08-04","Adjusted_Close":"111.0231","Volume":"20701543"},{"Date":"2017-07-28","Adjusted_Close":"109.9144","Volume":"29989419"},{"Date":"2017-07-21","Adjusted_Close":"112.7988","Volume":"32700513"},{"Date":"2017-07-14","Adjusted_Close":"110.5396","Volume":"21418194"},{"Date":"2017-07-07","Adjusted_Close":"110.4896","Volume":"15996278"},{"Date":"2017-06-30","Adjusted_Close":"110.2812","Volume":"28945943"},{"Date":"2017-06-23","Adjusted_Close":"113.7324","Volume":"33505596"},{"Date":"2017-06-16","Adjusted_Close":"111.9985","Volume":"38517485"},{"Date":"2017-06-09","Adjusted_Close":"109.6476","Volume":"30048195"},{"Date":"2017-06-02","Adjusted_Close":"108.4389","Volume":"24673982"},{"Date":"2017-05-26","Adjusted_Close":"105.8046","Volume":"21905974"},{"Date":"2017-05-19","Adjusted_Close":"105.1785","Volume":"36969731"},{"Date":"2017-05-12","Adjusted_Close":"102.3958","Volume":"19590252"},{"Date":"2017-05-05","Adjusted_Close":"102.2882","Volume":"20613792"},{"Date":"2017-04-28","Adjusted_Close":"102.2550","Volume":"24277680"},{"Date":"2017-04-21","Adjusted_Close":"100.8388","Volume":"24847277"},{"Date":"2017-04-13","Adjusted_Close":"103.5139","Volume":"19708917"},{"Date":"2017-04-07","Adjusted_Close":"103.4559","Volume":"23900648"},{"Date":"2017-03-31","Adjusted_Close":"103.1495","Volume":"24632862"},{"Date":"2017-03-24","Adjusted_Close":"103.9197","Volume":"38677176"},{"Date":"2017-03-17","Adjusted_Close":"106.0564","Volume":"44114296"},{"Date":"2017-03-10","Adjusted_Close":"104.5242","Volume":"37190911"},{"Date":"2017-03-03","Adjusted_Close":"102.5200","Volume":"36768877"},{"Date":"2017-02-24","Adjusted_Close":"101.6422","Volume":"34514606"},{"Date":"2017-02-17","Adjusted_Close":"97.7996","Volume":"33039939"},{"Date":"2017-02-10","Adjusted_Close":"94.8210","Volume":"29251061"},{"Date":"2017-02-03","Adjusted_Close":"93.5045","Volume":"37858732"},{"Date":"2017-01-27","Adjusted_Close":"93.2906","Volume":"48873696"},{"Date":"2017-01-20","Adjusted_Close":"93.9242","Volume":"24313273"},{"Date":"2017-01-13","Adjusted_Close":"94.2944","Volume":"31219756"},{"Date":"2017-01-06","Adjusted_Close":"95.6932","Volume":"23220544"},{"Date":"2016-12-30","Adjusted_Close":"94.7964","Volume":"15011590"},{"Date":"2016-12-23","Adjusted_Close":"95.4135","Volume":"25529158"},{"Date":"2016-12-16","Adjusted_Close":"95.3477","Volume":"44003397"},{"Date":"2016-12-09","Adjusted_Close":"92.3691","Volume":"39189944"},{"Date":"2016-12-02","Adjusted_Close":"92.1222","Volume":"42350945"},{"Date":"2016-11-25","Adjusted_Close":"93.9077","Volume":"29393103"},{"Date":"2016-11-18","Adjusted_Close":"94.9198","Volume":"37543955"},{"Date":"2016-11-11","Adjusted_Close":"96.8074","Volume":"49332380"},{"Date":"2016-11-04","Adjusted_Close":"94.0618","Volume":"36123321"},{"Date":"2016-10-28","Adjusted_Close":"94.2416","Volume":"34527563"},{"Date":"2016-10-21","Adjusted_Close":"92.6971","Volume":"42350007"},{"Date":"2016-10-14","Adjusted_Close":"96.0638","Volume":"27764539"},{"Date":"2016-10-07","Adjusted_Close":"97.4366","Volume":"26858255"},{"Date":"2016-09-30","Adjusted_Close":"96.5296","Volume":"30555026"},{"Date":"2016-09-23","Adjusted_Close":"97.0852","Volume":"27096007"},{"Date":"2016-09-16","Adjusted_Close":"96.6276","Volume":"39546237"},{"Date":"2016-09-09","Adjusted_Close":"96.6113","Volume":"22824459"},{"Date":"2016-09-02","Adjusted_Close":"97.5020","Volume":"24945214"},{"Date":"2016-08-26","Adjusted_Close":"97.2732","Volume":"30500604"},{"Date":"2016-08-19","Adjusted_Close":"97.9923","Volume":"44727273"},{"Date":"2016-08-12","Adjusted_Close":"100.0216","Volume":"21793756"},{"Date":"2016-08-05","Adjusted_Close":"100.8496","Volume":"26958566"},{"Date":"2016-07-29","Adjusted_Close":"101.6532","Volume":"26624014"},{"Date":"2016-07-22","Adjusted_Close":"101.4908","Volume":"36657500"},{"Date":"2016-07-15","Adjusted_Close":"99.8430","Volume":"23414591"},{"Date":"2016-07-08","Adjusted_Close":"99.7212","Volume":"30855012"},{"Date":"2016-07-01","Adjusted_Close":"98.4549","Volume":"47922208"},{"Date":"2016-06-24","Adjusted_Close":"93.8605","Volume":"37627689"},{"Date":"2016-06-17","Adjusted_Close":"93.7388","Volume":"38054781"},{"Date":"2016-06-10","Adjusted_Close":"94.9807","Volume":"32073436"},{"Date":"2016-06-03","Adjusted_Close":"93.1543","Volume":"29046001"},{"Date":"2016-05-27","Adjusted_Close":"91.7744","Volume":"26662547"},{"Date":"2016-05-20","Adjusted_Close":"91.4335","Volume":"39391993"},{"Date":"2016-05-13","Adjusted_Close":"91.5302","Volume":"35485197"},{"Date":"2016-05-06","Adjusted_Close":"90.8693","Volume":"29448273"},{"Date":"2016-04-29","Adjusted_Close":"90.3373","Volume":"32165509"},{"Date":"2016-04-22","Adjusted_Close":"91.3367","Volume":"41897594"},{"Date":"2016-04-15","Adjusted_Close":"88.8059","Volume":"35504406"},{"Date":"2016-04-08","Adjusted_Close":"87.9354","Volume":"39560741"},{"Date":"2016-04-01","Adjusted_Close":"88.0079","Volume":"33809805"},{"Date":"2016-03-24","Adjusted_Close":"87.2986","Volume":"29971551"},{"Date":"2016-03-18","Adjusted_Close":"86.6458","Volume":"46113750"},{"Date":"2016-03-11","Adjusted_Close":"86.8150","Volume":"40352708"},{"Date":"2016-03-04","Adjusted_Close":"85.8398","Volume":"41811493"},{"Date":"2016-02-26","Adjusted_Close":"85.2595","Volume":"39790181"},{"Date":"2016-02-19","Adjusted_Close":"83.9537","Volume":"39441567"},{"Date":"2016-02-12","Adjusted_Close":"81.4810","Volume":"55701284"},{"Date":"2016-02-05","Adjusted_Close":"80.4566","Volume":"56498519"},{"Date":"2016-01-29","Adjusted_Close":"83.5776","Volume":"74346630"},{"Date":"2016-01-22","Adjusted_Close":"77.4237","Volume":"44787726"},{"Date":"2016-01-15","Adjusted_Close":"77.6238","Volume":"46007853"},{"Date":"2016-01-08","Adjusted_Close":"78.5521","Volume":"46121801"},{"Date":"2015-12-31","Adjusted_Close":"82.2012","Volume":"16733251"},{"Date":"2015-12-24","Adjusted_Close":"83.0014","Volume":"21981418"},{"Date":"2015-12-18","Adjusted_Close":"81.5850","Volume":"51748868"},{"Date":"2015-12-11","Adjusted_Close":"81.3689","Volume":"37488596"},{"Date":"2015-12-04","Adjusted_Close":"82.3852","Volume":"42996085"},{"Date":"2015-11-27","Adjusted_Close":"81.9211","Volume":"21978008"},{"Date":"2015-11-20","Adjusted_Close":"82.0091","Volume":"30858535"},{"Date":"2015-11-13","Adjusted_Close":"79.3478","Volume":"33460861"},{"Date":"2015-11-06","Adjusted_Close":"80.9684","Volume":"30885695"},{"Date":"2015-10-30","Adjusted_Close":"80.2614","Volume":"40562016"},{"Date":"2015-10-23","Adjusted_Close":"79.6894","Volume":"40927232"},{"Date":"2015-10-16","Adjusted_Close":"78.0449","Volume":"49658795"},{"Date":"2015-10-09","Adjusted_Close":"75.7649","Volume":"42600869"},{"Date":"2015-10-02","Adjusted_Close":"74.6209","Volume":"54488249"},{"Date":"2015-09-25","Adjusted_Close":"72.2932","Volume":"41481799"},{"Date":"2015-09-18","Adjusted_Close":"74.1919","Volume":"43078978"},{"Date":"2015-09-11","Adjusted_Close":"73.8265","Volume":"34518349"},{"Date":"2015-09-04","Adjusted_Close":"72.5395","Volume":"55216993"},{"Date":"2015-08-28","Adjusted_Close":"75.6060","Volume":"76349132"},{"Date":"2015-08-21","Adjusted_Close":"75.9158","Volume":"48923320"},{"Date":"2015-08-14","Adjusted_Close":"77.8864","Volume":"30648805"},{"Date":"2015-08-07","Adjusted_Close":"77.9180","Volume":"29746583"},{"Date":"2015-07-31","Adjusted_Close":"78.9900","Volume":"36079117"},{"Date":"2015-07-24","Adjusted_Close":"78.1545","Volume":"29165534"},{"Date":"2015-07-17","Adjusted_Close":"78.8875","Volume":"38694803"},{"Date":"2015-07-10","Adjusted_Close":"78.4540","Volume":"35071178"},{"Date":"2015-07-02","Adjusted_Close":"77.5948","Volume":"32937323"},{"Date":"2015-06-26","Adjusted_Close":"78.5407","Volume":"33971630"},{"Date":"2015-06-19","Adjusted_Close":"78.7141","Volume":"39501135"},{"Date":"2015-06-12","Adjusted_Close":"77.5239","Volume":"39816472"},{"Date":"2015-06-05","Adjusted_Close":"77.7130","Volume":"36600512"},{"Date":"2015-05-29","Adjusted_Close":"78.9348","Volume":"32864796"},{"Date":"2015-05-22","Adjusted_Close":"79.8886","Volume":"38440284"},{"Date":"2015-05-15","Adjusted_Close":"80.0512","Volume":"29906124"},{"Date":"2015-05-08","Adjusted_Close":"79.4017","Volume":"36292901"},{"Date":"2015-05-01","Adjusted_Close":"78.3532","Volume":"41940128"},{"Date":"2015-04-24","Adjusted_Close":"79.0966","Volume":"31874768"},{"Date":"2015-04-17","Adjusted_Close":"77.9228","Volume":"46717231"},{"Date":"2015-04-10","Adjusted_Close":"79.8634","Volume":"39800206"},{"Date":"2015-04-02","Adjusted_Close":"77.9697","Volume":"31553621"},{"Date":"2015-03-27","Adjusted_Close":"78.5175","Volume":"41659075"},{"Date":"2015-03-20","Adjusted_Close":"80.1295","Volume":"42297021"},{"Date":"2015-03-13","Adjusted_Close":"77.6333","Volume":"39707839"},{"Date":"2015-03-06","Adjusted_Close":"78.3375","Volume":"39677557"},{"Date":"2015-02-27","Adjusted_Close":"80.2156","Volume":"43087853"},{"Date":"2015-02-20","Adjusted_Close":"78.4549","Volume":"36617748"},{"Date":"2015-02-13","Adjusted_Close":"77.4136","Volume":"67292170"},{"Date":"2015-02-06","Adjusted_Close":"78.5637","Volume":"44366090"},{"Date":"2015-01-30","Adjusted_Close":"77.8177","Volume":"46421661"},{"Date":"2015-01-23","Adjusted_Close":"79.4185","Volume":"51331424"},{"Date":"2015-01-16","Adjusted_Close":"80.8483","Volume":"50826996"},{"Date":"2015-01-09","Adjusted_Close":"81.5477","Volume":"40690513"},{"Date":"2015-01-02","Adjusted_Close":"81.2213","Volume":"20604038"},{"Date":"2014-12-26","Adjusted_Close":"81.6410","Volume":"24676700"},{"Date":"2014-12-19","Adjusted_Close":"82.0217","Volume":"63441479"},{"Date":"2014-12-12","Adjusted_Close":"81.1514","Volume":"38571541"},{"Date":"2014-12-05","Adjusted_Close":"84.3219","Volume":"34043892"},{"Date":"2014-11-28","Adjusted_Close":"84.1199","Volume":"27850662"},{"Date":"2014-11-21","Adjusted_Close":"83.8168","Volume":"32363935"},{"Date":"2014-11-14","Adjusted_Close":"83.5080","Volume":"29208795"},{"Date":"2014-11-07","Adjusted_Close":"83.5389","Volume":"36251368"},{"Date":"2014-10-31","Adjusted_Close":"83.2146","Volume":"45451998"},{"Date":"2014-10-24","Adjusted_Close":"79.6244","Volume":"38186659"},{"Date":"2014-10-17","Adjusted_Close":"76.2041","Volume":"79912213"},{"Date":"2014-10-10","Adjusted_Close":"78.1575","Volume":"42423190"},{"Date":"2014-10-03","Adjusted_Close":"81.1686","Volume":"40092518"},{"Date":"2014-09-26","Adjusted_Close":"82.6896","Volume":"29857858"},{"Date":"2014-09-19","Adjusted_Close":"83.3767","Volume":"36896800"},{"Date":"2014-09-12","Adjusted_Close":"80.7439","Volume":"29065200"},{"Date":"2014-09-05","Adjusted_Close":"80.6204","Volume":"21262700"},{"Date":"2014-08-29","Adjusted_Close":"80.0877","Volume":"20746700"},{"Date":"2014-08-22","Adjusted_Close":"79.6013","Volume":"30266400"},{"Date":"2014-08-15","Adjusted_Close":"77.5844","Volume":"27069800"},{"Date":"2014-08-08","Adjusted_Close":"77.5154","Volume":"33470000"},{"Date":"2014-08-01","Adjusted_Close":"76.6105","Volume":"34435700"},{"Date":"2014-07-25","Adjusted_Close":"78.3052","Volume":"26878000"},{"Date":"2014-07-18","Adjusted_Close":"78.0675","Volume":"53578600"},{"Date":"2014-07-11","Adjusted_Close":"80.5982","Volume":"29420300"},{"Date":"2014-07-03","Adjusted_Close":"80.8436","Volume":"20037400"},{"Date":"2014-06-27","Adjusted_Close":"80.5138","Volume":"29959200"},{"Date":"2014-06-20","Adjusted_Close":"80.7286","Volume":"33866300"},{"Date":"2014-06-13","Adjusted_Close":"78.6273","Volume":"25733700"},{"Date":"2014-06-06","Adjusted_Close":"79.1258","Volume":"27490200"},{"Date":"2014-05-30","Adjusted_Close":"77.8068","Volume":"18536200"},{"Date":"2014-05-23","Adjusted_Close":"77.4387","Volume":"28138700"},{"Date":"2014-05-16","Adjusted_Close":"76.6008","Volume":"31332200"},{"Date":"2014-05-09","Adjusted_Close":"76.8522","Volume":"31314500"},{"Date":"2014-05-02","Adjusted_Close":"75.6336","Volume":"40452400"},{"Date":"2014-04-25","Adjusted_Close":"75.9992","Volume":"32891100"},{"Date":"2014-04-17","Adjusted_Close":"75.3670","Volume":"43077800"},{"Date":"2014-04-11","Adjusted_Close":"73.7753","Volume":"48310800"},{"Date":"2014-04-04","Adjusted_Close":"74.9558","Volume":"38390700"},{"Date":"2014-03-28","Adjusted_Close":"74.2094","Volume":"56837100"},{"Date":"2014-03-21","Adjusted_Close":"73.0594","Volume":"47418300"},{"Date":"2014-03-14","Adjusted_Close":"70.6833","Volume":"31867500"},{"Date":"2014-03-07","Adjusted_Close":"71.0717","Volume":"37655800"},{"Date":"2014-02-28","Adjusted_Close":"70.1578","Volume":"37808200"},{"Date":"2014-02-21","Adjusted_Close":"69.7008","Volume":"18341874"},{"Date":"2014-02-14","Adjusted_Close":"70.1394","Volume":"38743700"},{"Date":"2014-02-07","Adjusted_Close":"68.0827","Volume":"55521300"},{"Date":"2014-01-31","Adjusted_Close":"66.8955","Volume":"47168400"},{"Date":"2014-01-24","Adjusted_Close":"68.5137","Volume":"45170400"},{"Date":"2014-01-17","Adjusted_Close":"71.8785","Volume":"46662700"},{"Date":"2014-01-10","Adjusted_Close":"71.6365","Volume":"42245600"},{"Date":"2014-01-03","Adjusted_Close":"69.4513","Volume":"22275500"},{"Date":"2013-12-27","Adjusted_Close":"69.8294","Volume":"15429900"},{"Date":"2013-12-20","Adjusted_Close":"69.6328","Volume":"43714100"},{"Date":"2013-12-13","Adjusted_Close":"69.0732","Volume":"44170100"},{"Date":"2013-12-06","Adjusted_Close":"71.4097","Volume":"37053600"},{"Date":"2013-11-29","Adjusted_Close":"71.5760","Volume":"22352800"},{"Date":"2013-11-22","Adjusted_Close":"72.0222","Volume":"35551000"},{"Date":"2013-11-15","Adjusted_Close":"70.8807","Volume":"35425700"},{"Date":"2013-11-08","Adjusted_Close":"70.6254","Volume":"30860800"},{"Date":"2013-11-01","Adjusted_Close":"70.1148","Volume":"33552900"},{"Date":"2013-10-25","Adjusted_Close":"69.1536","Volume":"34352600"},{"Date":"2013-10-18","Adjusted_Close":"68.8082","Volume":"45990800"},{"Date":"2013-10-11","Adjusted_Close":"67.1711","Volume":"39486900"},{"Date":"2013-10-04","Adjusted_Close":"65.5641","Volume":"34439000"},{"Date":"2013-09-27","Adjusted_Close":"65.1286","Volume":"34528600"},{"Date":"2013-09-20","Adjusted_Close":"67.3438","Volume":"45399900"},{"Date":"2013-09-13","Adjusted_Close":"66.5103","Volume":"39253600"},{"Date":"2013-09-06","Adjusted_Close":"65.4515","Volume":"31732100"},{"Date":"2013-08-30","Adjusted_Close":"64.8883","Volume":"38735000"},{"Date":"2013-08-23","Adjusted_Close":"66.3901","Volume":"40093700"},{"Date":"2013-08-16","Adjusted_Close":"66.6138","Volume":"59940300"},{"Date":"2013-08-09","Adjusted_Close":"68.8424","Volume":"45890100"},{"Date":"2013-08-02","Adjusted_Close":"70.3555","Volume":"47755400"},{"Date":"2013-07-26","Adjusted_Close":"69.1927","Volume":"41261900"},{"Date":"2013-07-19","Adjusted_Close":"68.7455","Volume":"58420200"},{"Date":"2013-07-12","Adjusted_Close":"67.0759","Volume":"44999000"},{"Date":"2013-07-05","Adjusted_Close":"65.4957","Volume":"27480800"},{"Date":"2013-06-28","Adjusted_Close":"63.9975","Volume":"58770000"},{"Date":"2013-06-21","Adjusted_Close":"62.0148","Volume":"59839500"},{"Date":"2013-06-14","Adjusted_Close":"63.2894","Volume":"40784400"},{"Date":"2013-06-07","Adjusted_Close":"63.2894","Volume":"51158300"},{"Date":"2013-05-31","Adjusted_Close":"62.7453","Volume":"41356200"},{"Date":"2013-05-24","Adjusted_Close":"64.7131","Volume":"55998300"},{"Date":"2013-05-17","Adjusted_Close":"65.1665","Volume":"51316200"},{"Date":"2013-05-10","Adjusted_Close":"63.4428","Volume":"41858800"},{"Date":"2013-05-03","Adjusted_Close":"63.4354","Volume":"50332400"},{"Date":"2013-04-26","Adjusted_Close":"62.9694","Volume":"40926700"},{"Date":"2013-04-19","Adjusted_Close":"62.5033","Volume":"59408200"},{"Date":"2013-04-12","Adjusted_Close":"61.2087","Volume":"49392400"},{"Date":"2013-04-05","Adjusted_Close":"60.6909","Volume":"48857400"},{"Date":"2013-03-28","Adjusted_Close":"60.3136","Volume":"44335000"},{"Date":"2013-03-22","Adjusted_Close":"58.9894","Volume":"38411400"},{"Date":"2013-03-15","Adjusted_Close":"58.5825","Volume":"54008400"},{"Date":"2013-03-08","Adjusted_Close":"57.8428","Volume":"47113200"},{"Date":"2013-03-01","Adjusted_Close":"56.7405","Volume":"50860300"},{"Date":"2013-02-22","Adjusted_Close":"56.4076","Volume":"35642100"},{"Date":"2013-02-15","Adjusted_Close":"55.8939","Volume":"41521000"},{"Date":"2013-02-08","Adjusted_Close":"55.3948","Volume":"49467000"},{"Date":"2013-02-01","Adjusted_Close":"54.4408","Volume":"51517900"},{"Date":"2013-01-25","Adjusted_Close":"54.2499","Volume":"41416100"},{"Date":"2013-01-18","Adjusted_Close":"53.7435","Volume":"48089700"},{"Date":"2013-01-11","Adjusted_Close":"53.0977","Volume":"31683359"},{"Date":"2013-01-04","Adjusted_Close":"52.5106","Volume":"46874300"},{"Date":"2012-12-28","Adjusted_Close":"50.9914","Volume":"33135300"},{"Date":"2012-12-21","Adjusted_Close":"51.5712","Volume":"76453300"},{"Date":"2012-12-14","Adjusted_Close":"51.8794","Volume":"55519800"},{"Date":"2012-12-07","Adjusted_Close":"51.7033","Volume":"54724600"},{"Date":"2012-11-30","Adjusted_Close":"51.1749","Volume":"51965300"},{"Date":"2012-11-23","Adjusted_Close":"51.0501","Volume":"35286900"},{"Date":"2012-11-16","Adjusted_Close":"50.3372","Volume":"54552100"},{"Date":"2012-11-09","Adjusted_Close":"50.8319","Volume":"50685500"},{"Date":"2012-11-02","Adjusted_Close":"51.5812","Volume":"29123300"},{"Date":"2012-10-26","Adjusted_Close":"51.5812","Volume":"52329300"},{"Date":"2012-10-19","Adjusted_Close":"52.2796","Volume":"107061600"},{"Date":"2012-10-12","Adjusted_Close":"49.4496","Volume":"50711600"},{"Date":"2012-10-05","Adjusted_Close":"50.6718","Volume":"47093600"},{"Date":"2012-09-28","Adjusted_Close":"50.1335","Volume":"49225800"},{"Date":"2012-09-21","Adjusted_Close":"50.2426","Volume":"57326900"},{"Date":"2012-09-14","Adjusted_Close":"49.8133","Volume":"54524000"},{"Date":"2012-09-07","Adjusted_Close":"49.3841","Volume":"39147500"},{"Date":"2012-08-31","Adjusted_Close":"49.0567","Volume":"44945800"},{"Date":"2012-08-24","Adjusted_Close":"49.1804","Volume":"50781200"},{"Date":"2012-08-17","Adjusted_Close":"48.8848","Volume":"50284100"},{"Date":"2012-08-10","Adjusted_Close":"49.4904","Volume":"41973900"},{"Date":"2012-08-03","Adjusted_Close":"49.8365","Volume":"54809900"},{"Date":"2012-07-27","Adjusted_Close":"50.1249","Volume":"64292400"},{"Date":"2012-07-20","Adjusted_Close":"49.4832","Volume":"80203700"},{"Date":"2012-07-13","Adjusted_Close":"49.4688","Volume":"67086800"},{"Date":"2012-07-06","Adjusted_Close":"48.7694","Volume":"43070900"},{"Date":"2012-06-29","Adjusted_Close":"48.7117","Volume":"72825600"},{"Date":"2012-06-22","Adjusted_Close":"48.0412","Volume":"114131000"},{"Date":"2012-06-15","Adjusted_Close":"47.5942","Volume":"197629700"},{"Date":"2012-06-08","Adjusted_Close":"45.4095","Volume":"54494700"},{"Date":"2012-06-01","Adjusted_Close":"44.5443","Volume":"44862600"},{"Date":"2012-05-25","Adjusted_Close":"45.0706","Volume":"48981200"},{"Date":"2012-05-18","Adjusted_Close":"45.2389","Volume":"79981000"},{"Date":"2012-05-11","Adjusted_Close":"45.9459","Volume":"77055700"},{"Date":"2012-05-04","Adjusted_Close":"46.2316","Volume":"50553000"},{"Date":"2012-04-27","Adjusted_Close":"46.3030","Volume":"50192000"},{"Date":"2012-04-20","Adjusted_Close":"45.4960","Volume":"78902700"},{"Date":"2012-04-13","Adjusted_Close":"45.3746","Volume":"53939600"},{"Date":"2012-04-05","Adjusted_Close":"46.6600","Volume":"35269300"},{"Date":"2012-03-30","Adjusted_Close":"47.1028","Volume":"50394100"},{"Date":"2012-03-23","Adjusted_Close":"46.0959","Volume":"41605600"},{"Date":"2012-03-16","Adjusted_Close":"46.5029","Volume":"55860900"},{"Date":"2012-03-09","Adjusted_Close":"46.2316","Volume":"45425600"},{"Date":"2012-03-02","Adjusted_Close":"46.2530","Volume":"46471200"},{"Date":"2012-02-24","Adjusted_Close":"46.0316","Volume":"35702000"},{"Date":"2012-02-17","Adjusted_Close":"46.0033","Volume":"44916400"},{"Date":"2012-02-10","Adjusted_Close":"45.7272","Volume":"50563600"},{"Date":"2012-02-03","Adjusted_Close":"46.4634","Volume":"50639500"},{"Date":"2012-01-27","Adjusted_Close":"46.4068","Volume":"56036700"},{"Date":"2012-01-20","Adjusted_Close":"46.2015","Volume":"42870800"},{"Date":"2012-01-13","Adjusted_Close":"46.1944","Volume":"39577500"},{"Date":"2012-01-06","Adjusted_Close":"45.8900","Volume":"52606100"},{"Date":"2011-12-30","Adjusted_Close":"46.4209","Volume":"21601100"},{"Date":"2011-12-23","Adjusted_Close":"46.7041","Volume":"43721500"},{"Date":"2011-12-16","Adjusted_Close":"45.5149","Volume":"63697600"},{"Date":"2011-12-09","Adjusted_Close":"45.6777","Volume":"55619500"},{"Date":"2011-12-02","Adjusted_Close":"44.9274","Volume":"61279700"},{"Date":"2011-11-25","Adjusted_Close":"43.3701","Volume":"57688300"},{"Date":"2011-11-18","Adjusted_Close":"44.7797","Volume":"53984800"},{"Date":"2011-11-11","Adjusted_Close":"45.7616","Volume":"44530200"},{"Date":"2011-11-04","Adjusted_Close":"44.9691","Volume":"58797700"},{"Date":"2011-10-28","Adjusted_Close":"46.0071","Volume":"59651100"},{"Date":"2011-10-21","Adjusted_Close":"44.7307","Volume":"67205800"},{"Date":"2011-10-14","Adjusted_Close":"45.3899","Volume":"38567700"},{"Date":"2011-10-07","Adjusted_Close":"44.2748","Volume":"72445300"},{"Date":"2011-09-30","Adjusted_Close":"44.6675","Volume":"56123500"},{"Date":"2011-09-23","Adjusted_Close":"43.1947","Volume":"59928500"},{"Date":"2011-09-16","Adjusted_Close":"45.2987","Volume":"64787600"},{"Date":"2011-09-09","Adjusted_Close":"44.6325","Volume":"59167700"},{"Date":"2011-09-02","Adjusted_Close":"44.9340","Volume":"63460900"},{"Date":"2011-08-26","Adjusted_Close":"45.0813","Volume":"70376300"},{"Date":"2011-08-19","Adjusted_Close":"43.8926","Volume":"107122900"},{"Date":"2011-08-12","Adjusted_Close":"44.0455","Volume":"177239100"},{"Date":"2011-08-05","Adjusted_Close":"43.5937","Volume":"98144200"},{"Date":"2011-07-29","Adjusted_Close":"45.0396","Volume":"59815800"},{"Date":"2011-07-22","Adjusted_Close":"46.3813","Volume":"52066100"},{"Date":"2011-07-15","Adjusted_Close":"46.8887","Volume":"48360900"},{"Date":"2011-07-08","Adjusted_Close":"46.9722","Volume":"33155300"},{"Date":"2011-07-01","Adjusted_Close":"46.7845","Volume":"43114800"},{"Date":"2011-06-24","Adjusted_Close":"45.2273","Volume":"56529800"},{"Date":"2011-06-17","Adjusted_Close":"46.0824","Volume":"58179100"},{"Date":"2011-06-10","Adjusted_Close":"45.9433","Volume":"52211900"},{"Date":"2011-06-03","Adjusted_Close":"45.9433","Volume":"47425000"},{"Date":"2011-05-27","Adjusted_Close":"46.4160","Volume":"66234800"},{"Date":"2011-05-20","Adjusted_Close":"45.2714","Volume":"53377800"},{"Date":"2011-05-13","Adjusted_Close":"45.9123","Volume":"66005400"},{"Date":"2011-05-06","Adjusted_Close":"44.9819","Volume":"68800400"},{"Date":"2011-04-29","Adjusted_Close":"45.2920","Volume":"70695800"},{"Date":"2011-04-21","Adjusted_Close":"44.1549","Volume":"84538100"},{"Date":"2011-04-15","Adjusted_Close":"41.7359","Volume":"58607500"},{"Date":"2011-04-08","Adjusted_Close":"40.9778","Volume":"47070100"},{"Date":"2011-04-01","Adjusted_Close":"40.9985","Volume":"47987400"},{"Date":"2011-03-25","Adjusted_Close":"40.6470","Volume":"47477500"},{"Date":"2011-03-18","Adjusted_Close":"40.3645","Volume":"71615300"},{"Date":"2011-03-11","Adjusted_Close":"41.1364","Volume":"40905237"},{"Date":"2011-03-04","Adjusted_Close":"42.0805","Volume":"63566300"},{"Date":"2011-02-25","Adjusted_Close":"41.1019","Volume":"46781200"},{"Date":"2011-02-18","Adjusted_Close":"41.7371","Volume":"45656700"},{"Date":"2011-02-11","Adjusted_Close":"41.4570","Volume":"42884400"},{"Date":"2011-02-04","Adjusted_Close":"41.5527","Volume":"63635300"},{"Date":"2011-01-28","Adjusted_Close":"40.9858","Volume":"86210100"},{"Date":"2011-01-21","Adjusted_Close":"42.7957","Volume":"47992400"},{"Date":"2011-01-14","Adjusted_Close":"42.7206","Volume":"46224900"},{"Date":"2011-01-07","Adjusted_Close":"42.7547","Volume":"57769800"},{"Date":"2010-12-31","Adjusted_Close":"42.2425","Volume":"27238100"},{"Date":"2010-12-23","Adjusted_Close":"42.5157","Volume":"32894800"},{"Date":"2010-12-17","Adjusted_Close":"42.7137","Volume":"65799500"},{"Date":"2010-12-10","Adjusted_Close":"42.2835","Volume":"50812600"},{"Date":"2010-12-03","Adjusted_Close":"42.7274","Volume":"60060700"},{"Date":"2010-11-26","Adjusted_Close":"42.5498","Volume":"40175900"},{"Date":"2010-11-19","Adjusted_Close":"43.2202","Volume":"58087200"},{"Date":"2010-11-12","Adjusted_Close":"43.1118","Volume":"50552600"},{"Date":"2010-11-05","Adjusted_Close":"43.7754","Volume":"47924100"},{"Date":"2010-10-29","Adjusted_Close":"43.1592","Volume":"46259600"},{"Date":"2010-10-22","Adjusted_Close":"43.2066","Volume":"56142800"},{"Date":"2010-10-15","Adjusted_Close":"43.0441","Volume":"46882000"},{"Date":"2010-10-08","Adjusted_Close":"42.8139","Volume":"49664200"},{"Date":"2010-10-01","Adjusted_Close":"41.8118","Volume":"52029200"},{"Date":"2010-09-24","Adjusted_Close":"42.0758","Volume":"50824700"},{"Date":"2010-09-17","Adjusted_Close":"41.6899","Volume":"52467900"},{"Date":"2010-09-10","Adjusted_Close":"40.6133","Volume":"36474100"},{"Date":"2010-09-03","Adjusted_Close":"39.9023","Volume":"51020000"},{"Date":"2010-08-27","Adjusted_Close":"39.0017","Volume":"59957200"},{"Date":"2010-08-20","Adjusted_Close":"39.4042","Volume":"56001100"},{"Date":"2010-08-13","Adjusted_Close":"39.0084","Volume":"48482800"},{"Date":"2010-08-06","Adjusted_Close":"40.2226","Volume":"51140300"},{"Date":"2010-07-30","Adjusted_Close":"38.9682","Volume":"68250300"},{"Date":"2010-07-23","Adjusted_Close":"38.6596","Volume":"91339400"},{"Date":"2010-07-16","Adjusted_Close":"39.8738","Volume":"61799400"},{"Date":"2010-07-09","Adjusted_Close":"40.6117","Volume":"60811000"},{"Date":"2010-07-02","Adjusted_Close":"39.6323","Volume":"68372700"},{"Date":"2010-06-25","Adjusted_Close":"39.3774","Volume":"70403100"},{"Date":"2010-06-18","Adjusted_Close":"39.6994","Volume":"58824800"},{"Date":"2010-06-11","Adjusted_Close":"39.2164","Volume":"73666000"},{"Date":"2010-06-04","Adjusted_Close":"38.9145","Volume":"71129800"},{"Date":"2010-05-28","Adjusted_Close":"39.1091","Volume":"110828900"},{"Date":"2010-05-21","Adjusted_Close":"40.4696","Volume":"93516600"},{"Date":"2010-05-14","Adjusted_Close":"42.5236","Volume":"65203300"},{"Date":"2010-05-07","Adjusted_Close":"42.0849","Volume":"88227000"},{"Date":"2010-04-30","Adjusted_Close":"42.7430","Volume":"55806300"},{"Date":"2010-04-23","Adjusted_Close":"43.2349","Volume":"71156300"},{"Date":"2010-04-16","Adjusted_Close":"43.2216","Volume":"56075100"},{"Date":"2010-04-09","Adjusted_Close":"43.3014","Volume":"42222400"},{"Date":"2010-04-01","Adjusted_Close":"43.7202","Volume":"38664200"},{"Date":"2010-03-26","Adjusted_Close":"42.7962","Volume":"47517200"},{"Date":"2010-03-19","Adjusted_Close":"43.2815","Volume":"59247100"},{"Date":"2010-03-12","Adjusted_Close":"42.6632","Volume":"68825000"},{"Date":"2010-03-05","Adjusted_Close":"42.5702","Volume":"46294600"},{"Date":"2010-02-26","Adjusted_Close":"41.8788","Volume":"50727100"},{"Date":"2010-02-19","Adjusted_Close":"42.4173","Volume":"42180800"},{"Date":"2010-02-12","Adjusted_Close":"41.3750","Volume":"52242800"},{"Date":"2010-02-05","Adjusted_Close":"41.3222","Volume":"68190800"},{"Date":"2010-01-29","Adjusted_Close":"41.4674","Volume":"75554800"},{"Date":"2010-01-22","Adjusted_Close":"41.6916","Volume":"56705900"},{"Date":"2010-01-15","Adjusted_Close":"42.5888","Volume":"60714200"},{"Date":"2010-01-08","Adjusted_Close":"42.3579","Volume":"52150400"},{"Date":"2009-12-31","Adjusted_Close":"42.4899","Volume":"24919800"},{"Date":"2009-12-24","Adjusted_Close":"42.6812","Volume":"27044300"},{"Date":"2009-12-18","Adjusted_Close":"42.4635","Volume":"64483500"},{"Date":"2009-12-11","Adjusted_Close":"42.7801","Volume":"45127900"},{"Date":"2009-12-04","Adjusted_Close":"42.4569","Volume":"61526300"},{"Date":"2009-11-27","Adjusted_Close":"41.4871","Volume":"36817200"},{"Date":"2009-11-20","Adjusted_Close":"41.1045","Volume":"66309400"},{"Date":"2009-11-13","Adjusted_Close":"40.2078","Volume":"58363400"},{"Date":"2009-11-06","Adjusted_Close":"39.4682","Volume":"61112000"},{"Date":"2009-10-30","Adjusted_Close":"38.6500","Volume":"70837200"},{"Date":"2009-10-23","Adjusted_Close":"39.6253","Volume":"60369300"},{"Date":"2009-10-16","Adjusted_Close":"39.5729","Volume":"83137300"},{"Date":"2009-10-09","Adjusted_Close":"40.4107","Volume":"44620200"},{"Date":"2009-10-02","Adjusted_Close":"39.0951","Volume":"48650400"},{"Date":"2009-09-25","Adjusted_Close":"39.6777","Volume":"45584800"},{"Date":"2009-09-18","Adjusted_Close":"39.7824","Volume":"52531800"},{"Date":"2009-09-11","Adjusted_Close":"39.5467","Volume":"35401200"},{"Date":"2009-09-04","Adjusted_Close":"39.4813","Volume":"46807100"},{"Date":"2009-08-28","Adjusted_Close":"39.4617","Volume":"54100000"},{"Date":"2009-08-21","Adjusted_Close":"39.9460","Volume":"54777000"},{"Date":"2009-08-14","Adjusted_Close":"39.0110","Volume":"43340100"},{"Date":"2009-08-07","Adjusted_Close":"38.8941","Volume":"49470900"},{"Date":"2009-07-31","Adjusted_Close":"39.5369","Volume":"53353300"},{"Date":"2009-07-24","Adjusted_Close":"39.9395","Volume":"53715500"},{"Date":"2009-07-17","Adjusted_Close":"38.4591","Volume":"69891800"},{"Date":"2009-07-10","Adjusted_Close":"36.9656","Volume":"62958900"},{"Date":"2009-07-02","Adjusted_Close":"36.3423","Volume":"60222400"},{"Date":"2009-06-26","Adjusted_Close":"36.7514","Volume":"84688000"},{"Date":"2009-06-19","Adjusted_Close":"36.4202","Volume":"71917100"},{"Date":"2009-06-12","Adjusted_Close":"36.4007","Volume":"58989500"},{"Date":"2009-06-05","Adjusted_Close":"36.3163","Volume":"56357600"},{"Date":"2009-05-29","Adjusted_Close":"35.8164","Volume":"47265500"},{"Date":"2009-05-22","Adjusted_Close":"35.5631","Volume":"59877900"},{"Date":"2009-05-15","Adjusted_Close":"35.6609","Volume":"64288400"},{"Date":"2009-05-08","Adjusted_Close":"35.3842","Volume":"73325200"},{"Date":"2009-05-01","Adjusted_Close":"33.8460","Volume":"76145600"},{"Date":"2009-04-24","Adjusted_Close":"32.7712","Volume":"70256000"},{"Date":"2009-04-17","Adjusted_Close":"34.1421","Volume":"74246200"},{"Date":"2009-04-09","Adjusted_Close":"33.0866","Volume":"51890100"},{"Date":"2009-04-03","Adjusted_Close":"33.5628","Volume":"80623800"},{"Date":"2009-03-27","Adjusted_Close":"34.0005","Volume":"77605600"},{"Date":"2009-03-20","Adjusted_Close":"33.2539","Volume":"97159100"},{"Date":"2009-03-13","Adjusted_Close":"32.5910","Volume":"94604200"},{"Date":"2009-03-06","Adjusted_Close":"30.8727","Volume":"119689900"},{"Date":"2009-02-27","Adjusted_Close":"32.1791","Volume":"111522900"},{"Date":"2009-02-20","Adjusted_Close":"35.1718","Volume":"67390400"},{"Date":"2009-02-13","Adjusted_Close":"36.4418","Volume":"67650100"},{"Date":"2009-02-06","Adjusted_Close":"37.3417","Volume":"61785100"},{"Date":"2009-01-30","Adjusted_Close":"36.8184","Volume":"79233500"},{"Date":"2009-01-23","Adjusted_Close":"35.7207","Volume":"85939900"},{"Date":"2009-01-16","Adjusted_Close":"36.6588","Volume":"88604500"},{"Date":"2009-01-09","Adjusted_Close":"37.6863","Volume":"83974600"},{"Date":"2009-01-02","Adjusted_Close":"38.7075","Volume":"44300100"},{"Date":"2008-12-26","Adjusted_Close":"37.3736","Volume":"32595300"},{"Date":"2008-12-19","Adjusted_Close":"37.5523","Volume":"88584400"},{"Date":"2008-12-12","Adjusted_Close":"36.5376","Volume":"73974700"},{"Date":"2008-12-05","Adjusted_Close":"37.1630","Volume":"87379300"},{"Date":"2008-11-28","Adjusted_Close":"37.3864","Volume":"68120900"},{"Date":"2008-11-21","Adjusted_Close":"37.2396","Volume":"127147900"},{"Date":"2008-11-14","Adjusted_Close":"38.0248","Volume":"94989200"},{"Date":"2008-11-07","Adjusted_Close":"38.1324","Volume":"85395400"},{"Date":"2008-10-31","Adjusted_Close":"38.8416","Volume":"121027400"},{"Date":"2008-10-24","Adjusted_Close":"38.4934","Volume":"102025000"},{"Date":"2008-10-17","Adjusted_Close":"39.6712","Volume":"156373700"},{"Date":"2008-10-10","Adjusted_Close":"35.3653","Volume":"179137500"},{"Date":"2008-10-03","Adjusted_Close":"41.8938","Volume":"127225000"},{"Date":"2008-09-26","Adjusted_Close":"43.9454","Volume":"69838300"},{"Date":"2008-09-19","Adjusted_Close":"44.3190","Volume":"125159100"},{"Date":"2008-09-12","Adjusted_Close":"44.6989","Volume":"77754700"},{"Date":"2008-09-05","Adjusted_Close":"44.7496","Volume":"49389000"},{"Date":"2008-08-29","Adjusted_Close":"44.5976","Volume":"41560400"},{"Date":"2008-08-22","Adjusted_Close":"45.2245","Volume":"44816200"},{"Date":"2008-08-15","Adjusted_Close":"44.8784","Volume":"49779300"},{"Date":"2008-08-08","Adjusted_Close":"45.0169","Volume":"78855600"},{"Date":"2008-08-01","Adjusted_Close":"42.8462","Volume":"59200300"},{"Date":"2008-07-25","Adjusted_Close":"43.4314","Volume":"64135100"},{"Date":"2008-07-18","Adjusted_Close":"42.6701","Volume":"81322600"},{"Date":"2008-07-11","Adjusted_Close":"41.6886","Volume":"77955700"},{"Date":"2008-07-03","Adjusted_Close":"40.9713","Volume":"47577100"},{"Date":"2008-06-27","Adjusted_Close":"39.9961","Volume":"61268100"},{"Date":"2008-06-20","Adjusted_Close":"40.3044","Volume":"53658900"},{"Date":"2008-06-13","Adjusted_Close":"41.6949","Volume":"47940100"},{"Date":"2008-06-06","Adjusted_Close":"41.3740","Volume":"52903700"},{"Date":"2008-05-30","Adjusted_Close":"41.9906","Volume":"47396500"},{"Date":"2008-05-23","Adjusted_Close":"40.8455","Volume":"51533700"},{"Date":"2008-05-16","Adjusted_Close":"41.6598","Volume":"44435100"},{"Date":"2008-05-09","Adjusted_Close":"41.5786","Volume":"50869300"},{"Date":"2008-05-02","Adjusted_Close":"42.6470","Volume":"55604200"},{"Date":"2008-04-25","Adjusted_Close":"42.0535","Volume":"51599500"},{"Date":"2008-04-18","Adjusted_Close":"41.5536","Volume":"59889300"},{"Date":"2008-04-11","Adjusted_Close":"41.2350","Volume":"43859800"},{"Date":"2008-04-04","Adjusted_Close":"41.0663","Volume":"50395500"},{"Date":"2008-03-28","Adjusted_Close":"40.0979","Volume":"50281900"},{"Date":"2008-03-20","Adjusted_Close":"40.8476","Volume":"54107400"},{"Date":"2008-03-14","Adjusted_Close":"39.1420","Volume":"77642800"},{"Date":"2008-03-07","Adjusted_Close":"38.4298","Volume":"63917000"},{"Date":"2008-02-29","Adjusted_Close":"38.7109","Volume":"49341400"},{"Date":"2008-02-22","Adjusted_Close":"39.4731","Volume":"45392800"},{"Date":"2008-02-15","Adjusted_Close":"39.0418","Volume":"56525400"},{"Date":"2008-02-08","Adjusted_Close":"38.5018","Volume":"55885600"},{"Date":"2008-02-01","Adjusted_Close":"39.3273","Volume":"66963900"},{"Date":"2008-01-25","Adjusted_Close":"38.7686","Volume":"94355300"},{"Date":"2008-01-18","Adjusted_Close":"41.1459","Volume":"82570400"},{"Date":"2008-01-11","Adjusted_Close":"42.1328","Volume":"73906300"},{"Date":"2008-01-04","Adjusted_Close":"40.8666","Volume":"42477900"},{"Date":"2007-12-28","Adjusted_Close":"41.8225","Volume":"22074400"},{"Date":"2007-12-21","Adjusted_Close":"42.2259","Volume":"64205900"},{"Date":"2007-12-14","Adjusted_Close":"41.9528","Volume":"55084000"},{"Date":"2007-12-07","Adjusted_Close":"42.0087","Volume":"47291100"},{"Date":"2007-11-30","Adjusted_Close":"42.0459","Volume":"74039100"},{"Date":"2007-11-23","Adjusted_Close":"41.5121","Volume":"55630700"},{"Date":"2007-11-16","Adjusted_Close":"41.7928","Volume":"72839600"},{"Date":"2007-11-09","Adjusted_Close":"40.1951","Volume":"61311100"},{"Date":"2007-11-02","Adjusted_Close":"39.9607","Volume":"52097000"},{"Date":"2007-10-26","Adjusted_Close":"39.6646","Volume":"50132100"},{"Date":"2007-10-19","Adjusted_Close":"39.6214","Volume":"62537800"},{"Date":"2007-10-12","Adjusted_Close":"40.6763","Volume":"39237300"},{"Date":"2007-10-05","Adjusted_Close":"40.8675","Volume":"49935100"},{"Date":"2007-09-28","Adjusted_Close":"40.5282","Volume":"52792200"},{"Date":"2007-09-21","Adjusted_Close":"40.1704","Volume":"71412700"},{"Date":"2007-09-14","Adjusted_Close":"38.9861","Volume":"54622700"},{"Date":"2007-09-07","Adjusted_Close":"38.0484","Volume":"41728800"},{"Date":"2007-08-31","Adjusted_Close":"38.1163","Volume":"57134600"},{"Date":"2007-08-24","Adjusted_Close":"38.1718","Volume":"55576800"},{"Date":"2007-08-17","Adjusted_Close":"38.0033","Volume":"85843300"},{"Date":"2007-08-10","Adjusted_Close":"37.4702","Volume":"84804600"},{"Date":"2007-08-03","Adjusted_Close":"37.1025","Volume":"83196300"},{"Date":"2007-07-27","Adjusted_Close":"36.6246","Volume":"77638000"},{"Date":"2007-07-20","Adjusted_Close":"37.8623","Volume":"84256800"},{"Date":"2007-07-13","Adjusted_Close":"38.8673","Volume":"64320500"},{"Date":"2007-07-06","Adjusted_Close":"38.0707","Volume":"28665100"},{"Date":"2007-06-29","Adjusted_Close":"37.7582","Volume":"62575100"},{"Date":"2007-06-22","Adjusted_Close":"37.2128","Volume":"63631300"},{"Date":"2007-06-15","Adjusted_Close":"38.4628","Volume":"61715300"},{"Date":"2007-06-08","Adjusted_Close":"38.0707","Volume":"61203400"},{"Date":"2007-06-01","Adjusted_Close":"38.8550","Volume":"43917400"},{"Date":"2007-05-25","Adjusted_Close":"38.7202","Volume":"49057300"},{"Date":"2007-05-18","Adjusted_Close":"38.6087","Volume":"81606800"},{"Date":"2007-05-11","Adjusted_Close":"37.9086","Volume":"83030500"},{"Date":"2007-05-04","Adjusted_Close":"39.2540","Volume":"47424500"},{"Date":"2007-04-27","Adjusted_Close":"39.0653","Volume":"54487900"},{"Date":"2007-04-20","Adjusted_Close":"39.6437","Volume":"82550400"},{"Date":"2007-04-13","Adjusted_Close":"37.9573","Volume":"53544300"},{"Date":"2007-04-05","Adjusted_Close":"37.4703","Volume":"44467600"},{"Date":"2007-03-30","Adjusted_Close":"36.6850","Volume":"76313400"},{"Date":"2007-03-23","Adjusted_Close":"36.8372","Volume":"67003100"},{"Date":"2007-03-16","Adjusted_Close":"36.8372","Volume":"72393600"},{"Date":"2007-03-09","Adjusted_Close":"37.8295","Volume":"74074600"},{"Date":"2007-03-02","Adjusted_Close":"37.7138","Volume":"74117500"},{"Date":"2007-02-23","Adjusted_Close":"39.0531","Volume":"45937700"},{"Date":"2007-02-16","Adjusted_Close":"39.6493","Volume":"42183600"},{"Date":"2007-02-09","Adjusted_Close":"39.7038","Volume":"37949300"},{"Date":"2007-02-02","Adjusted_Close":"40.2969","Volume":"44046200"},{"Date":"2007-01-26","Adjusted_Close":"39.9882","Volume":"46110200"},{"Date":"2007-01-19","Adjusted_Close":"41.0111","Volume":"41322500"},{"Date":"2007-01-12","Adjusted_Close":"40.3332","Volume":"32417100"},{"Date":"2007-01-05","Adjusted_Close":"40.3211","Volume":"32248400"},{"Date":"2006-12-29","Adjusted_Close":"39.9580","Volume":"20300400"},{"Date":"2006-12-22","Adjusted_Close":"39.7340","Volume":"42718900"},{"Date":"2006-12-15","Adjusted_Close":"40.1214","Volume":"47571300"},{"Date":"2006-12-08","Adjusted_Close":"39.9156","Volume":"37994600"},{"Date":"2006-12-01","Adjusted_Close":"39.9277","Volume":"41037700"},{"Date":"2006-11-24","Adjusted_Close":"39.8551","Volume":"26144400"},{"Date":"2006-11-17","Adjusted_Close":"40.4659","Volume":"49496300"},{"Date":"2006-11-10","Adjusted_Close":"39.8942","Volume":"59718500"},{"Date":"2006-11-03","Adjusted_Close":"40.8090","Volume":"49748400"},{"Date":"2006-10-27","Adjusted_Close":"41.0256","Volume":"42919400"},{"Date":"2006-10-20","Adjusted_Close":"41.2964","Volume":"60218900"},{"Date":"2006-10-13","Adjusted_Close":"38.8651","Volume":"30764100"},{"Date":"2006-10-06","Adjusted_Close":"39.1540","Volume":"34483100"},{"Date":"2006-09-29","Adjusted_Close":"39.0818","Volume":"29846800"},{"Date":"2006-09-22","Adjusted_Close":"38.4920","Volume":"31516700"},{"Date":"2006-09-15","Adjusted_Close":"38.3897","Volume":"33542000"},{"Date":"2006-09-08","Adjusted_Close":"38.2693","Volume":"28923600"},{"Date":"2006-09-01","Adjusted_Close":"38.9494","Volume":"25029800"},{"Date":"2006-08-25","Adjusted_Close":"38.9193","Volume":"38395700"},{"Date":"2006-08-18","Adjusted_Close":"38.5453","Volume":"35942200"},{"Date":"2006-08-11","Adjusted_Close":"37.9769","Volume":"30625400"},{"Date":"2006-08-04","Adjusted_Close":"38.0128","Volume":"32236600"},{"Date":"2006-07-28","Adjusted_Close":"37.6478","Volume":"35237000"},{"Date":"2006-07-21","Adjusted_Close":"36.9358","Volume":"38269700"},{"Date":"2006-07-14","Adjusted_Close":"36.1759","Volume":"33559000"},{"Date":"2006-07-07","Adjusted_Close":"36.2716","Volume":"20843700"},{"Date":"2006-06-30","Adjusted_Close":"35.8528","Volume":"54105100"},{"Date":"2006-06-23","Adjusted_Close":"36.6904","Volume":"36733700"},{"Date":"2006-06-16","Adjusted_Close":"36.9058","Volume":"48080600"},{"Date":"2006-06-09","Adjusted_Close":"36.8041","Volume":"48148500"},{"Date":"2006-06-02","Adjusted_Close":"36.3434","Volume":"28429600"},{"Date":"2006-05-26","Adjusted_Close":"36.3135","Volume":"47735800"},{"Date":"2006-05-19","Adjusted_Close":"35.6198","Volume":"54427200"},{"Date":"2006-05-12","Adjusted_Close":"34.9835","Volume":"40979800"},{"Date":"2006-05-05","Adjusted_Close":"34.9062","Volume":"37359700"},{"Date":"2006-04-28","Adjusted_Close":"34.8527","Volume":"47419200"},{"Date":"2006-04-21","Adjusted_Close":"34.7100","Volume":"48248500"},{"Date":"2006-04-13","Adjusted_Close":"34.4365","Volume":"32471700"},{"Date":"2006-04-07","Adjusted_Close":"34.3889","Volume":"42993900"},{"Date":"2006-03-31","Adjusted_Close":"35.2155","Volume":"39393700"},{"Date":"2006-03-24","Adjusted_Close":"35.9112","Volume":"32959500"},{"Date":"2006-03-17","Adjusted_Close":"35.8815","Volume":"45306300"},{"Date":"2006-03-10","Adjusted_Close":"35.1084","Volume":"42145000"},{"Date":"2006-03-03","Adjusted_Close":"34.1748","Volume":"37348100"},{"Date":"2006-02-24","Adjusted_Close":"34.3473","Volume":"35262800"},{"Date":"2006-02-17","Adjusted_Close":"34.9267","Volume":"41814200"},{"Date":"2006-02-10","Adjusted_Close":"34.5246","Volume":"55874400"},{"Date":"2006-02-03","Adjusted_Close":"33.9275","Volume":"66881300"},{"Date":"2006-01-27","Adjusted_Close":"34.7139","Volume":"80081100"},{"Date":"2006-01-20","Adjusted_Close":"35.9496","Volume":"35739600"},{"Date":"2006-01-13","Adjusted_Close":"36.5527","Volume":"36890500"},{"Date":"2006-01-06","Adjusted_Close":"37.0139","Volume":"35543000"},{"Date":"2005-12-30","Adjusted_Close":"35.5357","Volume":"22513900"},{"Date":"2005-12-23","Adjusted_Close":"36.1329","Volume":"32638100"},{"Date":"2005-12-16","Adjusted_Close":"35.9851","Volume":"51085100"},{"Date":"2005-12-09","Adjusted_Close":"35.5357","Volume":"69850900"},{"Date":"2005-12-02","Adjusted_Close":"36.1920","Volume":"42851800"},{"Date":"2005-11-25","Adjusted_Close":"36.7478","Volume":"34470800"},{"Date":"2005-11-18","Adjusted_Close":"36.9844","Volume":"83973900"},{"Date":"2005-11-11","Adjusted_Close":"35.8315","Volume":"36240500"},{"Date":"2005-11-04","Adjusted_Close":"35.8080","Volume":"67183400"},{"Date":"2005-10-28","Adjusted_Close":"37.0255","Volume":"47773300"},{"Date":"2005-10-21","Adjusted_Close":"37.6843","Volume":"65152600"},{"Date":"2005-10-14","Adjusted_Close":"37.4667","Volume":"56617000"},{"Date":"2005-10-07","Adjusted_Close":"36.0786","Volume":"44845800"},{"Date":"2005-09-30","Adjusted_Close":"37.2196","Volume":"29730900"},{"Date":"2005-09-23","Adjusted_Close":"37.6372","Volume":"34740500"},{"Date":"2005-09-16","Adjusted_Close":"38.3372","Volume":"37891300"},{"Date":"2005-09-09","Adjusted_Close":"38.0725","Volume":"26791300"},{"Date":"2005-09-02","Adjusted_Close":"36.9961","Volume":"32244900"},{"Date":"2005-08-26","Adjusted_Close":"36.4315","Volume":"33660400"},{"Date":"2005-08-19","Adjusted_Close":"37.3902","Volume":"31860900"},{"Date":"2005-08-12","Adjusted_Close":"37.1912","Volume":"23492900"},{"Date":"2005-08-05","Adjusted_Close":"37.1795","Volume":"27062000"},{"Date":"2005-07-29","Adjusted_Close":"37.4253","Volume":"42706600"},{"Date":"2005-07-22","Adjusted_Close":"37.6360","Volume":"39568500"},{"Date":"2005-07-15","Adjusted_Close":"38.0514","Volume":"31445800"},{"Date":"2005-07-08","Adjusted_Close":"37.6125","Volume":"29469300"},{"Date":"2005-07-01","Adjusted_Close":"38.0046","Volume":"36842700"},{"Date":"2005-06-24","Adjusted_Close":"38.3732","Volume":"52988900"},{"Date":"2005-06-17","Adjusted_Close":"38.9467","Volume":"32773200"},{"Date":"2005-06-10","Adjusted_Close":"38.8998","Volume":"28336000"},{"Date":"2005-06-03","Adjusted_Close":"38.8764","Volume":"24652100"},{"Date":"2005-05-27","Adjusted_Close":"39.4557","Volume":"28398400"},{"Date":"2005-05-20","Adjusted_Close":"39.3211","Volume":"32058500"},{"Date":"2005-05-13","Adjusted_Close":"39.2626","Volume":"29406400"},{"Date":"2005-05-06","Adjusted_Close":"39.7168","Volume":"29527800"},{"Date":"2005-04-29","Adjusted_Close":"39.9614","Volume":"30762000"},{"Date":"2005-04-22","Adjusted_Close":"39.8798","Volume":"41109100"},{"Date":"2005-04-15","Adjusted_Close":"40.4097","Volume":"42423600"},{"Date":"2005-04-08","Adjusted_Close":"39.9672","Volume":"33287100"},{"Date":"2005-04-01","Adjusted_Close":"38.9249","Volume":"44693600"},{"Date":"2005-03-24","Adjusted_Close":"39.6469","Volume":"28693000"},{"Date":"2005-03-18","Adjusted_Close":"39.1578","Volume":"31058200"},{"Date":"2005-03-11","Adjusted_Close":"39.3616","Volume":"35150800"},{"Date":"2005-03-04","Adjusted_Close":"39.4431","Volume":"36390900"},{"Date":"2005-02-25","Adjusted_Close":"38.5581","Volume":"24501100"},{"Date":"2005-02-18","Adjusted_Close":"38.0981","Volume":"25550900"},{"Date":"2005-02-11","Adjusted_Close":"38.7793","Volume":"26389100"},{"Date":"2005-02-04","Adjusted_Close":"38.4054","Volume":"30450800"},{"Date":"2005-01-28","Adjusted_Close":"37.4661","Volume":"43221500"},{"Date":"2005-01-21","Adjusted_Close":"35.8601","Volume":"22520900"},{"Date":"2005-01-14","Adjusted_Close":"36.3529","Volume":"32228000"},{"Date":"2005-01-07","Adjusted_Close":"36.3007","Volume":"32052500"},{"Date":"2004-12-31","Adjusted_Close":"36.7704","Volume":"19506200"},{"Date":"2004-12-23","Adjusted_Close":"36.8747","Volume":"29993900"},{"Date":"2004-12-17","Adjusted_Close":"36.8631","Volume":"69780400"},{"Date":"2004-12-10","Adjusted_Close":"34.9324","Volume":"37018000"},{"Date":"2004-12-03","Adjusted_Close":"35.8949","Volume":"31217200"},{"Date":"2004-11-26","Adjusted_Close":"35.0484","Volume":"15802500"},{"Date":"2004-11-19","Adjusted_Close":"35.1006","Volume":"25425700"},{"Date":"2004-11-12","Adjusted_Close":"35.3673","Volume":"30056100"},{"Date":"2004-11-05","Adjusted_Close":"34.1525","Volume":"39131900"},{"Date":"2004-10-29","Adjusted_Close":"33.6908","Volume":"31173100"},{"Date":"2004-10-22","Adjusted_Close":"33.0618","Volume":"29992600"},{"Date":"2004-10-15","Adjusted_Close":"32.6520","Volume":"38988700"},{"Date":"2004-10-08","Adjusted_Close":"31.9249","Volume":"33952300"},{"Date":"2004-10-01","Adjusted_Close":"32.8944","Volume":"27120000"},{"Date":"2004-09-24","Adjusted_Close":"32.6347","Volume":"25667000"},{"Date":"2004-09-17","Adjusted_Close":"33.7716","Volume":"24204300"},{"Date":"2004-09-10","Adjusted_Close":"33.2234","Volume":"23205500"},{"Date":"2004-09-03","Adjusted_Close":"33.3849","Volume":"25103300"},{"Date":"2004-08-27","Adjusted_Close":"33.3042","Volume":"20815500"},{"Date":"2004-08-20","Adjusted_Close":"32.9175","Volume":"24303500"},{"Date":"2004-08-13","Adjusted_Close":"32.0519","Volume":"27165100"},{"Date":"2004-08-06","Adjusted_Close":"31.3485","Volume":"25697000"},{"Date":"2004-07-30","Adjusted_Close":"31.7332","Volume":"29469800"},{"Date":"2004-07-23","Adjusted_Close":"32.0031","Volume":"33586100"},{"Date":"2004-07-16","Adjusted_Close":"32.6117","Volume":"46791500"},{"Date":"2004-07-09","Adjusted_Close":"31.5724","Volume":"20890200"},{"Date":"2004-07-02","Adjusted_Close":"31.7791","Volume":"30074100"},{"Date":"2004-06-25","Adjusted_Close":"31.2911","Volume":"28327300"},{"Date":"2004-06-18","Adjusted_Close":"31.7217","Volume":"30259200"},{"Date":"2004-06-10","Adjusted_Close":"32.7667","Volume":"20719300"},{"Date":"2004-06-04","Adjusted_Close":"32.3705","Volume":"27115700"},{"Date":"2004-05-28","Adjusted_Close":"31.9858","Volume":"34622600"},{"Date":"2004-05-21","Adjusted_Close":"31.5437","Volume":"28506200"},{"Date":"2004-05-14","Adjusted_Close":"31.3026","Volume":"37532400"},{"Date":"2004-05-07","Adjusted_Close":"31.5853","Volume":"40027400"},{"Date":"2004-04-30","Adjusted_Close":"30.8599","Volume":"34614700"},{"Date":"2004-04-23","Adjusted_Close":"30.6600","Volume":"35935000"},{"Date":"2004-04-16","Adjusted_Close":"30.9171","Volume":"56093100"},{"Date":"2004-04-08","Adjusted_Close":"29.0551","Volume":"26408200"},{"Date":"2004-04-02","Adjusted_Close":"29.2321","Volume":"33327200"},{"Date":"2004-03-26","Adjusted_Close":"28.6324","Volume":"38297900"},{"Date":"2004-03-19","Adjusted_Close":"28.5867","Volume":"38415700"},{"Date":"2004-03-12","Adjusted_Close":"28.9637","Volume":"41238700"},{"Date":"2004-03-05","Adjusted_Close":"30.3459","Volume":"35437300"},{"Date":"2004-02-27","Adjusted_Close":"30.7914","Volume":"36897300"},{"Date":"2004-02-20","Adjusted_Close":"30.4430","Volume":"25042300"},{"Date":"2004-02-13","Adjusted_Close":"30.9742","Volume":"29819500"},{"Date":"2004-02-06","Adjusted_Close":"30.7931","Volume":"35235100"},{"Date":"2004-01-30","Adjusted_Close":"30.3780","Volume":"39565700"},{"Date":"2004-01-23","Adjusted_Close":"30.1392","Volume":"43368800"},{"Date":"2004-01-16","Adjusted_Close":"28.6891","Volume":"46749300"},{"Date":"2004-01-09","Adjusted_Close":"29.2293","Volume":"35903200"},{"Date":"2004-01-02","Adjusted_Close":"29.3772","Volume":"24515500"},{"Date":"2003-12-26","Adjusted_Close":"28.7857","Volume":"20086700"},{"Date":"2003-12-19","Adjusted_Close":"28.4900","Volume":"52466200"},{"Date":"2003-12-12","Adjusted_Close":"28.0863","Volume":"48319800"},{"Date":"2003-12-05","Adjusted_Close":"27.9555","Volume":"46970900"},{"Date":"2003-11-28","Adjusted_Close":"28.0351","Volume":"41160500"},{"Date":"2003-11-21","Adjusted_Close":"28.9336","Volume":"37711600"},{"Date":"2003-11-14","Adjusted_Close":"29.6387","Volume":"50594700"},{"Date":"2003-11-07","Adjusted_Close":"27.6292","Volume":"35252600"},{"Date":"2003-10-31","Adjusted_Close":"28.4896","Volume":"60972600"},{"Date":"2003-10-24","Adjusted_Close":"28.5010","Volume":"33736000"},{"Date":"2003-10-17","Adjusted_Close":"28.5349","Volume":"46257800"},{"Date":"2003-10-10","Adjusted_Close":"27.8726","Volume":"36902300"},{"Date":"2003-10-03","Adjusted_Close":"28.3651","Volume":"39783700"},{"Date":"2003-09-26","Adjusted_Close":"27.8387","Volume":"38043200"},{"Date":"2003-09-19","Adjusted_Close":"28.4783","Volume":"59579900"},{"Date":"2003-09-12","Adjusted_Close":"29.2255","Volume":"47477400"},{"Date":"2003-09-05","Adjusted_Close":"28.5859","Volume":"35767400"},{"Date":"2003-08-29","Adjusted_Close":"28.0651","Volume":"34960900"},{"Date":"2003-08-22","Adjusted_Close":"28.0425","Volume":"42773400"},{"Date":"2003-08-15","Adjusted_Close":"28.8972","Volume":"28471000"},{"Date":"2003-08-08","Adjusted_Close":"29.1564","Volume":"38496900"},{"Date":"2003-08-01","Adjusted_Close":"28.4127","Volume":"43238900"},{"Date":"2003-07-25","Adjusted_Close":"29.4268","Volume":"31186500"},{"Date":"2003-07-18","Adjusted_Close":"29.7141","Volume":"48771500"},{"Date":"2003-07-11","Adjusted_Close":"29.2296","Volume":"44453000"},{"Date":"2003-07-03","Adjusted_Close":"29.8550","Volume":"33585700"},{"Date":"2003-06-27","Adjusted_Close":"29.0381","Volume":"51064700"},{"Date":"2003-06-20","Adjusted_Close":"30.6776","Volume":"46275700"},{"Date":"2003-06-13","Adjusted_Close":"29.6127","Volume":"45765800"},{"Date":"2003-06-06","Adjusted_Close":"29.7198","Volume":"63537400"},{"Date":"2003-05-30","Adjusted_Close":"30.6212","Volume":"34573300"},{"Date":"2003-05-23","Adjusted_Close":"29.9113","Volume":"49317000"},{"Date":"2003-05-16","Adjusted_Close":"31.5734","Volume":"34930000"},{"Date":"2003-05-09","Adjusted_Close":"31.6071","Volume":"30448300"},{"Date":"2003-05-02","Adjusted_Close":"31.7754","Volume":"29583800"},{"Date":"2003-04-25","Adjusted_Close":"31.5341","Volume":"39911000"},{"Date":"2003-04-17","Adjusted_Close":"30.8609","Volume":"40591700"},{"Date":"2003-04-11","Adjusted_Close":"32.1905","Volume":"31268400"},{"Date":"2003-04-04","Adjusted_Close":"32.4486","Volume":"40013000"},{"Date":"2003-03-28","Adjusted_Close":"32.1905","Volume":"32744000"},{"Date":"2003-03-21","Adjusted_Close":"32.9142","Volume":"36820500"},{"Date":"2003-03-14","Adjusted_Close":"30.9619","Volume":"40619800"},{"Date":"2003-03-07","Adjusted_Close":"31.0236","Volume":"40372000"},{"Date":"2003-02-28","Adjusted_Close":"29.4247","Volume":"29634900"},{"Date":"2003-02-21","Adjusted_Close":"30.0026","Volume":"24517300"},{"Date":"2003-02-14","Adjusted_Close":"29.0320","Volume":"53417800"},{"Date":"2003-02-07","Adjusted_Close":"28.9668","Volume":"31438100"},{"Date":"2003-01-31","Adjusted_Close":"29.9558","Volume":"44931200"},{"Date":"2003-01-24","Adjusted_Close":"29.9558","Volume":"34105900"},{"Date":"2003-01-17","Adjusted_Close":"30.6152","Volume":"33714900"},{"Date":"2003-01-10","Adjusted_Close":"31.9618","Volume":"29137400"},{"Date":"2003-01-03","Adjusted_Close":"31.7439","Volume":"27015300"},{"Date":"2002-12-27","Adjusted_Close":"29.6764","Volume":"17323900"},{"Date":"2002-12-20","Adjusted_Close":"30.4643","Volume":"38381600"},{"Date":"2002-12-13","Adjusted_Close":"30.6822","Volume":"32175500"},{"Date":"2002-12-06","Adjusted_Close":"30.8834","Volume":"43589700"},{"Date":"2002-11-29","Adjusted_Close":"31.8612","Volume":"25789800"},{"Date":"2002-11-22","Adjusted_Close":"32.7162","Volume":"35910100"},{"Date":"2002-11-15","Adjusted_Close":"33.6102","Volume":"32892400"},{"Date":"2002-11-08","Adjusted_Close":"33.5629","Volume":"33579600"},{"Date":"2002-11-01","Adjusted_Close":"32.6273","Volume":"36062900"},{"Date":"2002-10-25","Adjusted_Close":"32.1651","Volume":"48573100"},{"Date":"2002-10-18","Adjusted_Close":"33.0505","Volume":"48923000"},{"Date":"2002-10-11","Adjusted_Close":"31.5748","Volume":"52392300"},{"Date":"2002-10-04","Adjusted_Close":"31.7140","Volume":"53548300"},{"Date":"2002-09-27","Adjusted_Close":"30.6838","Volume":"42427200"},{"Date":"2002-09-20","Adjusted_Close":"29.1246","Volume":"38245400"},{"Date":"2002-09-13","Adjusted_Close":"30.1492","Volume":"27840100"},{"Date":"2002-09-06","Adjusted_Close":"30.5836","Volume":"28721800"},{"Date":"2002-08-30","Adjusted_Close":"30.2439","Volume":"26393300"},{"Date":"2002-08-23","Adjusted_Close":"30.5279","Volume":"31710300"},{"Date":"2002-08-16","Adjusted_Close":"30.8063","Volume":"36610500"},{"Date":"2002-08-09","Adjusted_Close":"30.2432","Volume":"42230800"},{"Date":"2002-08-02","Adjusted_Close":"28.9893","Volume":"68698100"},{"Date":"2002-07-26","Adjusted_Close":"27.5246","Volume":"93134700"},{"Date":"2002-07-19","Adjusted_Close":"23.2192","Volume":"105124800"},{"Date":"2002-07-12","Adjusted_Close":"28.0184","Volume":"60311400"},{"Date":"2002-07-05","Adjusted_Close":"30.2876","Volume":"38534300"},{"Date":"2002-06-28","Adjusted_Close":"28.9949","Volume":"54542500"},{"Date":"2002-06-21","Adjusted_Close":"29.4054","Volume":"55015800"},{"Date":"2002-06-14","Adjusted_Close":"31.5248","Volume":"37830400"},{"Date":"2002-06-07","Adjusted_Close":"32.3515","Volume":"38210500"},{"Date":"2002-05-31","Adjusted_Close":"34.0382","Volume":"23250600"},{"Date":"2002-05-24","Adjusted_Close":"34.0659","Volume":"36523900"},{"Date":"2002-05-17","Adjusted_Close":"34.1047","Volume":"41044000"},{"Date":"2002-05-10","Adjusted_Close":"34.2015","Volume":"43215600"},{"Date":"2002-05-03","Adjusted_Close":"35.0752","Volume":"33194200"},{"Date":"2002-04-26","Adjusted_Close":"35.1747","Volume":"32979900"},{"Date":"2002-04-19","Adjusted_Close":"35.6614","Volume":"41351100"},{"Date":"2002-04-12","Adjusted_Close":"34.6549","Volume":"34988800"},{"Date":"2002-04-05","Adjusted_Close":"34.8651","Volume":"36081000"},{"Date":"2002-03-28","Adjusted_Close":"35.9157","Volume":"24505800"},{"Date":"2002-03-22","Adjusted_Close":"35.8604","Volume":"33984800"},{"Date":"2002-03-15","Adjusted_Close":"35.7222","Volume":"42091100"},{"Date":"2002-03-08","Adjusted_Close":"35.2024","Volume":"44992500"},{"Date":"2002-03-01","Adjusted_Close":"34.3398","Volume":"38608400"},{"Date":"2002-02-22","Adjusted_Close":"32.8467","Volume":"25407400"},{"Date":"2002-02-15","Adjusted_Close":"31.6523","Volume":"29927300"},{"Date":"2002-02-08","Adjusted_Close":"31.3547","Volume":"41072900"},{"Date":"2002-02-01","Adjusted_Close":"31.7516","Volume":"31760700"},{"Date":"2002-01-25","Adjusted_Close":"31.7792","Volume":"29274500"},{"Date":"2002-01-18","Adjusted_Close":"32.9092","Volume":"32534200"},{"Date":"2002-01-11","Adjusted_Close":"32.0989","Volume":"25971000"},{"Date":"2002-01-04","Adjusted_Close":"32.0493","Volume":"23189800"},{"Date":"2001-12-28","Adjusted_Close":"32.9974","Volume":"15014800"},{"Date":"2001-12-21","Adjusted_Close":"32.9147","Volume":"44575100"},{"Date":"2001-12-14","Adjusted_Close":"31.0350","Volume":"47589400"},{"Date":"2001-12-07","Adjusted_Close":"31.2279","Volume":"57072500"},{"Date":"2001-11-30","Adjusted_Close":"32.1099","Volume":"46791800"},{"Date":"2001-11-23","Adjusted_Close":"33.6093","Volume":"21964100"},{"Date":"2001-11-16","Adjusted_Close":"33.0305","Volume":"29214000"},{"Date":"2001-11-09","Adjusted_Close":"32.7337","Volume":"35445600"},{"Date":"2001-11-02","Adjusted_Close":"32.4150","Volume":"32953000"},{"Date":"2001-10-26","Adjusted_Close":"32.2446","Volume":"36636600"},{"Date":"2001-10-19","Adjusted_Close":"32.1072","Volume":"47300900"},{"Date":"2001-10-12","Adjusted_Close":"30.4199","Volume":"32090600"},{"Date":"2001-10-05","Adjusted_Close":"30.4969","Volume":"44112300"},{"Date":"2001-09-28","Adjusted_Close":"30.4474","Volume":"51959700"},{"Date":"2001-09-21","Adjusted_Close":"28.7107","Volume":"63890000"},{"Date":"2001-09-10","Adjusted_Close":"30.5683","Volume":"6714100"},{"Date":"2001-09-07","Adjusted_Close":"30.6288","Volume":"53868400"},{"Date":"2001-08-31","Adjusted_Close":"28.9690","Volume":"25901000"},{"Date":"2001-08-24","Adjusted_Close":"30.0077","Volume":"34797600"},{"Date":"2001-08-17","Adjusted_Close":"29.5406","Volume":"55738200"},{"Date":"2001-08-10","Adjusted_Close":"30.1377","Volume":"29431500"},{"Date":"2001-08-03","Adjusted_Close":"29.3489","Volume":"31246700"},{"Date":"2001-07-27","Adjusted_Close":"29.0367","Volume":"32188700"},{"Date":"2001-07-20","Adjusted_Close":"29.8473","Volume":"47685500"},{"Date":"2001-07-13","Adjusted_Close":"29.0586","Volume":"47343500"},{"Date":"2001-07-06","Adjusted_Close":"27.6125","Volume":"22970300"},{"Date":"2001-06-29","Adjusted_Close":"27.3660","Volume":"53887000"},{"Date":"2001-06-22","Adjusted_Close":"28.6970","Volume":"43352500"},{"Date":"2001-06-15","Adjusted_Close":"28.5053","Volume":"26679750"},{"Date":"2001-06-08","Adjusted_Close":"27.9357","Volume":"22444000"},{"Date":"2001-06-01","Adjusted_Close":"26.8401","Volume":"17290200"},{"Date":"2001-05-25","Adjusted_Close":"26.6347","Volume":"19945600"},{"Date":"2001-05-18","Adjusted_Close":"27.6618","Volume":"23079100"},{"Date":"2001-05-11","Adjusted_Close":"26.5429","Volume":"20087600"},{"Date":"2001-05-04","Adjusted_Close":"26.6793","Volume":"20247000"},{"Date":"2001-04-27","Adjusted_Close":"26.0298","Volume":"20210800"},{"Date":"2001-04-20","Adjusted_Close":"25.1374","Volume":"22537000"},{"Date":"2001-04-12","Adjusted_Close":"24.8208","Volume":"26302000"},{"Date":"2001-04-06","Adjusted_Close":"24.6680","Volume":"31419100"},{"Date":"2001-03-30","Adjusted_Close":"23.8711","Volume":"76554200"},{"Date":"2001-03-23","Adjusted_Close":"24.0731","Volume":"24534300"},{"Date":"2001-03-16","Adjusted_Close":"25.1047","Volume":"21205900"},{"Date":"2001-03-09","Adjusted_Close":"26.3900","Volume":"16734000"},{"Date":"2001-03-02","Adjusted_Close":"27.0587","Volume":"16850700"},{"Date":"2001-02-23","Adjusted_Close":"26.0598","Volume":"11046900"},{"Date":"2001-02-16","Adjusted_Close":"25.7978","Volume":"19457900"},{"Date":"2001-02-09","Adjusted_Close":"25.8329","Volume":"13381100"},{"Date":"2001-02-02","Adjusted_Close":"25.8655","Volume":"15778800"},{"Date":"2001-01-26","Adjusted_Close":"25.0061","Volume":"20734800"},{"Date":"2001-01-19","Adjusted_Close":"25.6017","Volume":"15576700"},{"Date":"2001-01-12","Adjusted_Close":"25.7187","Volume":"17302100"},{"Date":"2001-01-05","Adjusted_Close":"26.6216","Volume":"21199800"},{"Date":"2000-12-29","Adjusted_Close":"28.5853","Volume":"10530800"},{"Date":"2000-12-22","Adjusted_Close":"27.6062","Volume":"18930200"},{"Date":"2000-12-15","Adjusted_Close":"26.8066","Volume":"19243500"},{"Date":"2000-12-08","Adjusted_Close":"26.2137","Volume":"16033000"},{"Date":"2000-12-01","Adjusted_Close":"26.5863","Volume":"24782200"},{"Date":"2000-11-24","Adjusted_Close":"25.8546","Volume":"10617200"},{"Date":"2000-11-17","Adjusted_Close":"25.8737","Volume":"12387000"},{"Date":"2000-11-10","Adjusted_Close":"25.6537","Volume":"14308600"},{"Date":"2000-11-03","Adjusted_Close":"24.9066","Volume":"18015100"},{"Date":"2000-10-27","Adjusted_Close":"25.1946","Volume":"14938200"},{"Date":"2000-10-20","Adjusted_Close":"24.9583","Volume":"19442800"},{"Date":"2000-10-13","Adjusted_Close":"26.0258","Volume":"17642000"},{"Date":"2000-10-06","Adjusted_Close":"25.0751","Volume":"13299900"},{"Date":"2000-09-29","Adjusted_Close":"25.5178","Volume":"12200500"},{"Date":"2000-09-22","Adjusted_Close":"26.0448","Volume":"14201800"},{"Date":"2000-09-15","Adjusted_Close":"25.8058","Volume":"11665300"},{"Date":"2000-09-08","Adjusted_Close":"25.6591","Volume":"8679700"},{"Date":"2000-09-01","Adjusted_Close":"25.1620","Volume":"10501300"},{"Date":"2000-08-25","Adjusted_Close":"25.9253","Volume":"8660700"},{"Date":"2000-08-18","Adjusted_Close":"26.1915","Volume":"9782700"},{"Date":"2000-08-11","Adjusted_Close":"26.4893","Volume":"12859200"},{"Date":"2000-08-04","Adjusted_Close":"26.1428","Volume":"13059400"},{"Date":"2000-07-28","Adjusted_Close":"25.3576","Volume":"15158100"},{"Date":"2000-07-21","Adjusted_Close":"24.9759","Volume":"18004800"},{"Date":"2000-07-14","Adjusted_Close":"24.8567","Volume":"18513900"},{"Date":"2000-07-07","Adjusted_Close":"27.0064","Volume":"12181300"},{"Date":"2000-06-30","Adjusted_Close":"27.5885","Volume":"32022700"},{"Date":"2000-06-23","Adjusted_Close":"24.2990","Volume":"10428500"},{"Date":"2000-06-16","Adjusted_Close":"24.2476","Volume":"14999000"},{"Date":"2000-06-09","Adjusted_Close":"23.3189","Volume":"10201000"},{"Date":"2000-06-02","Adjusted_Close":"22.7423","Volume":"11594400"},{"Date":"2000-05-26","Adjusted_Close":"23.8604","Volume":"13791700"},{"Date":"2000-05-19","Adjusted_Close":"24.0283","Volume":"13156300"},{"Date":"2000-05-12","Adjusted_Close":"23.0652","Volume":"17180600"},{"Date":"2000-05-05","Adjusted_Close":"22.6606","Volume":"11672700"},{"Date":"2000-04-28","Adjusted_Close":"22.2559","Volume":"14113600"},{"Date":"2000-04-20","Adjusted_Close":"22.0212","Volume":"20203100"},{"Date":"2000-04-14","Adjusted_Close":"19.7767","Volume":"20183100"},{"Date":"2000-04-07","Adjusted_Close":"19.9791","Volume":"30893900"},{"Date":"2000-03-31","Adjusted_Close":"18.9512","Volume":"37015400"},{"Date":"2000-03-24","Adjusted_Close":"19.4908","Volume":"36959700"},{"Date":"2000-03-17","Adjusted_Close":"21.4628","Volume":"27244100"},{"Date":"2000-03-10","Adjusted_Close":"19.1212","Volume":"27691100"},{"Date":"2000-03-03","Adjusted_Close":"19.8280","Volume":"22852900"},{"Date":"2000-02-25","Adjusted_Close":"19.4233","Volume":"23667400"},{"Date":"2000-02-18","Adjusted_Close":"20.8909","Volume":"20252100"},{"Date":"2000-02-11","Adjusted_Close":"20.8909","Volume":"22974000"},{"Date":"2000-02-04","Adjusted_Close":"22.0763","Volume":"19034600"},{"Date":"2000-01-28","Adjusted_Close":"22.7133","Volume":"29249500"},{"Date":"2000-01-21","Adjusted_Close":"24.1594","Volume":"11869400"},{"Date":"2000-01-14","Adjusted_Close":"25.1836","Volume":"13154400"},{"Date":"2000-01-07","Adjusted_Close":"25.9389","Volume":"17957200"},{"Date":"1999-12-31","Adjusted_Close":"25.0653","Volume":"7255400"},{"Date":"1999-12-23","Adjusted_Close":"25.6862","Volume":"11886100"},{"Date":"1999-12-17","Adjusted_Close":"25.5034","Volume":"19157100"},{"Date":"1999-12-10","Adjusted_Close":"25.3690","Volume":"21064900"},{"Date":"1999-12-03","Adjusted_Close":"26.1405","Volume":"15689000"},{"Date":"1999-11-26","Adjusted_Close":"27.7398","Volume":"6222500"},{"Date":"1999-11-19","Adjusted_Close":"28.2774","Volume":"10273400"},{"Date":"1999-11-12","Adjusted_Close":"27.9011","Volume":"9922400"}]